v8-version,15,6,67,0,0
v8-platform,linux,linux
new,CodeRange,0x557998440000,0
new,MemoryChunk,0x210a00000000,262144
new,MemoryChunk,0x210a00040000,262144
new,MemoryChunk,0x210a00080000,262144
new,MemoryChunk,0x210a000c0000,262144
new,MemoryChunk,0x210a00100000,262144
new,MemoryChunk,0x210a00140000,262144
new,MemoryChunk,0x210a00180000,262144
new,MemoryChunk,0x210a001c0000,262144
new,MemoryChunk,0x210a00200000,262144
heap-capacity,1048512
heap-available,4397727616
new,MemoryChunk,0x210a01000000,262144
new,MemoryChunk,0x29c801000000,262144
code-creation,Builtin,3,2539,0x557938447000,1016,DeoptimizationEntry_Eager
code-creation,Builtin,3,2570,0x557938447400,1020,DeoptimizationEntry_Lazy
code-creation,Builtin,3,2578,0x557938447800,84,DeoptimizationEntry_LazyAfterFastCall
code-creation,Builtin,3,2584,0x557938447880,3240,RecordWriteSaveFP
code-creation,Builtin,3,2587,0x557938448540,1696,RecordWriteIgnoreFP
code-creation,Builtin,3,2589,0x557938448c00,340,EphemeronKeyBarrierSaveFP
code-creation,Builtin,3,2591,0x557938448d80,120,EphemeronKeyBarrierIgnoreFP
code-creation,Builtin,3,2593,0x557938448e00,336,IndirectPointerBarrierSaveFP
code-creation,Builtin,3,2595,0x557938448f80,116,IndirectPointerBarrierIgnoreFP
code-creation,Builtin,3,2597,0x557938449000,24,AdaptorWithBuiltinExitFrame0
code-creation,Builtin,3,2599,0x557938449040,40,AdaptorWithBuiltinExitFrame1
code-creation,Builtin,3,2602,0x557938449080,40,AdaptorWithBuiltinExitFrame2
code-creation,Builtin,3,2614,0x5579384490c0,40,AdaptorWithBuiltinExitFrame3
code-creation,Builtin,3,2630,0x557938449100,40,AdaptorWithBuiltinExitFrame4
code-creation,Builtin,3,2639,0x557938449140,40,AdaptorWithBuiltinExitFrame5
code-creation,Builtin,3,2653,0x557938449180,292,CallFunction_ReceiverIsNullOrUndefined
code-creation,Builtin,3,2658,0x5579384492c0,332,CallFunction_ReceiverIsNotNullOrUndefined
code-creation,Builtin,3,2661,0x557938449440,364,CallFunction_ReceiverIsAny
code-creation,Builtin,3,2680,0x5579384495c0,104,CallBoundFunction
code-creation,Builtin,3,2686,0x557938449640,1052,CallWrappedFunction
code-creation,Builtin,3,2689,0x557938449a80,180,Call_ReceiverIsNullOrUndefined
code-creation,Builtin,3,2705,0x557938449b40,180,Call_ReceiverIsNotNullOrUndefined
code-creation,Builtin,3,2714,0x557938449c00,180,Call_ReceiverIsAny
code-creation,Builtin,3,2732,0x557938449cc0,908,Call_ReceiverIsNullOrUndefined_Baseline_Compact
code-creation,Builtin,3,2753,0x55793844a080,900,Call_ReceiverIsNullOrUndefined_Baseline
code-creation,Builtin,3,2774,0x55793844a440,1060,Call_ReceiverIsNotNullOrUndefined_Baseline_Compact
code-creation,Builtin,3,2795,0x55793844a880,988,Call_ReceiverIsNotNullOrUndefined_Baseline
code-creation,Builtin,3,2812,0x55793844ac80,1060,Call_ReceiverIsAny_Baseline_Compact
code-creation,Builtin,3,2821,0x55793844b0c0,988,Call_ReceiverIsAny_Baseline
code-creation,Builtin,3,2839,0x55793844b4c0,904,Call_ReceiverIsNullOrUndefined_WithFeedback
code-creation,Builtin,3,2860,0x55793844b880,904,Call_ReceiverIsNotNullOrUndefined_WithFeedback
code-creation,Builtin,3,2881,0x55793844bc40,904,Call_ReceiverIsAny_WithFeedback
code-creation,Builtin,3,2897,0x55793844c000,736,CallProxy
code-creation,Builtin,3,2902,0x55793844c300,132,CallVarargs
code-creation,Builtin,3,2907,0x55793844c3c0,1352,CallWithSpread
code-creation,Builtin,3,2911,0x55793844c940,2372,CallWithSpread_Baseline
code-creation,Builtin,3,2923,0x55793844d2c0,2256,CallWithSpread_WithFeedback
code-creation,Builtin,3,2940,0x55793844dbc0,1196,CallWithArrayLike
code-creation,Builtin,3,2944,0x55793844e080,2112,CallWithArrayLike_WithFeedback
code-creation,Builtin,3,2959,0x55793844e900,124,CallForwardVarargs
code-creation,Builtin,3,2965,0x55793844e980,124,CallFunctionForwardVarargs
code-creation,Builtin,3,2981,0x55793844ea00,476,CallFunctionTemplate_Generic
code-creation,Builtin,3,2987,0x55793844ec00,200,CallFunctionTemplate_CheckAccess
code-creation,Builtin,3,3001,0x55793844ed00,460,CallFunctionTemplate_CheckCompatibleReceiver
code-creation,Builtin,3,3020,0x55793844ef00,524,CallFunctionTemplate_CheckAccessAndCompatibleReceiver
code-creation,Builtin,3,3037,0x55793844f140,28,ConstructFunction
code-creation,Builtin,3,3064,0x55793844f180,104,ConstructBoundFunction
code-creation,Builtin,3,3069,0x55793844f200,28,ConstructedNonConstructable
code-creation,Builtin,3,3072,0x55793844f240,108,Construct
code-creation,Builtin,3,3082,0x55793844f2c0,132,ConstructVarargs
code-creation,Builtin,3,3086,0x55793844f380,1372,ConstructWithSpread
code-creation,Builtin,3,3097,0x55793844f900,2196,ConstructWithSpread_Baseline
code-creation,Builtin,3,3113,0x5579384501c0,2212,ConstructWithSpread_WithFeedback
code-creation,Builtin,3,3122,0x557938450a80,1332,ConstructWithArrayLike
code-creation,Builtin,3,3139,0x557938450fc0,164,ConstructForwardVarargs
code-creation,Builtin,3,3156,0x557938451080,80,ConstructForwardAllArgs
code-creation,Builtin,3,3176,0x557938451100,752,ConstructForwardAllArgs_Baseline
code-creation,Builtin,3,3184,0x557938451400,756,ConstructForwardAllArgs_WithFeedback
code-creation,Builtin,3,3202,0x557938451700,164,ConstructFunctionForwardVarargs
code-creation,Builtin,3,3242,0x5579384517c0,756,Construct_Baseline
code-creation,Builtin,3,3258,0x557938451ac0,792,Construct_WithFeedback
code-creation,Builtin,3,3262,0x557938451e00,428,JSConstructStubGeneric
code-creation,Builtin,3,3264,0x557938451fc0,324,JSBuiltinsConstructStub
code-creation,Builtin,3,3266,0x557938452140,996,FastNewObject
code-creation,Builtin,3,3268,0x557938452540,412,FastNewClosure
code-creation,Builtin,3,3270,0x557938452700,772,ConstructProxy
code-creation,Builtin,3,3271,0x557938452a40,240,JSEntry
code-creation,Builtin,3,3273,0x557938452b40,240,JSConstructEntry
code-creation,Builtin,3,3275,0x557938452c40,240,JSRunMicrotasksEntry
code-creation,Builtin,3,3276,0x557938452d40,100,JSEntryTrampoline
code-creation,Builtin,3,3278,0x557938452dc0,100,JSConstructEntryTrampoline
code-creation,Builtin,3,3280,0x557938452e40,328,ResumeGeneratorTrampoline
code-creation,Builtin,3,3288,0x557938452fc0,72,ResumeGeneratorTrampoline_WithCatch
code-creation,Builtin,3,3302,0x557938453040,1212,StringFromCodePointAt
code-creation,Builtin,3,3306,0x557938453500,1392,StringEqual
code-creation,Builtin,3,3317,0x557938453a80,1392,WasmJSStringEqual
code-creation,Builtin,3,3320,0x557938454000,648,StringGreaterThan
code-creation,Builtin,3,3323,0x5579384542c0,648,StringGreaterThanOrEqual
code-creation,Builtin,3,3333,0x557938454580,648,StringLessThan
code-creation,Builtin,3,3338,0x557938454840,648,StringLessThanOrEqual
code-creation,Builtin,3,3356,0x557938454b00,652,StringCompare
code-creation,Builtin,3,3375,0x557938454dc0,652,WasmStringCompare
code-creation,Builtin,3,3380,0x557938455080,3892,StringSubstring
code-creation,Builtin,3,3396,0x557938455fc0,112,OrderedHashTableHealIndex
code-creation,Builtin,3,3414,0x557938456040,692,InterpreterEntryTrampoline
code-creation,Builtin,3,3422,0x557938456300,700,InterpreterEntryTrampolineForProfiling
code-creation,Builtin,3,3433,0x5579384565c0,80,InterpreterForwardAllArgsThenConstruct
code-creation,Builtin,3,3438,0x557938456640,76,InterpreterPushArgsThenCall
code-creation,Builtin,3,3449,0x5579384566c0,84,InterpreterPushUndefinedAndArgsThenCall
code-creation,Builtin,3,3453,0x557938456740,84,InterpreterPushArgsThenCallWithFinalSpread
code-creation,Builtin,3,3468,0x5579384567c0,84,InterpreterPushArgsThenConstruct
code-creation,Builtin,3,3485,0x557938456840,704,InterpreterPushArgsThenFastConstructFunction
code-creation,Builtin,3,3506,0x557938456b40,84,InterpreterPushArgsThenConstructArrayFunction
code-creation,Builtin,3,3523,0x557938456bc0,88,InterpreterPushArgsThenConstructWithFinalSpread
code-creation,Builtin,3,3528,0x557938456c40,132,InterpreterEnterAtBytecode
code-creation,Builtin,3,3543,0x557938456d00,256,InterpreterEnterAtNextBytecode
code-creation,Builtin,3,3556,0x557938456e40,136,InterpreterOnStackReplacement
code-creation,Builtin,3,3561,0x557938456f00,192,BaselineOutOfLinePrologue
code-creation,Builtin,3,3573,0x557938457000,20,BaselineOutOfLinePrologueDeopt
code-creation,Builtin,3,3577,0x557938457040,136,BaselineOnStackReplacement
code-creation,Builtin,3,3596,0x557938457100,72,BaselineLeaveFrame
code-creation,Builtin,3,3602,0x557938457180,260,InterpreterOnStackReplacement_ToBaseline
code-creation,Builtin,3,3631,0x5579384572c0,32,MaglevFunctionEntryStackCheck_WithoutNewTarget
code-creation,Builtin,3,3652,0x557938457300,32,MaglevFunctionEntryStackCheck_WithNewTarget
code-creation,Builtin,3,3671,0x557938457340,4,MaglevOptimizeCodeOrTailCallOptimizedCodeSlot
code-creation,Builtin,3,3687,0x557938457380,992,CompileLazy
code-creation,Builtin,3,3691,0x557938457780,32,NotifyDeoptimized
code-creation,Builtin,3,3712,0x5579384577c0,164,StartMaglevOptimizeJob
code-creation,Builtin,3,3728,0x557938457880,164,OptimizeMaglevEager
code-creation,Builtin,3,3737,0x557938457940,164,StartTurbofanOptimizeJob
code-creation,Builtin,3,3752,0x557938457a00,164,OptimizeTurbofanEager
code-creation,Builtin,3,3757,0x557938457ac0,164,FunctionLogNextExecution
code-creation,Builtin,3,3775,0x557938457b80,164,MarkReoptimizeLazyDeoptimized
code-creation,Builtin,3,3795,0x557938457c40,164,MarkLazyDeoptimized
code-creation,Builtin,3,3804,0x557938457d00,164,MarkFlushed
code-creation,Builtin,3,3822,0x557938457dc0,44,ContinueToCodeStubBuiltin
code-creation,Builtin,3,3842,0x557938457e00,52,ContinueToCodeStubBuiltinWithResult
code-creation,Builtin,3,3861,0x557938457e40,44,ContinueToJavaScriptBuiltin
code-creation,Builtin,3,3877,0x557938457e80,52,ContinueToJavaScriptBuiltinWithResult
code-creation,Builtin,3,3881,0x557938457ec0,284,CallApiCallbackGeneric
code-creation,Builtin,3,3898,0x557938458000,216,CallApiCallbackOptimizedNoProfiling
code-creation,Builtin,3,3917,0x557938458100,236,CallApiCallbackOptimized
code-creation,Builtin,3,3933,0x557938458200,272,CallApiGetter
code-creation,Builtin,3,3937,0x557938458340,280,CallNamedInterceptorGetter
code-creation,Builtin,3,3954,0x557938458480,284,CallNamedInterceptorSetter
code-creation,Builtin,3,3972,0x5579384585c0,32,HandleApiCallOrConstruct
code-creation,Builtin,3,3977,0x557938458600,12,HandleApiConstruct
code-creation,Builtin,3,3979,0x557938458640,12,HandleApiCallAsFunctionDelegate
code-creation,Builtin,3,3981,0x557938458680,12,HandleApiCallAsConstructorDelegate
code-creation,Builtin,3,3988,0x5579384586c0,52,AllocateInYoungGeneration
code-creation,Builtin,3,3995,0x557938458700,52,AllocateInOldGeneration
code-creation,Builtin,3,4008,0x557938458740,52,WasmAllocateInYoungGeneration
code-creation,Builtin,3,4024,0x557938458780,52,WasmAllocateInOldGeneration
code-creation,Builtin,3,4028,0x5579384587c0,44,WasmAllocateInSharedHeap
code-creation,Builtin,3,4046,0x557938458800,132,NewHeapNumber
code-creation,Builtin,3,4066,0x5579384588c0,684,CopyFastSmiOrObjectElements
code-creation,Builtin,3,4087,0x557938458b80,756,GrowFastDoubleElements
code-creation,Builtin,3,4093,0x557938458e80,560,GrowFastSmiOrObjectElements
code-creation,Builtin,3,4110,0x5579384590c0,292,DebugBreakTrampoline
code-creation,Builtin,3,4115,0x557938459200,280,RestartFrameTrampoline
code-creation,Builtin,3,4132,0x557938459340,184,ToNumber
code-creation,Builtin,3,4152,0x557938459400,80,ToBigInt
code-creation,Builtin,3,4168,0x557938459480,272,ToNumber_Baseline
code-creation,Builtin,3,4173,0x5579384595c0,336,ToNumeric_Baseline
code-creation,Builtin,3,4175,0x557938459740,124,PlainPrimitiveToNumber
code-creation,Builtin,3,4191,0x5579384597c0,224,ToNumberConvertBigInt
code-creation,Builtin,3,4209,0x5579384598c0,60,ToBigIntConvertNumber
code-creation,Builtin,3,4233,0x557938459900,192,Typeof
code-creation,Builtin,3,4237,0x557938459a00,448,Typeof_Baseline
code-creation,Builtin,3,4239,0x557938459c00,104,BigIntToI64
code-creation,Builtin,3,4240,0x557938459c80,4,BigIntToI32Pair
code-creation,Builtin,3,4242,0x557938459cc0,208,I64ToBigInt
code-creation,Builtin,3,4244,0x557938459dc0,4,I32PairToBigInt
code-creation,Builtin,3,4246,0x557938459e00,152,ToBooleanLazyDeoptContinuation
code-creation,Builtin,3,4247,0x557938459ec0,344,MathCeilContinuation
code-creation,Builtin,3,4252,0x55793845a040,348,MathFloorContinuation
code-creation,Builtin,3,4257,0x55793845a1c0,396,MathRoundContinuation
code-creation,Builtin,3,4259,0x55793845a380,96,MathClz32Continuation
code-creation,Builtin,3,4260,0x55793845a400,3200,KeyedLoadIC_PolymorphicName
code-creation,Builtin,3,4266,0x55793845b0c0,30128,KeyedStoreIC_Megamorphic
code-creation,Builtin,3,4268,0x557938462680,19072,DefineKeyedOwnIC_Megamorphic
code-creation,Builtin,3,4269,0x557938467140,992,LoadGlobalIC_NoFeedback
code-creation,Builtin,3,4271,0x557938467540,88,LoadIC_FunctionPrototype
code-creation,Builtin,3,4273,0x5579384675c0,8,LoadIC_StringLength
code-creation,Builtin,3,4281,0x557938467600,16,LoadIC_StringWrapperLength
code-creation,Builtin,3,4287,0x557938467640,4464,LoadIC_NoFeedback
code-creation,Builtin,3,4289,0x5579384687c0,32,StoreGlobalIC_Slow
code-creation,Builtin,3,4290,0x557938468800,8812,StoreIC_NoFeedback
code-creation,Builtin,3,4292,0x55793846aa80,4780,DefineNamedOwnIC_NoFeedback
code-creation,Builtin,3,4294,0x55793846bd40,188,KeyedLoadIC_SloppyArguments
code-creation,Builtin,3,4301,0x55793846be00,68,LoadIndexedInterceptorIC
code-creation,Builtin,3,4307,0x55793846be80,320,KeyedStoreIC_SloppyArguments_InBounds
code-creation,Builtin,3,4310,0x55793846c000,320,KeyedStoreIC_SloppyArguments_NoTransitionGrowAndHandleCOW
code-creation,Builtin,3,4312,0x55793846c180,320,KeyedStoreIC_SloppyArguments_NoTransitionIgnoreTypedArrayOOB
code-creation,Builtin,3,4315,0x55793846c300,320,KeyedStoreIC_SloppyArguments_NoTransitionHandleCOW
code-creation,Builtin,3,4317,0x55793846c480,18448,StoreFastElementIC_InBounds
code-creation,Builtin,3,4319,0x557938470cc0,12224,StoreFastElementIC_NoTransitionGrowAndHandleCOW
code-creation,Builtin,3,4325,0x557938473cc0,18304,StoreFastElementIC_NoTransitionIgnoreTypedArrayOOB
code-creation,Builtin,3,4333,0x557938478480,7144,StoreFastElementIC_NoTransitionHandleCOW
code-creation,Builtin,3,4336,0x55793847a080,9988,ElementsTransitionAndStore_InBounds
code-creation,Builtin,3,4339,0x55793847c7c0,22576,ElementsTransitionAndStore_NoTransitionGrowAndHandleCOW
code-creation,Builtin,3,4341,0x557938482000,9988,ElementsTransitionAndStore_NoTransitionIgnoreTypedArrayOOB
code-creation,Builtin,3,4348,0x557938484740,13380,ElementsTransitionAndStore_NoTransitionHandleCOW
code-creation,Builtin,3,4355,0x557938487bc0,1216,KeyedHasIC_PolymorphicName
code-creation,Builtin,3,4358,0x5579384880c0,172,KeyedHasIC_SloppyArguments
code-creation,Builtin,3,4360,0x557938488180,68,HasIndexedInterceptorIC
code-creation,Builtin,3,4362,0x557938488200,200,EnqueueMicrotask
code-creation,Builtin,3,4363,0x557938488300,248,GlobalQueueMicrotask
code-creation,Builtin,3,4365,0x557938488400,8,RunMicrotasksTrampoline
code-creation,Builtin,3,4375,0x557938488440,3568,RunMicrotasks
code-creation,Builtin,3,4378,0x557938489240,3664,HasProperty
code-creation,Builtin,3,4380,0x55793848a0c0,1564,DeleteProperty
code-creation,Builtin,3,4382,0x55793848a700,2708,CopyDataProperties
code-creation,Builtin,3,4383,0x55793848b1c0,11500,SetDataProperties
code-creation,Builtin,3,4385,0x55793848dec0,300,ProxyGetPropertyFastPath
code-creation,Builtin,3,4392,0x55793848e000,3584,CopyDataPropertiesWithExcludedPropertiesOnStack
code-creation,Builtin,3,4399,0x55793848ee40,56,CopyDataPropertiesWithExcludedProperties
code-creation,Builtin,3,4401,0x55793848ee80,28,Abort
code-creation,Builtin,3,4403,0x55793848eec0,28,AbortCSADcheck
code-creation,Builtin,3,4404,0x55793848ef00,12,EmptyFunction
code-creation,Builtin,3,4406,0x55793848ef40,12,EmptyFunction1
code-creation,Builtin,3,4407,0x55793848ef80,12,Illegal
code-creation,Builtin,3,4409,0x55793848efc0,12,IllegalInvocationThrower
code-creation,Builtin,3,4410,0x55793848f000,12,StrictPoisonPillThrower
code-creation,Builtin,3,4412,0x55793848f040,12,UnsupportedThrower
code-creation,Builtin,3,4414,0x55793848f080,64,ReturnReceiver
code-creation,Builtin,3,4415,0x55793848f100,12,AbstractModuleSourceToStringTag
code-creation,Builtin,3,4417,0x55793848f140,20,ArrayConstructor
code-creation,Builtin,3,4419,0x55793848f180,360,ArrayConstructorImpl
code-creation,Builtin,3,4426,0x55793848f300,192,ArrayNoArgumentConstructor_PackedSmi_DontOverride
code-creation,Builtin,3,4433,0x55793848f400,192,ArrayNoArgumentConstructor_HoleySmi_DontOverride
code-creation,Builtin,3,4435,0x55793848f500,160,ArrayNoArgumentConstructor_PackedSmi_DisableAllocationSites
code-creation,Builtin,3,4446,0x55793848f5c0,160,ArrayNoArgumentConstructor_HoleySmi_DisableAllocationSites
code-creation,Builtin,3,4454,0x55793848f680,160,ArrayNoArgumentConstructor_Packed_DisableAllocationSites
code-creation,Builtin,3,4457,0x55793848f740,160,ArrayNoArgumentConstructor_Holey_DisableAllocationSites
code-creation,Builtin,3,4460,0x55793848f800,156,ArrayNoArgumentConstructor_PackedDouble_DisableAllocationSites
code-creation,Builtin,3,4463,0x55793848f8c0,156,ArrayNoArgumentConstructor_HoleyDouble_DisableAllocationSites
code-creation,Builtin,3,4465,0x55793848f980,888,ArraySingleArgumentConstructor_PackedSmi_DontOverride
code-creation,Builtin,3,4468,0x55793848fd00,848,ArraySingleArgumentConstructor_HoleySmi_DontOverride
code-creation,Builtin,3,4471,0x557938490080,848,ArraySingleArgumentConstructor_PackedSmi_DisableAllocationSites
code-creation,Builtin,3,4479,0x557938490400,744,ArraySingleArgumentConstructor_HoleySmi_DisableAllocationSites
code-creation,Builtin,3,4486,0x557938490700,848,ArraySingleArgumentConstructor_Packed_DisableAllocationSites
code-creation,Builtin,3,4489,0x557938490a80,744,ArraySingleArgumentConstructor_Holey_DisableAllocationSites
code-creation,Builtin,3,4492,0x557938490d80,868,ArraySingleArgumentConstructor_PackedDouble_DisableAllocationSites
code-creation,Builtin,3,4494,0x557938491100,828,ArraySingleArgumentConstructor_HoleyDouble_DisableAllocationSites
code-creation,Builtin,3,4497,0x557938491440,48,ArrayNArgumentsConstructor
code-creation,Builtin,3,4505,0x557938491480,12,ArrayConcat
code-creation,Builtin,3,4507,0x5579384914c0,12,ArrayPrototypeFill
code-creation,Builtin,3,4509,0x557938491500,2380,ArrayIncludesSmi
code-creation,Builtin,3,4514,0x557938491e80,2252,ArrayIncludesSmiOrObject
code-creation,Builtin,3,4516,0x557938492780,356,ArrayIncludesPackedDoubles
code-creation,Builtin,3,4518,0x557938492900,428,ArrayIncludesHoleyDoubles
code-creation,Builtin,3,4520,0x557938492ac0,636,ArrayIncludes
code-creation,Builtin,3,4521,0x557938492d40,2168,ArrayIndexOfSmi
code-creation,Builtin,3,4523,0x5579384935c0,2044,ArrayIndexOfSmiOrObject
code-creation,Builtin,3,4525,0x557938493dc0,232,ArrayIndexOfPackedDoubles
code-creation,Builtin,3,4532,0x557938493ec0,364,ArrayIndexOfHoleyDoubles
code-creation,Builtin,3,4538,0x557938494040,640,ArrayIndexOf
code-creation,Builtin,3,4540,0x557938494300,12,ArrayPop
code-creation,Builtin,3,4541,0x557938494340,616,ArrayPrototypePop
code-creation,Builtin,3,4543,0x5579384945c0,12,ArrayPush
code-creation,Builtin,3,4544,0x557938494600,4152,ArrayPrototypePush
code-creation,Builtin,3,4546,0x557938495640,12,ArrayShift
code-creation,Builtin,3,4547,0x557938495680,12,ArrayUnshift
code-creation,Builtin,3,4549,0x5579384956c0,1336,CloneFastJSArray
code-creation,Builtin,3,4554,0x557938495c00,3224,CloneFastJSArrayFillingHoles
code-creation,Builtin,3,4558,0x5579384968c0,1392,ExtractFastJSArray
code-creation,Builtin,3,4564,0x557938496e40,132,CreateArrayFromSlowBoilerplate
code-creation,Builtin,3,4566,0x557938496f00,132,CreateObjectFromSlowBoilerplate
code-creation,Builtin,3,4568,0x557938496fc0,2412,CreateArrayFromSlowBoilerplateHelper
code-creation,Builtin,3,4570,0x557938497940,3552,CreateObjectFromSlowBoilerplateHelper
code-creation,Builtin,3,4572,0x557938498740,240,ArrayPrototypeEntries
code-creation,Builtin,3,4574,0x557938498840,240,ArrayPrototypeKeys
code-creation,Builtin,3,4582,0x557938498940,240,ArrayPrototypeValues
code-creation,Builtin,3,4583,0x557938498a40,4680,ArrayIteratorPrototypeNext
code-creation,Builtin,3,4589,0x557938499cc0,12,ArrayBufferConstructor
code-creation,Builtin,3,4591,0x557938499d00,12,ArrayBufferConstructor_DoNotInitialize
code-creation,Builtin,3,4593,0x557938499d40,12,ArrayBufferPrototypeSlice
code-creation,Builtin,3,4595,0x557938499d80,12,ArrayBufferPrototypeResize
code-creation,Builtin,3,4597,0x557938499dc0,12,ArrayBufferPrototypeTransfer
code-creation,Builtin,3,4598,0x557938499e00,12,ArrayBufferPrototypeTransferToFixedLength
code-creation,Builtin,3,4601,0x557938499e40,12,ArrayBufferPrototypeTransferToImmutable
code-creation,Builtin,3,4616,0x557938499e80,12,ArrayBufferPrototypeSliceToImmutable
code-creation,Builtin,3,4620,0x557938499ec0,952,AsyncFunctionEnter
code-creation,Builtin,3,4622,0x55793849a280,40,AsyncFunctionReject
code-creation,Builtin,3,4623,0x55793849a2c0,36,AsyncFunctionResolve
code-creation,Builtin,3,4625,0x55793849a300,12,AsyncFunctionLazyDeoptContinuation
code-creation,Builtin,3,4632,0x55793849a340,2036,AsyncFunctionAwait
code-creation,Builtin,3,4638,0x55793849ab40,104,AsyncFunctionAwaitRejectClosure
code-creation,Builtin,3,4641,0x55793849abc0,104,AsyncFunctionAwaitResolveClosure
code-creation,Builtin,3,4643,0x55793849ac40,12,BigIntConstructor
code-creation,Builtin,3,4645,0x55793849ac80,12,BigIntAsUintN
code-creation,Builtin,3,4646,0x55793849acc0,12,BigIntAsIntN
code-creation,Builtin,3,4647,0x55793849ad00,12,BigIntPrototypeToLocaleString
code-creation,Builtin,3,4649,0x55793849ad40,12,BigIntPrototypeToString
code-creation,Builtin,3,4656,0x55793849ad80,12,BigIntPrototypeValueOf
code-creation,Builtin,3,4662,0x55793849adc0,12,CallSitePrototypeGetColumnNumber
code-creation,Builtin,3,4665,0x55793849ae00,12,CallSitePrototypeGetEnclosingColumnNumber
code-creation,Builtin,3,4667,0x55793849ae40,12,CallSitePrototypeGetEnclosingLineNumber
code-creation,Builtin,3,4669,0x55793849ae80,12,CallSitePrototypeGetEvalOrigin
code-creation,Builtin,3,4671,0x55793849aec0,12,CallSitePrototypeGetFileName
code-creation,Builtin,3,4679,0x55793849af00,12,CallSitePrototypeGetFunction
code-creation,Builtin,3,4685,0x55793849af40,12,CallSitePrototypeGetFunctionName
code-creation,Builtin,3,4687,0x55793849af80,12,CallSitePrototypeGetLineNumber
code-creation,Builtin,3,4689,0x55793849afc0,12,CallSitePrototypeGetMethodName
code-creation,Builtin,3,4691,0x55793849b000,12,CallSitePrototypeGetPosition
code-creation,Builtin,3,4693,0x55793849b040,12,CallSitePrototypeGetPromiseIndex
code-creation,Builtin,3,4700,0x55793849b080,12,CallSitePrototypeGetScriptHash
code-creation,Builtin,3,4706,0x55793849b0c0,12,CallSitePrototypeGetScriptNameOrSourceURL
code-creation,Builtin,3,4709,0x55793849b100,12,CallSitePrototypeGetThis
code-creation,Builtin,3,4710,0x55793849b140,12,CallSitePrototypeGetTypeName
code-creation,Builtin,3,4712,0x55793849b180,12,CallSitePrototypeIsAsync
code-creation,Builtin,3,4718,0x55793849b1c0,12,CallSitePrototypeIsConstructor
code-creation,Builtin,3,4725,0x55793849b200,12,CallSitePrototypeIsEval
code-creation,Builtin,3,4727,0x55793849b240,12,CallSitePrototypeIsNative
code-creation,Builtin,3,4729,0x55793849b280,12,CallSitePrototypeIsPromiseAll
code-creation,Builtin,3,4731,0x55793849b2c0,12,CallSitePrototypeIsToplevel
code-creation,Builtin,3,4733,0x55793849b300,12,CallSitePrototypeToString
code-creation,Builtin,3,4735,0x55793849b340,12,ConsoleDebug
code-creation,Builtin,3,4742,0x55793849b380,12,ConsoleError
code-creation,Builtin,3,4747,0x55793849b3c0,12,ConsoleInfo
code-creation,Builtin,3,4749,0x55793849b400,12,ConsoleLog
code-creation,Builtin,3,4751,0x55793849b440,12,ConsoleWarn
code-creation,Builtin,3,4752,0x55793849b480,12,ConsoleDir
code-creation,Builtin,3,4753,0x55793849b4c0,12,ConsoleDirXml
code-creation,Builtin,3,4755,0x55793849b500,12,ConsoleTable
code-creation,Builtin,3,4760,0x55793849b540,12,ConsoleTrace
code-creation,Builtin,3,4767,0x55793849b580,12,ConsoleGroup
code-creation,Builtin,3,4769,0x55793849b5c0,12,ConsoleGroupCollapsed
code-creation,Builtin,3,4771,0x55793849b600,12,ConsoleGroupEnd
code-creation,Builtin,3,4773,0x55793849b640,12,ConsoleClear
code-creation,Builtin,3,4774,0x55793849b680,12,ConsoleCount
code-creation,Builtin,3,4775,0x55793849b6c0,12,ConsoleCountReset
code-creation,Builtin,3,4777,0x55793849b700,12,ConsoleAssert
code-creation,Builtin,3,4787,0x55793849b740,12,ConsoleProfile
code-creation,Builtin,3,4790,0x55793849b780,12,ConsoleProfileEnd
code-creation,Builtin,3,4792,0x55793849b7c0,12,ConsoleTime
code-creation,Builtin,3,4793,0x55793849b800,12,ConsoleTimeLog
code-creation,Builtin,3,4794,0x55793849b840,12,ConsoleTimeEnd
code-creation,Builtin,3,4796,0x55793849b880,12,ConsoleTimeStamp
code-creation,Builtin,3,4797,0x55793849b8c0,12,ConsoleContext
code-creation,Builtin,3,4811,0x55793849b900,12,DataViewConstructor
code-creation,Builtin,3,4813,0x55793849b940,12,DateConstructor
code-creation,Builtin,3,4815,0x55793849b980,216,DatePrototypeGetDate
code-creation,Builtin,3,4816,0x55793849ba80,216,DatePrototypeGetDay
code-creation,Builtin,3,4818,0x55793849bb80,212,DatePrototypeGetFullYear
code-creation,Builtin,3,4820,0x55793849bc80,216,DatePrototypeGetHours
code-creation,Builtin,3,4821,0x55793849bd80,204,DatePrototypeGetMilliseconds
code-creation,Builtin,3,4823,0x55793849be80,216,DatePrototypeGetMinutes
code-creation,Builtin,3,4833,0x55793849bf80,216,DatePrototypeGetMonth
code-creation,Builtin,3,4837,0x55793849c080,216,DatePrototypeGetSeconds
code-creation,Builtin,3,4838,0x55793849c180,256,DatePrototypeGetTime
code-creation,Builtin,3,4840,0x55793849c2c0,204,DatePrototypeGetTimezoneOffset
code-creation,Builtin,3,4842,0x55793849c3c0,204,DatePrototypeGetUTCDate
code-creation,Builtin,3,4844,0x55793849c4c0,204,DatePrototypeGetUTCDay
code-creation,Builtin,3,4851,0x55793849c5c0,204,DatePrototypeGetUTCFullYear
code-creation,Builtin,3,4857,0x55793849c6c0,204,DatePrototypeGetUTCHours
code-creation,Builtin,3,4859,0x55793849c7c0,204,DatePrototypeGetUTCMilliseconds
code-creation,Builtin,3,4861,0x55793849c8c0,204,DatePrototypeGetUTCMinutes
code-creation,Builtin,3,4863,0x55793849c9c0,204,DatePrototypeGetUTCMonth
code-creation,Builtin,3,4864,0x55793849cac0,204,DatePrototypeGetUTCSeconds
code-creation,Builtin,3,4875,0x55793849cbc0,256,DatePrototypeValueOf
code-creation,Builtin,3,4878,0x55793849cd00,440,DatePrototypeToPrimitive
code-creation,Builtin,3,4880,0x55793849cec0,12,DatePrototypeGetYear
code-creation,Builtin,3,4882,0x55793849cf00,12,DatePrototypeSetYear
code-creation,Builtin,3,4883,0x55793849cf40,12,DateNow
code-creation,Builtin,3,4888,0x55793849cf80,12,DateParse
code-creation,Builtin,3,4895,0x55793849cfc0,12,DatePrototypeSetDate
code-creation,Builtin,3,4898,0x55793849d000,12,DatePrototypeSetFullYear
code-creation,Builtin,3,4899,0x55793849d040,12,DatePrototypeSetHours
code-creation,Builtin,3,4901,0x55793849d080,12,DatePrototypeSetMilliseconds
code-creation,Builtin,3,4903,0x55793849d0c0,12,DatePrototypeSetMinutes
code-creation,Builtin,3,4908,0x55793849d100,12,DatePrototypeSetMonth
code-creation,Builtin,3,4915,0x55793849d140,12,DatePrototypeSetSeconds
code-creation,Builtin,3,4918,0x55793849d180,12,DatePrototypeSetTime
code-creation,Builtin,3,4919,0x55793849d1c0,12,DatePrototypeSetUTCDate
code-creation,Builtin,3,4921,0x55793849d200,12,DatePrototypeSetUTCFullYear
code-creation,Builtin,3,4923,0x55793849d240,12,DatePrototypeSetUTCHours
code-creation,Builtin,3,4925,0x55793849d280,12,DatePrototypeSetUTCMilliseconds
code-creation,Builtin,3,4927,0x55793849d2c0,12,DatePrototypeSetUTCMinutes
code-creation,Builtin,3,4928,0x55793849d300,12,DatePrototypeSetUTCMonth
code-creation,Builtin,3,4930,0x55793849d340,12,DatePrototypeSetUTCSeconds
code-creation,Builtin,3,4940,0x55793849d380,12,DatePrototypeToDateString
code-creation,Builtin,3,4944,0x55793849d3c0,12,DatePrototypeToISOString
code-creation,Builtin,3,4946,0x55793849d400,12,DatePrototypeToUTCString
code-creation,Builtin,3,4947,0x55793849d440,12,DatePrototypeToString
code-creation,Builtin,3,4949,0x55793849d480,12,DatePrototypeToTimeString
code-creation,Builtin,3,4951,0x55793849d4c0,12,DatePrototypeToJson
code-creation,Builtin,3,4958,0x55793849d500,12,DateUTC
code-creation,Builtin,3,4964,0x55793849d540,12,DisposableStackConstructor
code-creation,Builtin,3,4966,0x55793849d580,12,DisposableStackPrototypeUse
code-creation,Builtin,3,4967,0x55793849d5c0,12,DisposableStackPrototypeDispose
code-creation,Builtin,3,4969,0x55793849d600,12,DisposableStackPrototypeGetDisposed
code-creation,Builtin,3,4977,0x55793849d640,12,DisposableStackPrototypeAdopt
code-creation,Builtin,3,4983,0x55793849d680,12,DisposableStackPrototypeDefer
code-creation,Builtin,3,4985,0x55793849d6c0,12,DisposableStackPrototypeMove
code-creation,Builtin,3,4987,0x55793849d700,12,AsyncDisposableStackOnFulfilled
code-creation,Builtin,3,4989,0x55793849d740,12,AsyncDisposableStackOnRejected
code-creation,Builtin,3,4999,0x55793849d780,12,AsyncDisposeFromSyncDispose
code-creation,Builtin,3,5005,0x55793849d7c0,12,AsyncDisposableStackConstructor
code-creation,Builtin,3,5008,0x55793849d800,12,AsyncDisposableStackPrototypeUse
code-creation,Builtin,3,5010,0x55793849d840,12,AsyncDisposableStackPrototypeDisposeAsync
code-creation,Builtin,3,5012,0x55793849d880,12,AsyncDisposableStackPrototypeGetDisposed
code-creation,Builtin,3,5014,0x55793849d8c0,12,AsyncDisposableStackPrototypeAdopt
code-creation,Builtin,3,5016,0x55793849d900,12,AsyncDisposableStackPrototypeDefer
code-creation,Builtin,3,5018,0x55793849d940,12,AsyncDisposableStackPrototypeMove
code-creation,Builtin,3,5020,0x55793849d980,12,ErrorConstructor
code-creation,Builtin,3,5021,0x55793849d9c0,12,ErrorCaptureStackTrace
code-creation,Builtin,3,5023,0x55793849da00,12,ErrorPrototypeToString
code-creation,Builtin,3,5025,0x55793849da40,12,ErrorIsError
code-creation,Builtin,3,5026,0x55793849da80,12,FunctionConstructor
code-creation,Builtin,3,5028,0x55793849dac0,248,FunctionPrototypeApply
code-creation,Builtin,3,5030,0x55793849dbc0,12,FunctionPrototypeBind
code-creation,Builtin,3,5031,0x55793849dc00,260,WasmConstructorWrapper
code-creation,Builtin,3,5033,0x55793849dd40,112,WasmMethodWrapper
code-creation,Builtin,3,5035,0x55793849ddc0,216,FunctionPrototypeCall
code-creation,Builtin,3,5036,0x55793849dec0,12,FunctionPrototypeToString
code-creation,Builtin,3,5038,0x55793849df00,12,FunctionPrototypeLegacyArgumentsGetter
code-creation,Builtin,3,5046,0x55793849df40,12,FunctionPrototypeLegacyArgumentsSetter
code-creation,Builtin,3,5048,0x55793849df80,12,FunctionPrototypeLegacyCallerGetter
code-creation,Builtin,3,5050,0x55793849dfc0,12,FunctionPrototypeLegacyCallerSetter
code-creation,Builtin,3,5052,0x55793849e000,340,CreateIterResultObject
code-creation,Builtin,3,5054,0x55793849e180,1328,CreateGeneratorObject
code-creation,Builtin,3,5056,0x55793849e6c0,12,GeneratorFunctionConstructor
code-creation,Builtin,3,5066,0x55793849e700,356,GeneratorPrototypeNext
code-creation,Builtin,3,5070,0x55793849e880,352,GeneratorPrototypeReturn
code-creation,Builtin,3,5071,0x55793849ea00,360,GeneratorPrototypeThrow
code-creation,Builtin,3,5073,0x55793849eb80,12,AsyncFunctionConstructor
code-creation,Builtin,3,5075,0x55793849ebc0,464,SuspendGeneratorBaseline
code-creation,Builtin,3,5077,0x55793849edc0,116,ResumeGeneratorBaseline
code-creation,Builtin,3,5084,0x55793849ee40,36,GetIteratorWithFeedbackLazyDeoptContinuation
code-creation,Builtin,3,5091,0x55793849ee80,76,CallIteratorWithFeedbackLazyDeoptContinuation
code-creation,Builtin,3,5094,0x55793849ef00,340,ForOfNextResultDeoptContinuation
code-creation,Builtin,3,5096,0x55793849f080,268,ForOfNextLoadDoneLazyDeoptContinuation
code-creation,Builtin,3,5098,0x55793849f1c0,32,ForOfNextLoadValueEagerDeoptContinuation
code-creation,Builtin,3,5109,0x55793849f200,12,ForOfNextLoadValueLazyDeoptContinuation
code-creation,Builtin,3,5112,0x55793849f240,12,GlobalDecodeURI
code-creation,Builtin,3,5114,0x55793849f280,12,GlobalDecodeURIComponent
code-creation,Builtin,3,5116,0x55793849f2c0,12,GlobalEncodeURI
code-creation,Builtin,3,5117,0x55793849f300,12,GlobalEncodeURIComponent
code-creation,Builtin,3,5119,0x55793849f340,12,GlobalEscape
code-creation,Builtin,3,5120,0x55793849f380,12,GlobalUnescape
code-creation,Builtin,3,5127,0x55793849f3c0,12,GlobalEval
code-creation,Builtin,3,5129,0x55793849f400,176,GlobalIsFinite
code-creation,Builtin,3,5135,0x55793849f4c0,168,GlobalIsNaN
code-creation,Builtin,3,5137,0x55793849f580,12,JsonParse
code-creation,Builtin,3,5138,0x55793849f5c0,12,JsonStringify
code-creation,Builtin,3,5139,0x55793849f600,12,JsonRawJson
code-creation,Builtin,3,5141,0x55793849f640,12,JsonIsRawJson
code-creation,Builtin,3,5142,0x55793849f680,4420,LoadIC
code-creation,Builtin,3,5144,0x5579384a0800,3436,LoadIC_Megamorphic
code-creation,Builtin,3,5149,0x5579384a1580,4028,LoadIC_Noninlined
code-creation,Builtin,3,5153,0x5579384a2540,44,LoadICTrampoline
code-creation,Builtin,3,5155,0x5579384a2580,88,LoadICUninitializedBaseline
code-creation,Builtin,3,5163,0x5579384a2600,120,LoadICInObjectNonDoubleFieldBaseline
code-creation,Builtin,3,5166,0x5579384a2680,96,LoadICInObjectNonDoubleField0Baseline
code-creation,Builtin,3,5168,0x5579384a2700,96,LoadICInObjectNonDoubleField1Baseline
code-creation,Builtin,3,5170,0x5579384a2780,96,LoadICInObjectNonDoubleField2Baseline
code-creation,Builtin,3,5178,0x5579384a2800,96,LoadICInObjectNonDoubleField3Baseline
code-creation,Builtin,3,5181,0x5579384a2880,96,LoadICInObjectNonDoubleField4Baseline
code-creation,Builtin,3,5186,0x5579384a2900,96,LoadICInObjectNonDoubleField5Baseline
code-creation,Builtin,3,5189,0x5579384a2980,96,LoadICInObjectNonDoubleField6Baseline
code-creation,Builtin,3,5191,0x5579384a2a00,96,LoadICInObjectNonDoubleField7Baseline
code-creation,Builtin,3,5193,0x5579384a2a80,124,LoadICOutOfObjectNonDoubleFieldBaseline
code-creation,Builtin,3,5195,0x5579384a2b00,100,LoadICOutOfObjectNonDoubleField0Baseline
code-creation,Builtin,3,5197,0x5579384a2b80,100,LoadICOutOfObjectNonDoubleField1Baseline
code-creation,Builtin,3,5206,0x5579384a2c00,100,LoadICOutOfObjectNonDoubleField2Baseline
code-creation,Builtin,3,5227,0x5579384a2c80,100,LoadICOutOfObjectNonDoubleField3Baseline
code-creation,Builtin,3,5237,0x5579384a2d00,260,LoadICDoubleFieldBaseline
code-creation,Builtin,3,5240,0x5579384a2e40,164,LoadICConstantFromPrototypeBaseline
code-creation,Builtin,3,5242,0x5579384a2f00,196,LoadICConstantFromStringPrototypeBaseline
code-creation,Builtin,3,5245,0x5579384a3000,108,LoadICStringLengthBaseline
code-creation,Builtin,3,5251,0x5579384a3080,4460,LoadICGenericBaseline
code-creation,Builtin,3,5256,0x5579384a4200,44,LoadICTrampoline_Megamorphic
code-creation,Builtin,3,5262,0x5579384a4240,9844,LoadSuperIC
code-creation,Builtin,3,5264,0x5579384a68c0,20,LoadSuperICBaseline
code-creation,Builtin,3,5265,0x5579384a6900,8580,KeyedLoadIC
code-creation,Builtin,3,5267,0x5579384a8ac0,9036,EnumeratedKeyedLoadIC
code-creation,Builtin,3,5269,0x5579384aae40,16796,KeyedLoadIC_Megamorphic
code-creation,Builtin,3,5271,0x5579384af000,44,KeyedLoadICTrampoline
code-creation,Builtin,3,5272,0x5579384af040,20,KeyedLoadICBaseline
code-creation,Builtin,3,5274,0x5579384af080,28,EnumeratedKeyedLoadICBaseline
code-creation,Builtin,3,5276,0x5579384af0c0,44,KeyedLoadICTrampoline_Megamorphic
code-creation,Builtin,3,5284,0x5579384af100,9152,StoreGlobalIC
code-creation,Builtin,3,5290,0x5579384b1500,44,StoreGlobalICTrampoline
code-creation,Builtin,3,5292,0x5579384b1540,20,StoreGlobalICBaseline
code-creation,Builtin,3,5293,0x5579384b1580,7088,StoreIC
code-creation,Builtin,3,5295,0x5579384b3140,6944,StoreIC_Megamorphic
code-creation,Builtin,3,5296,0x5579384b4c80,48,StoreICTrampoline
code-creation,Builtin,3,5302,0x5579384b4cc0,48,StoreICTrampoline_Megamorphic
code-creation,Builtin,3,5309,0x5579384b4d00,20,StoreICBaseline
code-creation,Builtin,3,5311,0x5579384b4d40,6972,DefineNamedOwnIC
code-creation,Builtin,3,5313,0x5579384b6880,48,DefineNamedOwnICTrampoline
code-creation,Builtin,3,5315,0x5579384b68c0,20,DefineNamedOwnICBaseline
code-creation,Builtin,3,5317,0x5579384b6900,15748,KeyedStoreIC
code-creation,Builtin,3,5318,0x5579384ba6c0,48,KeyedStoreICTrampoline
code-creation,Builtin,3,5325,0x5579384ba700,48,KeyedStoreICTrampoline_Megamorphic
code-creation,Builtin,3,5332,0x5579384ba740,20,KeyedStoreICBaseline
code-creation,Builtin,3,5334,0x5579384ba780,15076,DefineKeyedOwnIC
code-creation,Builtin,3,5336,0x5579384be280,52,DefineKeyedOwnICTrampoline
code-creation,Builtin,3,5338,0x5579384be2c0,28,DefineKeyedOwnICBaseline
code-creation,Builtin,3,5339,0x5579384be300,484,StoreInArrayLiteralIC
code-creation,Builtin,3,5345,0x5579384be500,20,StoreInArrayLiteralICBaseline
code-creation,Builtin,3,5353,0x5579384be540,180,LookupContextNoCellTrampoline
code-creation,Builtin,3,5355,0x5579384be600,428,LookupContextTrampoline
code-creation,Builtin,3,5357,0x5579384be7c0,180,LookupContextNoCellBaseline
code-creation,Builtin,3,5359,0x5579384be880,428,LookupScriptContextBaseline
code-creation,Builtin,3,5361,0x5579384bea40,180,LookupContextNoCellInsideTypeofTrampoline
code-creation,Builtin,3,5368,0x5579384beb00,428,LookupContextInsideTypeofTrampoline
code-creation,Builtin,3,5378,0x5579384becc0,180,LookupContextNoCellInsideTypeofBaseline
code-creation,Builtin,3,5380,0x5579384bed80,428,LookupContextInsideTypeofBaseline
code-creation,Builtin,3,5382,0x5579384bef40,2672,LoadGlobalIC
code-creation,Builtin,3,5390,0x5579384bf9c0,2608,LoadGlobalICInsideTypeof
code-creation,Builtin,3,5396,0x5579384c0400,44,LoadGlobalICTrampoline
code-creation,Builtin,3,5398,0x5579384c0440,20,LoadGlobalICBaseline
code-creation,Builtin,3,5400,0x5579384c0480,44,LoadGlobalICInsideTypeofTrampoline
code-creation,Builtin,3,5402,0x5579384c04c0,20,LoadGlobalICInsideTypeofBaseline
code-creation,Builtin,3,5404,0x5579384c0500,172,LookupGlobalIC
code-creation,Builtin,3,5405,0x5579384c05c0,204,LookupGlobalICTrampoline
code-creation,Builtin,3,5416,0x5579384c06c0,172,LookupGlobalICBaseline
code-creation,Builtin,3,5419,0x5579384c0780,172,LookupGlobalICInsideTypeof
code-creation,Builtin,3,5421,0x5579384c0840,204,LookupGlobalICInsideTypeofTrampoline
code-creation,Builtin,3,5423,0x5579384c0940,172,LookupGlobalICInsideTypeofBaseline
code-creation,Builtin,3,5425,0x5579384c0a00,3820,CloneObjectIC
code-creation,Builtin,3,5427,0x5579384c1900,20,CloneObjectICBaseline
code-creation,Builtin,3,5428,0x5579384c1940,3008,CloneObjectIC_Slow
code-creation,Builtin,3,5430,0x5579384c2540,3540,KeyedHasIC
code-creation,Builtin,3,5440,0x5579384c3340,20,KeyedHasICBaseline
code-creation,Builtin,3,5443,0x5579384c3380,3672,KeyedHasIC_Megamorphic
code-creation,Builtin,3,5445,0x5579384c4200,2468,AddLhsIsStringConstantInternalizeWithVector
code-creation,Builtin,3,5447,0x5579384c4bc0,2660,AddLhsIsStringConstantInternalizeTrampoline
code-creation,Builtin,3,5449,0x5579384c5640,2468,AddRhsIsStringConstantInternalizeWithVector
code-creation,Builtin,3,5452,0x5579384c6000,2660,AddRhsIsStringConstantInternalizeTrampoline
code-creation,Builtin,3,5454,0x5579384c6a80,2104,IterableToList
code-creation,Builtin,3,5455,0x5579384c72c0,1820,IterableToFixedArray
code-creation,Builtin,3,5465,0x5579384c7a00,808,IterableToListWithSymbolLookup
code-creation,Builtin,3,5469,0x5579384c7d40,56,IterableToFixedArrayWithSymbolLookupSlow
code-creation,Builtin,3,5471,0x5579384c7d80,108,IterableToListMayPreserveHoles
code-creation,Builtin,3,5473,0x5579384c7e00,108,IterableToListConvertHoles
code-creation,Builtin,3,5475,0x5579384c7e80,1392,IterableToFixedArrayForWasm
code-creation,Builtin,3,5477,0x5579384c8400,1920,StringListFromIterable
code-creation,Builtin,3,5479,0x5579384c8bc0,1464,FindOrderedHashMapEntry
code-creation,Builtin,3,5484,0x5579384c9180,5012,MapConstructor
code-creation,Builtin,3,5488,0x5579384ca540,2072,MapPrototypeSet
code-creation,Builtin,3,5494,0x5579384cad80,1684,MapPrototypeDelete
code-creation,Builtin,3,5495,0x5579384cb440,200,MapPrototypeGet
code-creation,Builtin,3,5497,0x5579384cb540,164,MapPrototypeHas
code-creation,Builtin,3,5498,0x5579384cb600,12,MapPrototypeClear
code-creation,Builtin,3,5500,0x5579384cb640,2004,MapPrototypeGetOrInsert
code-creation,Builtin,3,5502,0x5579384cbe40,2328,MapPrototypeGetOrInsertComputed
code-creation,Builtin,3,5508,0x5579384cc780,276,MapPrototypeEntries
code-creation,Builtin,3,5512,0x5579384cc8c0,144,MapPrototypeGetSize
code-creation,Builtin,3,5516,0x5579384cc980,560,MapPrototypeForEach
code-creation,Builtin,3,5519,0x5579384ccbc0,276,MapPrototypeKeys
code-creation,Builtin,3,5521,0x5579384ccd00,276,MapPrototypeValues
code-creation,Builtin,3,5522,0x5579384cce40,888,MapIteratorPrototypeNext
code-creation,Builtin,3,5524,0x5579384cd1c0,1360,MapIteratorToList
code-creation,Builtin,3,5526,0x5579384cd740,12,NumberPrototypeToExponential
code-creation,Builtin,3,5528,0x5579384cd780,12,NumberPrototypeToFixed
code-creation,Builtin,3,5529,0x5579384cd7c0,12,NumberPrototypeToLocaleString
code-creation,Builtin,3,5531,0x5579384cd800,12,NumberPrototypeToPrecision
code-creation,Builtin,3,5533,0x5579384cd840,12,MathSumPrecise
code-creation,Builtin,3,5534,0x5579384cd880,376,SameValue
code-creation,Builtin,3,5536,0x5579384cda00,208,SameValueNumbersOnly
code-creation,Builtin,3,5544,0x5579384cdb00,1976,Add_Generic_Baseline
code-creation,Builtin,3,5553,0x5579384ce2c0,12,Add_None_Baseline
code-creation,Builtin,3,5555,0x5579384ce300,40,Add_SignedSmall_Baseline
code-creation,Builtin,3,5556,0x5579384ce340,232,Add_Number_Baseline
code-creation,Builtin,3,5558,0x5579384ce440,64,Add_String_Baseline
code-creation,Builtin,3,5560,0x5579384ce4c0,1972,AddAndTryPatchCode
code-creation,Builtin,3,5561,0x5579384cec80,1352,Subtract_Generic_Baseline
code-creation,Builtin,3,5569,0x5579384cf200,12,Subtract_None_Baseline
code-creation,Builtin,3,5576,0x5579384cf240,40,Subtract_SignedSmall_Baseline
code-creation,Builtin,3,5578,0x5579384cf280,232,Subtract_Number_Baseline
code-creation,Builtin,3,5579,0x5579384cf380,1556,SubtractAndTryPatchCode
code-creation,Builtin,3,5581,0x5579384cf9c0,1560,Multiply_Generic_Baseline
code-creation,Builtin,3,5583,0x5579384d0000,12,Multiply_None_Baseline
code-creation,Builtin,3,5584,0x5579384d0040,348,Multiply_SignedSmall_Baseline
code-creation,Builtin,3,5592,0x5579384d01c0,264,Multiply_Number_Baseline
code-creation,Builtin,3,5598,0x5579384d0300,1736,MultiplyAndTryPatchCode
code-creation,Builtin,3,5600,0x5579384d0a00,1544,Divide_Generic_Baseline
code-creation,Builtin,3,5602,0x5579384d1040,12,Divide_None_Baseline
code-creation,Builtin,3,5609,0x5579384d1080,404,Divide_SignedSmall_Baseline
code-creation,Builtin,3,5616,0x5579384d1240,308,Divide_Number_Baseline
code-creation,Builtin,3,5618,0x5579384d1380,1744,DivideAndTryPatchCode
code-creation,Builtin,3,5623,0x5579384d1a80,1584,Modulus_Generic_Baseline
code-creation,Builtin,3,5625,0x5579384d20c0,12,Modulus_None_Baseline
code-creation,Builtin,3,5627,0x5579384d2100,408,Modulus_SignedSmall_Baseline
code-creation,Builtin,3,5629,0x5579384d22c0,428,Modulus_Number_Baseline
code-creation,Builtin,3,5631,0x5579384d2480,1764,ModulusAndTryPatchCode
code-creation,Builtin,3,5632,0x5579384d2b80,852,Exponentiate_Generic_Baseline
code-creation,Builtin,3,5634,0x5579384d2f00,12,Exponentiate_None_Baseline
code-creation,Builtin,3,5639,0x5579384d2f40,792,Exponentiate_Number_Baseline
code-creation,Builtin,3,5644,0x5579384d3280,1148,ExponentiateAndTryPatchCode
code-creation,Builtin,3,5646,0x5579384d3700,1924,BitwiseAnd_Generic_Baseline
code-creation,Builtin,3,5651,0x5579384d3ec0,12,BitwiseAnd_None_Baseline
code-creation,Builtin,3,5654,0x5579384d3f00,36,BitwiseAnd_SignedSmall_Baseline
code-creation,Builtin,3,5656,0x5579384d3f40,2044,BitwiseAndAndTryPatchCode
code-creation,Builtin,3,5657,0x5579384d4740,1924,BitwiseOr_Generic_Baseline
code-creation,Builtin,3,5659,0x5579384d4f00,12,BitwiseOr_None_Baseline
code-creation,Builtin,3,5661,0x5579384d4f40,36,BitwiseOr_SignedSmall_Baseline
code-creation,Builtin,3,5663,0x5579384d4f80,2044,BitwiseOrAndTryPatchCode
code-creation,Builtin,3,5664,0x5579384d5780,1924,BitwiseXor_Generic_Baseline
code-creation,Builtin,3,5666,0x5579384d5f40,12,BitwiseXor_None_Baseline
code-creation,Builtin,3,5668,0x5579384d5f80,36,BitwiseXor_SignedSmall_Baseline
code-creation,Builtin,3,5670,0x5579384d5fc0,2044,BitwiseXorAndTryPatchCode
code-creation,Builtin,3,5672,0x5579384d67c0,1440,ShiftLeft_Generic_Baseline
code-creation,Builtin,3,5680,0x5579384d6d80,12,ShiftLeft_None_Baseline
code-creation,Builtin,3,5686,0x5579384d6dc0,352,ShiftLeft_SignedSmall_Baseline
code-creation,Builtin,3,5687,0x5579384d6f40,1544,ShiftLeftAndTryPatchCode
code-creation,Builtin,3,5689,0x5579384d7580,1440,ShiftRight_Generic_Baseline
code-creation,Builtin,3,5691,0x5579384d7b40,12,ShiftRight_None_Baseline
code-creation,Builtin,3,5693,0x5579384d7b80,44,ShiftRight_SignedSmall_Baseline
code-creation,Builtin,3,5695,0x5579384d7bc0,1544,ShiftRightAndTryPatchCode
code-creation,Builtin,3,5702,0x5579384d8200,1388,ShiftRightLogical_Generic_Baseline
code-creation,Builtin,3,5709,0x5579384d8780,12,ShiftRightLogical_None_Baseline
code-creation,Builtin,3,5711,0x5579384d87c0,356,ShiftRightLogical_SignedSmall_Baseline
code-creation,Builtin,3,5713,0x5579384d8940,1404,ShiftRightLogicalAndTryPatchCode
code-creation,Builtin,3,5715,0x5579384d8ec0,1488,AddSmi_Generic_Baseline
code-creation,Builtin,3,5717,0x5579384d94c0,1088,SubtractSmi_Generic_Baseline
code-creation,Builtin,3,5734,0x5579384d9940,1296,MultiplySmi_Generic_Baseline
code-creation,Builtin,3,5737,0x5579384d9e80,1308,DivideSmi_Generic_Baseline
code-creation,Builtin,3,5738,0x5579384da3c0,1300,ModulusSmi_Generic_Baseline
code-creation,Builtin,3,5740,0x5579384da900,744,ExponentiateSmi_Generic_Baseline
code-creation,Builtin,3,5747,0x5579384dac00,612,BitwiseAndSmi_Generic_Baseline
code-creation,Builtin,3,5754,0x5579384dae80,612,BitwiseOrSmi_Generic_Baseline
code-creation,Builtin,3,5757,0x5579384db100,612,BitwiseXorSmi_Generic_Baseline
code-creation,Builtin,3,5758,0x5579384db380,760,ShiftLeftSmi_Generic_Baseline
code-creation,Builtin,3,5760,0x5579384db680,636,ShiftRightSmi_Generic_Baseline
code-creation,Builtin,3,5762,0x5579384db900,772,ShiftRightLogicalSmi_Generic_Baseline
code-creation,Builtin,3,5769,0x5579384dbc40,1952,Add_WithFeedback
code-creation,Builtin,3,5776,0x5579384dc400,1328,Subtract_WithFeedback
code-creation,Builtin,3,5778,0x5579384dc940,1500,Multiply_WithFeedback
code-creation,Builtin,3,5780,0x5579384dcf40,1508,Divide_WithFeedback
code-creation,Builtin,3,5781,0x5579384dd540,1548,Modulus_WithFeedback
code-creation,Builtin,3,5783,0x5579384ddb80,808,Exponentiate_WithFeedback
code-creation,Builtin,3,5785,0x5579384ddec0,1792,BitwiseAnd_WithFeedback
code-creation,Builtin,3,5792,0x5579384de600,1792,BitwiseOr_WithFeedback
code-creation,Builtin,3,5794,0x5579384ded40,1792,BitwiseXor_WithFeedback
code-creation,Builtin,3,5799,0x5579384df480,1320,ShiftLeft_WithFeedback
code-creation,Builtin,3,5802,0x5579384df9c0,1320,ShiftRight_WithFeedback
code-creation,Builtin,3,5803,0x5579384dff00,1268,ShiftRightLogical_WithFeedback
code-creation,Builtin,3,5805,0x5579384e0400,2468,Add_LhsIsStringConstant_Internalize_WithFeedback
code-creation,Builtin,3,5808,0x5579384e0dc0,2492,Add_LhsIsStringConstant_Internalize_Baseline
code-creation,Builtin,3,5810,0x5579384e1780,2468,Add_RhsIsStringConstant_Internalize_WithFeedback
code-creation,Builtin,3,5818,0x5579384e2140,2492,Add_RhsIsStringConstant_Internalize_Baseline
code-creation,Builtin,3,5824,0x5579384e2b00,2156,Equal_Generic_Baseline
code-creation,Builtin,3,5826,0x5579384e3380,1076,Equal_Any_Baseline
code-creation,Builtin,3,5828,0x5579384e37c0,208,Equal_Number_Baseline
code-creation,Builtin,3,5830,0x5579384e38c0,92,Equal_String_Baseline
code-creation,Builtin,3,5831,0x5579384e3940,72,Equal_InternalizedString_Baseline
code-creation,Builtin,3,5833,0x5579384e39c0,72,Equal_Receiver_Baseline
code-creation,Builtin,3,5835,0x5579384e3a40,40,Equal_SignedSmall_Baseline
code-creation,Builtin,3,5837,0x5579384e3a80,12,Equal_None_Baseline
code-creation,Builtin,3,5838,0x5579384e3ac0,2400,EqualAndTryPatchCode
code-creation,Builtin,3,5840,0x5579384e4440,1068,StrictEqual_Generic_Baseline
code-creation,Builtin,3,5842,0x5579384e4880,484,StrictEqual_Any_Baseline
code-creation,Builtin,3,5844,0x5579384e4a80,60,StrictEqual_Symbol_Baseline
code-creation,Builtin,3,5845,0x5579384e4ac0,208,StrictEqual_Number_Baseline
code-creation,Builtin,3,5847,0x5579384e4bc0,72,StrictEqual_Receiver_Baseline
code-creation,Builtin,3,5849,0x5579384e4c40,92,StrictEqual_String_Baseline
code-creation,Builtin,3,5851,0x5579384e4cc0,72,StrictEqual_InternalizedString_Baseline
code-creation,Builtin,3,5853,0x5579384e4d40,40,StrictEqual_SignedSmall_Baseline
code-creation,Builtin,3,5855,0x5579384e4d80,12,StrictEqual_None_Baseline
code-creation,Builtin,3,5857,0x5579384e4dc0,1316,StrictEqualAndTryPatchCode
code-creation,Builtin,3,5859,0x5579384e5300,1712,LessThan_Generic_Baseline
code-creation,Builtin,3,5860,0x5579384e59c0,1712,GreaterThan_Generic_Baseline
code-creation,Builtin,3,5862,0x5579384e6080,1712,LessThanOrEqual_Generic_Baseline
code-creation,Builtin,3,5864,0x5579384e6740,1712,GreaterThanOrEqual_Generic_Baseline
code-creation,Builtin,3,5866,0x5579384e6e00,132,LessThan_Number_Baseline
code-creation,Builtin,3,5868,0x5579384e6ec0,40,LessThan_SignedSmall_Baseline
code-creation,Builtin,3,5870,0x5579384e6f00,12,LessThan_None_Baseline
code-creation,Builtin,3,5871,0x5579384e6f40,2192,LessThanAndTryPatchCode
code-creation,Builtin,3,5876,0x5579384e7800,132,GreaterThan_Number_Baseline
code-creation,Builtin,3,5878,0x5579384e78c0,40,GreaterThan_SignedSmall_Baseline
code-creation,Builtin,3,5880,0x5579384e7900,12,GreaterThan_None_Baseline
code-creation,Builtin,3,5882,0x5579384e7940,2192,GreaterThanAndTryPatchCode
code-creation,Builtin,3,5883,0x5579384e8200,132,LessThanOrEqual_Number_Baseline
code-creation,Builtin,3,5885,0x5579384e82c0,40,LessThanOrEqual_SignedSmall_Baseline
code-creation,Builtin,3,5887,0x5579384e8300,12,LessThanOrEqual_None_Baseline
code-creation,Builtin,3,5889,0x5579384e8340,2192,LessThanOrEqualAndTryPatchCode
code-creation,Builtin,3,5898,0x5579384e8c00,132,GreaterThanOrEqual_Number_Baseline
code-creation,Builtin,3,5900,0x5579384e8cc0,40,GreaterThanOrEqual_SignedSmall_Baseline
code-creation,Builtin,3,5902,0x5579384e8d00,12,GreaterThanOrEqual_None_Baseline
code-creation,Builtin,3,5904,0x5579384e8d40,2192,GreaterThanOrEqualAndTryPatchCode
code-creation,Builtin,3,5906,0x5579384e9600,2244,Equal_WithEmbeddedFeedback
code-creation,Builtin,3,5914,0x5579384e9f00,1076,StrictEqual_WithEmbeddedFeedback
code-creation,Builtin,3,5920,0x5579384ea340,1768,LessThan_WithEmbeddedFeedback
code-creation,Builtin,3,5922,0x5579384eaa40,1768,GreaterThan_WithEmbeddedFeedback
code-creation,Builtin,3,5924,0x5579384eb140,1768,LessThanOrEqual_WithEmbeddedFeedback
code-creation,Builtin,3,5926,0x5579384eb840,1768,GreaterThanOrEqual_WithEmbeddedFeedback
code-creation,Builtin,3,5928,0x5579384ebf40,576,BitwiseNot_Generic_Baseline
code-creation,Builtin,3,5930,0x5579384ec1c0,12,BitwiseNot_None_Baseline
code-creation,Builtin,3,5932,0x5579384ec200,36,BitwiseNot_SignedSmall_Baseline
code-creation,Builtin,3,5934,0x5579384ec240,896,BitwiseNotAndTryPatchCode
code-creation,Builtin,3,5936,0x5579384ec600,584,Decrement_Generic_Baseline
code-creation,Builtin,3,5943,0x5579384ec880,12,Decrement_None_Baseline
code-creation,Builtin,3,5946,0x5579384ec8c0,32,Decrement_SignedSmall_Baseline
code-creation,Builtin,3,5952,0x5579384ec900,972,DecrementAndTryPatchCode
code-creation,Builtin,3,5954,0x5579384ecd00,584,Increment_Generic_Baseline
code-creation,Builtin,3,5956,0x5579384ecf80,12,Increment_None_Baseline
code-creation,Builtin,3,5958,0x5579384ecfc0,32,Increment_SignedSmall_Baseline
code-creation,Builtin,3,5959,0x5579384ed000,972,IncrementAndTryPatchCode
code-creation,Builtin,3,5961,0x5579384ed400,608,Negate_Generic_Baseline
code-creation,Builtin,3,5963,0x5579384ed680,12,Negate_None_Baseline
code-creation,Builtin,3,5965,0x5579384ed6c0,40,Negate_SignedSmall_Baseline
code-creation,Builtin,3,5966,0x5579384ed700,268,Negate_Number_Baseline
code-creation,Builtin,3,5968,0x5579384ed840,996,NegateAndTryPatchCode
code-creation,Builtin,3,5975,0x5579384edc40,576,BitwiseNot_WithFeedback
code-creation,Builtin,3,5981,0x5579384edec0,584,Decrement_WithFeedback
code-creation,Builtin,3,5984,0x5579384ee140,584,Increment_WithFeedback
code-creation,Builtin,3,5985,0x5579384ee3c0,608,Negate_WithFeedback
code-creation,Builtin,3,5987,0x5579384ee640,4700,ObjectAssign
code-creation,Builtin,3,5989,0x5579384ef8c0,1372,ObjectCreate
code-creation,Builtin,3,5990,0x5579384efe40,12,ObjectDefineGetter
code-creation,Builtin,3,5997,0x5579384efe80,12,ObjectDefineProperties
code-creation,Builtin,3,6003,0x5579384efec0,12,ObjectDefineProperty
code-creation,Builtin,3,6005,0x5579384eff00,12,ObjectDefineSetter
code-creation,Builtin,3,6007,0x5579384eff40,1616,ObjectEntries
code-creation,Builtin,3,6008,0x5579384f05c0,12,ObjectFreeze
code-creation,Builtin,3,6010,0x5579384f0600,4680,ObjectGetOwnPropertyDescriptor
code-creation,Builtin,3,6012,0x5579384f1880,12,ObjectGetOwnPropertyDescriptors
code-creation,Builtin,3,6019,0x5579384f18c0,968,ObjectGetOwnPropertyNames
code-creation,Builtin,3,6026,0x5579384f1cc0,12,ObjectGetOwnPropertySymbols
code-creation,Builtin,3,6028,0x5579384f1d00,160,ObjectHasOwn
code-creation,Builtin,3,6029,0x5579384f1dc0,484,ObjectIs
code-creation,Builtin,3,6031,0x5579384f1fc0,12,ObjectIsFrozen
code-creation,Builtin,3,6032,0x5579384f2000,12,ObjectIsSealed
code-creation,Builtin,3,6034,0x5579384f2040,936,ObjectKeys
code-creation,Builtin,3,6048,0x5579384f2400,12,ObjectLookupGetter
code-creation,Builtin,3,6051,0x5579384f2440,12,ObjectLookupSetter
code-creation,Builtin,3,6053,0x5579384f2480,3728,ObjectPrototypeHasOwnProperty
code-creation,Builtin,3,6055,0x5579384f3340,228,ObjectPrototypeIsPrototypeOf
code-creation,Builtin,3,6057,0x5579384f3440,12,ObjectPrototypePropertyIsEnumerable
code-creation,Builtin,3,6065,0x5579384f3480,12,ObjectPrototypeGetProto
code-creation,Builtin,3,6067,0x5579384f34c0,12,ObjectPrototypeSetProto
code-creation,Builtin,3,6072,0x5579384f3500,12,ObjectSeal
code-creation,Builtin,3,6074,0x5579384f3540,1360,ObjectToString
code-creation,Builtin,3,6076,0x5579384f3ac0,1416,ObjectValues
code-creation,Builtin,3,6077,0x5579384f4080,316,OrdinaryHasInstance
code-creation,Builtin,3,6079,0x5579384f41c0,348,InstanceOf
code-creation,Builtin,3,6080,0x5579384f4340,760,InstanceOf_WithFeedback
code-creation,Builtin,3,6082,0x5579384f4640,748,InstanceOf_Baseline
code-creation,Builtin,3,6084,0x5579384f4940,292,ForInEnumerate
code-creation,Builtin,3,6085,0x5579384f4a80,124,ForInPrepare
code-creation,Builtin,3,6087,0x5579384f4b00,3576,ForInFilter
code-creation,Builtin,3,6097,0x5579384f5900,52,ReflectApply
code-creation,Builtin,3,6100,0x5579384f5940,60,ReflectConstruct
code-creation,Builtin,3,6102,0x5579384f5980,12,ReflectDefineProperty
code-creation,Builtin,3,6104,0x5579384f59c0,12,ReflectOwnKeys
code-creation,Builtin,3,6105,0x5579384f5a00,12,ReflectSet
code-creation,Builtin,3,6106,0x5579384f5a40,12,RegExpCapture1Getter
code-creation,Builtin,3,6108,0x5579384f5a80,12,RegExpCapture2Getter
code-creation,Builtin,3,6110,0x5579384f5ac0,12,RegExpCapture3Getter
code-creation,Builtin,3,6111,0x5579384f5b00,12,RegExpCapture4Getter
code-creation,Builtin,3,6116,0x5579384f5b40,12,RegExpCapture5Getter
code-creation,Builtin,3,6124,0x5579384f5b80,12,RegExpCapture6Getter
code-creation,Builtin,3,6126,0x5579384f5bc0,12,RegExpCapture7Getter
code-creation,Builtin,3,6128,0x5579384f5c00,12,RegExpCapture8Getter
code-creation,Builtin,3,6129,0x5579384f5c40,12,RegExpCapture9Getter
code-creation,Builtin,3,6131,0x5579384f5c80,2452,RegExpConstructor
code-creation,Builtin,3,6133,0x5579384f6640,12,RegExpInputGetter
code-creation,Builtin,3,6140,0x5579384f6680,12,RegExpInputSetter
code-creation,Builtin,3,6145,0x5579384f66c0,12,RegExpLastMatchGetter
code-creation,Builtin,3,6147,0x5579384f6700,12,RegExpLastParenGetter
code-creation,Builtin,3,6149,0x5579384f6740,12,RegExpLeftContextGetter
code-creation,Builtin,3,6151,0x5579384f6780,956,RegExpPrototypeCompile
code-creation,Builtin,3,6153,0x5579384f6b40,12,RegExpPrototypeToString
code-creation,Builtin,3,6154,0x5579384f6b80,12,RegExpRightContextGetter
code-creation,Builtin,3,6156,0x5579384f6bc0,12,RegExpEscape
code-creation,Builtin,3,6157,0x5579384f6c00,304,RegExpExecAtom
code-creation,Builtin,3,6159,0x5579384f6d40,8,RegExpInterpreterTrampoline
code-creation,Builtin,3,6161,0x5579384f6d80,8,RegExpExperimentalTrampoline
code-creation,Builtin,3,6163,0x5579384f6dc0,1460,FindOrderedHashSetEntry
code-creation,Builtin,3,6173,0x5579384f7380,5828,SetConstructor
code-creation,Builtin,3,6176,0x5579384f8a80,164,SetPrototypeHas
code-creation,Builtin,3,6177,0x5579384f8b40,1896,SetPrototypeAdd
code-creation,Builtin,3,6179,0x5579384f92c0,1684,SetPrototypeDelete
code-creation,Builtin,3,6180,0x5579384f9980,12,SetPrototypeClear
code-creation,Builtin,3,6182,0x5579384f99c0,280,SetPrototypeEntries
code-creation,Builtin,3,6184,0x5579384f9b00,148,SetPrototypeGetSize
code-creation,Builtin,3,6185,0x5579384f9bc0,536,SetPrototypeForEach
code-creation,Builtin,3,6187,0x5579384f9e00,280,SetPrototypeValues
code-creation,Builtin,3,6188,0x5579384f9f40,836,SetIteratorPrototypeNext
code-creation,Builtin,3,6196,0x5579384fa2c0,1024,SetOrSetIteratorToList
code-creation,Builtin,3,6201,0x5579384fa700,12,ShadowRealmConstructor
code-creation,Builtin,3,6204,0x5579384fa740,804,ShadowRealmGetWrappedValue
code-creation,Builtin,3,6205,0x5579384faa80,12,ShadowRealmPrototypeEvaluate
code-creation,Builtin,3,6207,0x5579384faac0,820,ShadowRealmPrototypeImportValue
code-creation,Builtin,3,6231,0x5579384fae00,248,ShadowRealmImportValueFulfilled
code-creation,Builtin,3,6239,0x5579384faf00,68,ShadowRealmImportValueRejected
code-creation,Builtin,3,6242,0x5579384faf80,12,SharedArrayBufferPrototypeGetByteLength
code-creation,Builtin,3,6246,0x5579384fafc0,12,SharedArrayBufferPrototypeSlice
code-creation,Builtin,3,6248,0x5579384fb000,12,SharedArrayBufferPrototypeGrow
code-creation,Builtin,3,6250,0x5579384fb040,2144,AtomicsLoad
code-creation,Builtin,3,6252,0x5579384fb8c0,2304,AtomicsStore
code-creation,Builtin,3,6254,0x5579384fc200,2936,AtomicsExchange
code-creation,Builtin,3,6255,0x5579384fcd80,3344,AtomicsCompareExchange
code-creation,Builtin,3,6257,0x5579384fdac0,2936,AtomicsAdd
code-creation,Builtin,3,6258,0x5579384fe640,2936,AtomicsSub
code-creation,Builtin,3,6260,0x5579384ff1c0,2936,AtomicsAnd
code-creation,Builtin,3,6265,0x5579384ffd40,2936,AtomicsOr
code-creation,Builtin,3,6268,0x5579385008c0,2936,AtomicsXor
code-creation,Builtin,3,6270,0x557938501440,12,AtomicsNotify
code-creation,Builtin,3,6271,0x557938501480,12,AtomicsIsLockFree
code-creation,Builtin,3,6273,0x5579385014c0,12,AtomicsWait
code-creation,Builtin,3,6274,0x557938501500,12,AtomicsWaitAsync
code-creation,Builtin,3,6276,0x557938501540,12,AtomicsPause
code-creation,Builtin,3,6280,0x557938501580,12,StringFromCodePoint
code-creation,Builtin,3,6283,0x5579385015c0,1552,StringFromCharCode
code-creation,Builtin,3,6284,0x557938501c00,12,StringPrototypeLastIndexOf
code-creation,Builtin,3,6286,0x557938501c40,5092,StringPrototypeMatchAll
code-creation,Builtin,3,6288,0x557938503040,1164,StringPrototypeReplace
code-creation,Builtin,3,6290,0x557938503500,2936,StringPrototypeSplit
code-creation,Builtin,3,6291,0x557938504080,12,StringRaw
code-creation,Builtin,3,6347,0x5579385040c0,12,SymbolConstructor
code-creation,Builtin,3,6354,0x557938504100,12,SymbolFor
code-creation,Builtin,3,6365,0x557938504140,12,SymbolKeyFor
code-creation,Builtin,3,6368,0x557938504180,80,TypedArrayBaseConstructor
code-creation,Builtin,3,6371,0x557938504200,252,TypedArrayConstructor
code-creation,Builtin,3,6373,0x557938504300,12,TypedArrayPrototypeBuffer
code-creation,Builtin,3,6375,0x557938504340,700,TypedArrayPrototypeByteLength
code-creation,Builtin,3,6382,0x557938504600,384,TypedArrayPrototypeByteOffset
code-creation,Builtin,3,6388,0x5579385047c0,612,TypedArrayPrototypeLength
code-creation,Builtin,3,6390,0x557938504a40,12,TypedArrayPrototypeCopyWithin
code-creation,Builtin,3,6392,0x557938504a80,12,TypedArrayPrototypeFill
code-creation,Builtin,3,6394,0x557938504ac0,12,TypedArrayPrototypeIncludes
code-creation,Builtin,3,6395,0x557938504b00,12,TypedArrayPrototypeIndexOf
code-creation,Builtin,3,6402,0x557938504b40,12,TypedArrayPrototypeLastIndexOf
code-creation,Builtin,3,6409,0x557938504b80,12,TypedArrayPrototypeReverse
code-creation,Builtin,3,6410,0x557938504bc0,464,TypedArrayPrototypeToStringTag
code-creation,Builtin,3,6412,0x557938504dc0,31888,TypedArrayPrototypeMap
code-creation,Builtin,3,6414,0x55793850ca80,12,Uint8ArrayFromBase64
code-creation,Builtin,3,6416,0x55793850cac0,12,Uint8ArrayPrototypeSetFromBase64
code-creation,Builtin,3,6423,0x55793850cb00,12,Uint8ArrayFromHex
code-creation,Builtin,3,6429,0x55793850cb40,12,Uint8ArrayPrototypeSetFromHex
code-creation,Builtin,3,6431,0x55793850cb80,12,Uint8ArrayPrototypeToBase64
code-creation,Builtin,3,6433,0x55793850cbc0,12,Uint8ArrayPrototypeToHex
code-creation,Builtin,3,6434,0x55793850cc00,216,JSToWasmWrapperAsm
code-creation,Builtin,3,6436,0x55793850cd00,856,WasmReturnPromiseOnSuspendAsm
code-creation,Builtin,3,6441,0x55793850d080,612,JSToWasmStressSwitchStacksAsm
code-creation,Builtin,3,6449,0x55793850d300,56,WasmToJsWrapperAsm
code-creation,Builtin,3,6451,0x55793850d340,4732,WasmToJsWrapperCSA
code-creation,Builtin,3,6453,0x55793850e5c0,28,WasmToJsWrapperInvalidSig
code-creation,Builtin,3,6455,0x55793850e600,204,WasmSuspend
code-creation,Builtin,3,6457,0x55793850e700,260,WasmResume
code-creation,Builtin,3,6458,0x55793850e840,108,WasmFXResume
code-creation,Builtin,3,6465,0x55793850e8c0,216,WasmFXResumeThrow
code-creation,Builtin,3,6474,0x55793850e9c0,196,WasmFXResumeThrowRef
code-creation,Builtin,3,6476,0x55793850eac0,152,WasmFXSuspend
code-creation,Builtin,3,6478,0x55793850eb80,164,WasmFXSwitch
code-creation,Builtin,3,6479,0x55793850ec40,96,WasmFXReturn
code-creation,Builtin,3,6485,0x55793850ecc0,280,WasmReject
code-creation,Builtin,3,6492,0x55793850ee00,12,WasmTrapHandlerLandingPad
code-creation,Builtin,3,6495,0x55793850ee40,156,WasmCompileLazy
code-creation,Builtin,3,6496,0x55793850ef00,200,WasmLiftoffFrameSetup
code-creation,Builtin,3,6498,0x55793850f000,192,WasmDebugBreak
code-creation,Builtin,3,6499,0x55793850f100,124,WasmDebugTrap
code-creation,Builtin,3,6501,0x55793850f180,16,WasmOnStackReplace
code-creation,Builtin,3,6503,0x55793850f1c0,160,WasmHandleStackOverflow
code-creation,Builtin,3,6510,0x55793850f280,128,WasmFloat32ToNumber
code-creation,Builtin,3,6512,0x55793850f340,132,WasmFloat64ToNumber
code-creation,Builtin,3,6518,0x55793850f400,124,WasmFloat64ToString
code-creation,Builtin,3,6520,0x55793850f480,12,JSToWasmLazyDeoptContinuation
code-creation,Builtin,3,6522,0x55793850f4c0,1520,WasmGetOwnProperty
code-creation,Builtin,3,6523,0x55793850fac0,5388,WeakMapConstructor
code-creation,Builtin,3,6525,0x557938511000,492,WeakMapLookupHashIndex
code-creation,Builtin,3,6527,0x557938511200,200,WeakMapPrototypeGet
code-creation,Builtin,3,6528,0x557938511300,168,WeakMapPrototypeHas
code-creation,Builtin,3,6530,0x5579385113c0,288,WeakMapPrototypeSet
code-creation,Builtin,3,6537,0x557938511500,1244,WeakMapPrototypeGetOrInsert
code-creation,Builtin,3,6542,0x557938511a00,456,WeakMapPrototypeGetOrInsertComputed
code-creation,Builtin,3,6545,0x557938511c00,176,WeakMapPrototypeDelete
code-creation,Builtin,3,6547,0x557938511cc0,4124,WeakSetConstructor
code-creation,Builtin,3,6549,0x557938512d00,168,WeakSetPrototypeHas
code-creation,Builtin,3,6550,0x557938512dc0,288,WeakSetPrototypeAdd
code-creation,Builtin,3,6552,0x557938512f00,176,WeakSetPrototypeDelete
code-creation,Builtin,3,6554,0x557938512fc0,672,WeakCollectionDelete
code-creation,Builtin,3,6555,0x557938513280,1164,WeakCollectionSet
code-creation,Builtin,3,6557,0x557938513740,12,SharedSpaceJSObjectHasInstance
code-creation,Builtin,3,6567,0x557938513780,12,SharedStructTypeConstructor
code-creation,Builtin,3,6570,0x5579385137c0,12,SharedStructTypeIsSharedStruct
code-creation,Builtin,3,6572,0x557938513800,12,SharedStructConstructor
code-creation,Builtin,3,6574,0x557938513840,12,SharedArrayConstructor
code-creation,Builtin,3,6576,0x557938513880,12,SharedArrayIsSharedArray
code-creation,Builtin,3,6577,0x5579385138c0,12,AtomicsMutexConstructor
code-creation,Builtin,3,6579,0x557938513900,12,AtomicsMutexIsMutex
code-creation,Builtin,3,6585,0x557938513940,12,AtomicsMutexLock
code-creation,Builtin,3,6588,0x557938513980,12,AtomicsMutexLockWithTimeout
code-creation,Builtin,3,6594,0x5579385139c0,12,AtomicsMutexTryLock
code-creation,Builtin,3,6596,0x557938513a00,12,AtomicsConditionConstructor
code-creation,Builtin,3,6597,0x557938513a40,12,AtomicsConditionIsCondition
code-creation,Builtin,3,6599,0x557938513a80,12,AtomicsConditionWait
code-creation,Builtin,3,6601,0x557938513ac0,12,AtomicsConditionNotify
code-creation,Builtin,3,6603,0x557938513b00,316,AsyncGeneratorResolve
code-creation,Builtin,3,6614,0x557938513c40,104,AsyncGeneratorReject
code-creation,Builtin,3,6620,0x557938513cc0,1752,AsyncGeneratorYieldWithAwait
code-creation,Builtin,3,6622,0x5579385143c0,1924,AsyncGeneratorReturn
code-creation,Builtin,3,6624,0x557938514b80,276,AsyncGeneratorResumeNext
code-creation,Builtin,3,6626,0x557938514cc0,12,AsyncGeneratorFunctionConstructor
code-creation,Builtin,3,6628,0x557938514d00,840,AsyncGeneratorPrototypeNext
code-creation,Builtin,3,6630,0x557938515080,840,AsyncGeneratorPrototypeReturn
code-creation,Builtin,3,6631,0x557938515400,840,AsyncGeneratorPrototypeThrow
code-creation,Builtin,3,6633,0x557938515780,1544,AsyncGeneratorAwait
code-creation,Builtin,3,6635,0x557938515dc0,120,AsyncGeneratorAwaitResolveClosure
code-creation,Builtin,3,6643,0x557938515e40,120,AsyncGeneratorAwaitRejectClosure
code-creation,Builtin,3,6651,0x557938515ec0,116,AsyncGeneratorYieldWithAwaitResolveClosure
code-creation,Builtin,3,6654,0x557938515f40,116,AsyncGeneratorReturnClosedResolveClosure
code-creation,Builtin,3,6656,0x557938515fc0,112,AsyncGeneratorReturnClosedRejectClosure
code-creation,Builtin,3,6658,0x557938516040,120,AsyncGeneratorReturnResolveClosure
code-creation,Builtin,3,6660,0x5579385160c0,1452,AsyncFromSyncIteratorPrototypeNext
code-creation,Builtin,3,6668,0x557938516680,1736,AsyncFromSyncIteratorPrototypeThrow
code-creation,Builtin,3,6674,0x557938516d80,1176,AsyncFromSyncIteratorPrototypeReturn
code-creation,Builtin,3,6677,0x557938517240,228,AsyncFromSyncIteratorCloseSyncAndRethrow
code-creation,Builtin,3,6679,0x557938517340,92,AsyncIteratorValueUnwrap
code-creation,Builtin,3,6681,0x5579385173c0,168,CEntry_Return1_ArgvInRegister_NoBuiltinExit
code-creation,Builtin,3,6683,0x557938517480,180,CEntry_Return1_ArgvOnStack_BuiltinExit
code-creation,Builtin,3,6685,0x557938517540,180,CEntry_Return1_ArgvOnStack_NoBuiltinExit
code-creation,Builtin,3,6691,0x557938517600,168,CEntry_Return2_ArgvInRegister_NoBuiltinExit
code-creation,Builtin,3,6695,0x5579385176c0,180,CEntry_Return2_ArgvOnStack_NoBuiltinExit
code-creation,Builtin,3,6701,0x557938517780,316,WasmCEntry
code-creation,Builtin,3,6703,0x5579385178c0,4,DirectCEntry
code-creation,Builtin,3,6704,0x557938517900,1824,StringAdd_NoMapCheck
code-creation,Builtin,3,6706,0x557938518040,1824,WasmStringAdd_NoMapCheck
code-creation,Builtin,3,6708,0x557938518780,3896,SubString
code-creation,Builtin,3,6710,0x5579385196c0,84,DoubleToI
code-creation,Builtin,3,6711,0x557938519740,3232,GetProperty
code-creation,Builtin,3,6712,0x55793851a400,3528,GetPropertyWithReceiver
code-creation,Builtin,3,6714,0x55793851b200,23296,SetProperty
code-creation,Builtin,3,6716,0x557938520d40,19512,CreateDataProperty
code-creation,Builtin,3,6717,0x557938525980,52,GetOwnPropertyDescriptor
code-creation,Builtin,3,6719,0x5579385259c0,220,FindNonDefaultConstructorOrConstruct
code-creation,Builtin,3,6721,0x557938525ac0,3156,OrdinaryGetOwnPropertyDescriptor
code-creation,Builtin,3,6723,0x557938526740,4232,CheckMaglevType
code-creation,Builtin,3,6725,0x557938527800,12,IsTraceCategoryEnabled
code-creation,Builtin,3,6726,0x557938527840,12,Trace
code-creation,Builtin,3,6727,0x557938527880,12,FinalizationRegistryUnregister
code-creation,Builtin,3,6735,0x5579385278c0,356,AsyncModuleEvaluate
code-creation,Builtin,3,6737,0x557938527a40,12,CallAsyncModuleFulfilled
code-creation,Builtin,3,6739,0x557938527a80,12,CallAsyncModuleRejected
code-creation,Builtin,3,6740,0x557938527ac0,276,AggregateErrorConstructor
code-creation,Builtin,3,6742,0x557938527c00,836,ArrayPrototypeAt
code-creation,Builtin,3,6744,0x557938527f80,596,ArrayPrototypeConcat
code-creation,Builtin,3,6750,0x557938528200,8200,ArrayPrototypeCopyWithin
code-creation,Builtin,3,6757,0x55793852a240,232,ArrayEveryLoopEagerDeoptContinuation
code-creation,Builtin,3,6759,0x55793852a340,560,ArrayEveryLoopLazyDeoptContinuation
code-creation,Builtin,3,6762,0x55793852a580,4248,ArrayEveryLoopContinuation
code-creation,Builtin,3,6764,0x55793852b640,1604,ArrayEvery
code-creation,Builtin,3,6765,0x55793852bcc0,296,ArrayFilterLoopEagerDeoptContinuation
code-creation,Builtin,3,6767,0x55793852be00,928,ArrayFilterLoopLazyDeoptContinuation
code-creation,Builtin,3,6775,0x55793852c1c0,4568,ArrayFilterLoopContinuation
code-creation,Builtin,3,6781,0x55793852d3c0,4856,ArrayFilter
code-creation,Builtin,3,6782,0x55793852e6c0,220,ArrayFindLoopEagerDeoptContinuation
code-creation,Builtin,3,6784,0x55793852e7c0,32,ArrayFindLoopLazyDeoptContinuation
code-creation,Builtin,3,6786,0x55793852e800,408,ArrayFindLoopAfterCallbackLazyDeoptContinuation
code-creation,Builtin,3,6788,0x55793852e9c0,580,ArrayFindLoopContinuation
code-creation,Builtin,3,6796,0x55793852ec40,1608,ArrayPrototypeFind
code-creation,Builtin,3,6802,0x55793852f2c0,220,ArrayFindIndexLoopEagerDeoptContinuation
code-creation,Builtin,3,6804,0x55793852f3c0,32,ArrayFindIndexLoopLazyDeoptContinuation
code-creation,Builtin,3,6806,0x55793852f400,408,ArrayFindIndexLoopAfterCallbackLazyDeoptContinuation
code-creation,Builtin,3,6811,0x55793852f5c0,584,ArrayFindIndexLoopContinuation
code-creation,Builtin,3,6813,0x55793852f840,1608,ArrayPrototypeFindIndex
code-creation,Builtin,3,6821,0x55793852fec0,500,ArrayFindLastLoopContinuation
code-creation,Builtin,3,6827,0x5579385300c0,1704,ArrayPrototypeFindLast
code-creation,Builtin,3,6829,0x557938530780,504,ArrayFindLastIndexLoopContinuation
code-creation,Builtin,3,6831,0x557938530980,1784,ArrayPrototypeFindLastIndex
code-creation,Builtin,3,6833,0x557938531080,2932,FlattenIntoArrayWithoutMapFn
code-creation,Builtin,3,6835,0x557938531c00,2964,FlattenIntoArrayWithMapFn
code-creation,Builtin,3,6837,0x5579385327c0,11792,ArrayPrototypeFlat
code-creation,Builtin,3,6838,0x557938535600,732,ArrayPrototypeFlatMap
code-creation,Builtin,3,6840,0x557938535900,232,ArrayForEachLoopEagerDeoptContinuation
code-creation,Builtin,3,6842,0x557938535a00,232,ArrayForEachLoopLazyDeoptContinuation
code-creation,Builtin,3,6844,0x557938535b00,4152,ArrayForEachLoopContinuation
code-creation,Builtin,3,6846,0x557938536b40,1476,ArrayForEach
code-creation,Builtin,3,6847,0x557938537140,7076,ArrayFromAsyncIterableOnFulfilled
code-creation,Builtin,3,6849,0x557938538d00,7140,ArrayFromAsyncIterableOnRejected
code-creation,Builtin,3,6851,0x55793853a900,3576,ArrayFromAsyncArrayLikeOnFulfilled
code-creation,Builtin,3,6853,0x55793853b700,3576,ArrayFromAsyncArrayLikeOnRejected
code-creation,Builtin,3,6855,0x55793853c500,15188,ArrayFromAsync
code-creation,Builtin,3,6862,0x557938540080,5612,ArrayFrom
code-creation,Builtin,3,6864,0x557938541680,152,ArrayIsArray
code-creation,Builtin,3,6869,0x557938541740,472,LoadJoinElement_DictionaryElements_0
code-creation,Builtin,3,6871,0x557938541940,36,LoadJoinElement_FastSmiOrObjectElements_0
code-creation,Builtin,3,6873,0x557938541980,152,LoadJoinElement_FastDoubleElements_0
code-creation,Builtin,3,6876,0x557938541a40,184,ConvertToLocaleString
code-creation,Builtin,3,6877,0x557938541b00,744,JoinStackPush
code-creation,Builtin,3,6879,0x557938541e00,292,JoinStackPop
code-creation,Builtin,3,6880,0x557938541f40,848,ArrayPrototypeJoin
code-creation,Builtin,3,6882,0x5579385422c0,35976,ArrayPrototypeJoinImpl
code-creation,Builtin,3,6884,0x55793854af80,6136,ArrayPrototypeToLocaleString
code-creation,Builtin,3,6892,0x55793854c780,256,ArrayPrototypeToString
code-creation,Builtin,3,6897,0x55793854c8c0,9824,TypedArrayPrototypeJoin
code-creation,Builtin,3,6899,0x55793854ef40,5944,TypedArrayPrototypeToLocaleString
code-creation,Builtin,3,6901,0x557938550680,3824,ArrayPrototypeLastIndexOf
code-creation,Builtin,3,6903,0x557938551580,240,ArrayMapPreLoopLazyDeoptContinuation
code-creation,Builtin,3,6905,0x557938551680,264,ArrayMapLoopEagerDeoptContinuation
code-creation,Builtin,3,6907,0x5579385517c0,520,ArrayMapLoopLazyDeoptContinuation
code-creation,Builtin,3,6909,0x557938551a00,4168,ArrayMapLoopContinuation
code-creation,Builtin,3,6911,0x557938552a80,4184,ArrayMap
code-creation,Builtin,3,6918,0x557938553b00,1800,ArrayOf
code-creation,Builtin,3,6920,0x557938554240,412,ArrayReduceRightPreLoopEagerDeoptContinuation
code-creation,Builtin,3,6922,0x557938554400,220,ArrayReduceRightLoopEagerDeoptContinuation
code-creation,Builtin,3,6928,0x557938554500,220,ArrayReduceRightLoopLazyDeoptContinuation
code-creation,Builtin,3,6930,0x557938554600,4104,ArrayReduceRightLoopContinuation
code-creation,Builtin,3,6932,0x557938555640,1948,ArrayReduceRight
code-creation,Builtin,3,6934,0x557938555e00,204,ArrayReducePreLoopEagerDeoptContinuation
code-creation,Builtin,3,6936,0x557938555f00,220,ArrayReduceLoopEagerDeoptContinuation
code-creation,Builtin,3,6938,0x557938556000,220,ArrayReduceLoopLazyDeoptContinuation
code-creation,Builtin,3,6946,0x557938556100,4208,ArrayReduceLoopContinuation
code-creation,Builtin,3,6952,0x557938557180,1588,ArrayReduce
code-creation,Builtin,3,6954,0x5579385577c0,3696,ArrayPrototypeReverse
code-creation,Builtin,3,6955,0x557938558640,3948,ArrayPrototypeShift
code-creation,Builtin,3,6957,0x5579385595c0,5728,ArrayPrototypeSlice
code-creation,Builtin,3,6962,0x55793855ac40,232,ArraySomeLoopEagerDeoptContinuation
code-creation,Builtin,3,6964,0x55793855ad40,576,ArraySomeLoopLazyDeoptContinuation
code-creation,Builtin,3,6966,0x55793855afc0,4280,ArraySomeLoopContinuation
code-creation,Builtin,3,6973,0x55793855c080,1608,ArraySome
code-creation,Builtin,3,6978,0x55793855c700,14884,ArrayPrototypeSplice
code-creation,Builtin,3,6981,0x557938560140,2148,GenericArrayToReversed
code-creation,Builtin,3,6982,0x5579385609c0,3016,ArrayPrototypeToReversed
code-creation,Builtin,3,6984,0x5579385615c0,8732,ArrayPowerSortIntoCopy
code-creation,Builtin,3,6986,0x557938563800,1748,ArrayPrototypeToSorted
code-creation,Builtin,3,6988,0x557938563f00,9080,ArrayPrototypeToSpliced
code-creation,Builtin,3,6994,0x557938566280,2936,ArrayPrototypeUnshift
code-creation,Builtin,3,6997,0x557938566e00,1476,GenericArrayWith
code-creation,Builtin,3,7002,0x557938567400,1164,ArrayPrototypeWith
code-creation,Builtin,3,7004,0x5579385678c0,4792,ArraySortContinueFromSnapshotEagerDeoptContinuation
code-creation,Builtin,3,7007,0x557938568b80,4792,ArraySortContinueFromSnapshotLazyDeoptContinuation
code-creation,Builtin,3,7009,0x557938569e40,316,ArrayBufferPrototypeGetByteLength
code-creation,Builtin,3,7011,0x557938569f80,792,ArrayBufferPrototypeGetMaxByteLength
code-creation,Builtin,3,7018,0x55793856a2c0,208,ArrayBufferPrototypeGetResizable
code-creation,Builtin,3,7025,0x55793856a3c0,208,ArrayBufferPrototypeGetDetached
code-creation,Builtin,3,7027,0x55793856a4c0,208,ArrayBufferPrototypeGetImmutable
code-creation,Builtin,3,7028,0x55793856a5c0,632,SharedArrayBufferPrototypeGetMaxByteLength
code-creation,Builtin,3,7031,0x55793856a840,208,SharedArrayBufferPrototypeGetGrowable
code-creation,Builtin,3,7033,0x55793856a940,104,ArrayBufferIsView
code-creation,Builtin,3,7034,0x55793856a9c0,432,ToInteger
code-creation,Builtin,3,7044,0x55793856ab80,4408,FastCreateDataProperty
code-creation,Builtin,3,7047,0x55793856bcc0,1256,BooleanConstructor
code-creation,Builtin,3,7049,0x55793856c1c0,220,BooleanPrototypeToString
code-creation,Builtin,3,7051,0x55793856c2c0,212,BooleanPrototypeValueOf
code-creation,Builtin,3,7052,0x55793856c3c0,1088,BigIntAddNoThrow
code-creation,Builtin,3,7054,0x55793856c840,1132,BigIntAdd
code-creation,Builtin,3,7055,0x55793856ccc0,1072,BigIntSubtractNoThrow
code-creation,Builtin,3,7063,0x55793856d100,1132,BigIntSubtract
code-creation,Builtin,3,7069,0x55793856d580,424,BigIntMultiplyNoThrow
code-creation,Builtin,3,7070,0x55793856d740,580,BigIntMultiply
code-creation,Builtin,3,7072,0x55793856d9c0,520,BigIntDivideNoThrow
code-creation,Builtin,3,7074,0x55793856dc00,700,BigIntDivide
code-creation,Builtin,3,7075,0x55793856dec0,464,BigIntModulusNoThrow
code-creation,Builtin,3,7077,0x55793856e0c0,640,BigIntModulus
code-creation,Builtin,3,7083,0x55793856e380,948,BigIntBitwiseAndNoThrow
code-creation,Builtin,3,7086,0x55793856e740,1080,BigIntBitwiseAnd
code-creation,Builtin,3,7091,0x55793856eb80,940,BigIntBitwiseOrNoThrow
code-creation,Builtin,3,7094,0x55793856ef40,1048,BigIntBitwiseOr
code-creation,Builtin,3,7095,0x55793856f380,968,BigIntBitwiseXorNoThrow
code-creation,Builtin,3,7097,0x55793856f780,1096,BigIntBitwiseXor
code-creation,Builtin,3,7098,0x55793856fc00,1244,BigIntShiftLeftNoThrow
code-creation,Builtin,3,7100,0x557938570100,1312,BigIntShiftLeft
code-creation,Builtin,3,7102,0x557938570640,1248,BigIntShiftRightNoThrow
code-creation,Builtin,3,7104,0x557938570b40,1316,BigIntShiftRight
code-creation,Builtin,3,7105,0x557938571080,100,BigIntEqual
code-creation,Builtin,3,7107,0x557938571100,204,BigIntLessThan
code-creation,Builtin,3,7108,0x557938571200,204,BigIntGreaterThan
code-creation,Builtin,3,7110,0x557938571300,204,BigIntLessThanOrEqual
code-creation,Builtin,3,7111,0x557938571400,204,BigIntGreaterThanOrEqual
code-creation,Builtin,3,7113,0x557938571500,324,BigIntUnaryMinus
code-creation,Builtin,3,7114,0x557938571680,2516,ToString
code-creation,Builtin,3,7116,0x557938572080,2540,ToStringConvertSymbol
code-creation,Builtin,3,7118,0x557938572a80,212,StringPrototypeToString
code-creation,Builtin,3,7119,0x557938572b80,212,StringPrototypeValueOf
code-creation,Builtin,3,7124,0x557938572c80,2248,StringToList
code-creation,Builtin,3,7131,0x557938573580,748,StringPrototypeCharAt
code-creation,Builtin,3,7136,0x557938573880,652,StringPrototypeCharCodeAt
code-creation,Builtin,3,7139,0x557938573b40,1152,StringPrototypeCodePointAt
code-creation,Builtin,3,7141,0x557938574000,432,StringPrototypeConcat
code-creation,Builtin,3,7142,0x5579385741c0,1380,StringConstructor
code-creation,Builtin,3,7144,0x557938574740,936,StringCreateLazyDeoptContinuation
code-creation,Builtin,3,7146,0x557938574b00,2544,StringAddConvertLeft
code-creation,Builtin,3,7148,0x557938575500,2600,StringAddConvertRight
code-creation,Builtin,3,7149,0x557938575f40,556,StringCharAt
code-creation,Builtin,3,7151,0x557938576180,16,FastNewClosureBaseline
code-creation,Builtin,3,7153,0x5579385761c0,312,FastNewFunctionContextEval
code-creation,Builtin,3,7160,0x557938576300,312,FastNewFunctionContextFunction
code-creation,Builtin,3,7162,0x557938576440,696,FastNewFunctionContextFunctionWithCells
code-creation,Builtin,3,7169,0x557938576700,284,CreateRegExpLiteral
code-creation,Builtin,3,7170,0x557938576840,1444,CreateShallowArrayLiteral
code-creation,Builtin,3,7172,0x557938576e00,468,CreateEmptyArrayLiteral
code-creation,Builtin,3,7174,0x557938577000,2480,CreateShallowObjectLiteral
code-creation,Builtin,3,7176,0x5579385779c0,488,ObjectConstructor
code-creation,Builtin,3,7177,0x557938577bc0,244,CreateEmptyLiteralObject
code-creation,Builtin,3,7179,0x557938577cc0,560,NumberConstructor
code-creation,Builtin,3,7181,0x557938577f00,64,GenericLazyDeoptContinuation
code-creation,Builtin,3,7188,0x557938577f80,56,StringToNumber
code-creation,Builtin,3,7190,0x557938577fc0,196,NonNumberToNumber
code-creation,Builtin,3,7196,0x5579385780c0,256,NonNumberToNumeric
code-creation,Builtin,3,7198,0x557938578200,36,ToNumeric
code-creation,Builtin,3,7200,0x557938578240,1216,NumberToString
code-creation,Builtin,3,7201,0x557938578740,916,SmiToString
code-creation,Builtin,3,7203,0x557938578b00,1560,Int32ToString
code-creation,Builtin,3,7204,0x557938579140,124,Float64ToString
code-creation,Builtin,3,7206,0x5579385791c0,124,ToBoolean
code-creation,Builtin,3,7207,0x557938579240,84,ToBooleanForBaselineJump
code-creation,Builtin,3,7231,0x5579385792c0,600,ToLength
code-creation,Builtin,3,7236,0x557938579540,1312,ToName
code-creation,Builtin,3,7238,0x557938579a80,1088,ToObject
code-creation,Builtin,3,7241,0x557938579f00,844,NonPrimitiveToPrimitive_Default
code-creation,Builtin,3,7243,0x55793857a280,432,NonPrimitiveToPrimitive_Number
code-creation,Builtin,3,7245,0x55793857a440,1200,NonPrimitiveToPrimitive_String
code-creation,Builtin,3,7247,0x55793857a900,20,OrdinaryToPrimitive_Number
code-creation,Builtin,3,7254,0x55793857a940,324,OrdinaryToPrimitive_Number_Inline
code-creation,Builtin,3,7258,0x55793857aac0,324,OrdinaryToPrimitive_String
code-creation,Builtin,3,7260,0x55793857ac40,316,FastConsoleAssert
code-creation,Builtin,3,7262,0x55793857ad80,184,DataViewPrototypeGetBuffer
code-creation,Builtin,3,7264,0x55793857ae40,764,DataViewPrototypeGetByteLength
code-creation,Builtin,3,7269,0x55793857b140,432,DataViewPrototypeGetByteOffset
code-creation,Builtin,3,7272,0x55793857b300,784,DataViewPrototypeGetUint8
code-creation,Builtin,3,7273,0x55793857b640,784,DataViewPrototypeGetInt8
code-creation,Builtin,3,7275,0x55793857b980,1020,DataViewPrototypeGetUint16
code-creation,Builtin,3,7277,0x55793857bd80,1016,DataViewPrototypeGetInt16
code-creation,Builtin,3,7279,0x55793857c180,1148,DataViewPrototypeGetUint32
code-creation,Builtin,3,7281,0x55793857c600,1144,DataViewPrototypeGetInt32
code-creation,Builtin,3,7282,0x55793857ca80,1256,DataViewPrototypeGetFloat16
code-creation,Builtin,3,7284,0x55793857cf80,1184,DataViewPrototypeGetFloat32
code-creation,Builtin,3,7286,0x55793857d440,1256,DataViewPrototypeGetFloat64
code-creation,Builtin,3,7288,0x55793857d940,1292,DataViewPrototypeGetBigUint64
code-creation,Builtin,3,7290,0x55793857de80,1324,DataViewPrototypeGetBigInt64
code-creation,Builtin,3,7291,0x55793857e3c0,1248,DataViewPrototypeSetUint8
code-creation,Builtin,3,7302,0x55793857e8c0,1248,DataViewPrototypeSetInt8
code-creation,Builtin,3,7305,0x55793857edc0,1484,DataViewPrototypeSetUint16
code-creation,Builtin,3,7311,0x55793857f3c0,1484,DataViewPrototypeSetInt16
code-creation,Builtin,3,7313,0x55793857f9c0,1516,DataViewPrototypeSetUint32
code-creation,Builtin,3,7315,0x55793857ffc0,1516,DataViewPrototypeSetInt32
code-creation,Builtin,3,7317,0x5579385805c0,1584,DataViewPrototypeSetFloat16
code-creation,Builtin,3,7318,0x557938580c00,1480,DataViewPrototypeSetFloat32
code-creation,Builtin,3,7320,0x557938581200,1544,DataViewPrototypeSetFloat64
code-creation,Builtin,3,7328,0x557938581840,1372,DataViewPrototypeSetBigUint64
code-creation,Builtin,3,7334,0x557938581dc0,1372,DataViewPrototypeSetBigInt64
code-creation,Builtin,3,7336,0x557938582340,1248,FinalizationRegistryConstructor
code-creation,Builtin,3,7338,0x557938582840,908,FinalizationRegistryRegister
code-creation,Builtin,3,7340,0x557938582c00,376,FunctionPrototypeHasInstance
code-creation,Builtin,3,7342,0x557938582d80,1040,FastFunctionPrototypeBind
code-creation,Builtin,3,7349,0x5579385831c0,420,GeneratorPrototypeNextLazyDeoptContinuation
code-creation,Builtin,3,7356,0x557938583380,152,IncBlockCounter
code-creation,Builtin,3,7358,0x557938583440,232,GetTemplateObject
code-creation,Builtin,3,7359,0x557938583540,96,ForInNext
code-creation,Builtin,3,7361,0x5579385835c0,136,GetImportMetaObjectBaseline
code-creation,Builtin,3,7363,0x557938583680,128,GetIteratorWithFeedback
code-creation,Builtin,3,7370,0x557938583740,92,GetIteratorBaseline
code-creation,Builtin,3,7376,0x5579385837c0,320,CreateAsyncFromSyncIteratorBaseline
code-creation,Builtin,3,7379,0x557938583940,3064,ForOfNext
code-creation,Builtin,3,7381,0x557938584540,3064,ForOfNextBaseline
code-creation,Builtin,3,7382,0x557938585140,1248,CallIteratorWithFeedback
code-creation,Builtin,3,7384,0x557938585640,144,IteratorClose
code-creation,Builtin,3,7385,0x557938585700,1072,IteratorConstructor
code-creation,Builtin,3,7392,0x557938585b40,72,IteratorPrototypeGetToStringTag
code-creation,Builtin,3,7399,0x557938585bc0,340,IteratorPrototypeSetToStringTag
code-creation,Builtin,3,7401,0x557938585d40,100,IteratorPrototypeGetConstructor
code-creation,Builtin,3,7403,0x557938585dc0,340,IteratorPrototypeSetConstructor
code-creation,Builtin,3,7405,0x557938585f40,188,IteratorPrototypeDispose
code-creation,Builtin,3,7407,0x557938586000,64,AsyncIteratorPrototypeAsyncDisposeResolveClosure
code-creation,Builtin,3,7409,0x557938586080,2000,AsyncIteratorPrototypeAsyncDispose
code-creation,Builtin,3,7417,0x557938586880,1684,ArrayDestructure
code-creation,Builtin,3,7441,0x557938586f40,1432,ArrayDestructureLazyDeoptContinuation
code-creation,Builtin,3,7444,0x557938587500,912,IteratorFrom
code-creation,Builtin,3,7445,0x5579385878c0,164,WrapForValidIteratorPrototypeNext
code-creation,Builtin,3,7447,0x557938587980,380,WrapForValidIteratorPrototypeReturn
code-creation,Builtin,3,7449,0x557938587b00,448,IteratorHelperPrototypeNext
code-creation,Builtin,3,7454,0x557938587d00,2640,IteratorHelperPrototypeReturn
code-creation,Builtin,3,7457,0x557938588780,480,IteratorPrototypeMap
code-creation,Builtin,3,7459,0x557938588980,1376,IteratorMapHelperNext
code-creation,Builtin,3,7460,0x557938588f00,480,IteratorPrototypeFilter
code-creation,Builtin,3,7462,0x557938589100,1524,IteratorFilterHelperNext
code-creation,Builtin,3,7464,0x557938589700,916,IteratorPrototypeTake
code-creation,Builtin,3,7465,0x557938589ac0,1564,IteratorTakeHelperNext
code-creation,Builtin,3,7467,0x55793858a100,916,IteratorPrototypeDrop
code-creation,Builtin,3,7469,0x55793858a4c0,1776,IteratorDropHelperNext
code-creation,Builtin,3,7476,0x55793858abc0,504,IteratorPrototypeFlatMap
code-creation,Builtin,3,7479,0x55793858adc0,2644,IteratorFlatMapHelperNext
code-creation,Builtin,3,7481,0x55793858b840,1996,IteratorPrototypeReduce
code-creation,Builtin,3,7486,0x55793858c040,1696,IteratorPrototypeToArray
code-creation,Builtin,3,7488,0x55793858c700,1268,IteratorPrototypeForEach
code-creation,Builtin,3,7490,0x55793858cc00,1524,IteratorPrototypeSome
code-creation,Builtin,3,7495,0x55793858d200,1512,IteratorPrototypeEvery
code-creation,Builtin,3,7497,0x55793858d800,1532,IteratorPrototypeFind
code-creation,Builtin,3,7498,0x55793858de00,1068,IteratorConcat
code-creation,Builtin,3,7505,0x55793858e240,1676,IteratorConcatHelperNext
code-creation,Builtin,3,7512,0x55793858e900,1380,IteratorPrototypeJoin
code-creation,Builtin,3,7514,0x55793858ee80,7868,IteratorZip
code-creation,Builtin,3,7515,0x557938590d40,4508,IteratorZipHelperNext
code-creation,Builtin,3,7517,0x557938591f00,6552,IteratorZipKeyed
code-creation,Builtin,3,7519,0x5579385938c0,5528,IteratorZipKeyedHelperNext
code-creation,Builtin,3,7524,0x557938594e80,3328,IteratorPrototypeIncludes
code-creation,Builtin,3,7531,0x557938595bc0,8244,MapGroupBy
code-creation,Builtin,3,7534,0x557938597c00,304,MathAbs
code-creation,Builtin,3,7535,0x557938597d40,452,MathCeil
code-creation,Builtin,3,7536,0x557938597f40,456,MathFloor
code-creation,Builtin,3,7538,0x557938598140,504,MathRound
code-creation,Builtin,3,7539,0x557938598340,452,MathTrunc
code-creation,Builtin,3,7540,0x557938598540,408,MathPow
code-creation,Builtin,3,7542,0x557938598700,468,MathMax
code-creation,Builtin,3,7543,0x557938598900,468,MathMin
code-creation,Builtin,3,7550,0x557938598b00,312,MathAcos
code-creation,Builtin,3,7552,0x557938598c40,312,MathAcosh
code-creation,Builtin,3,7557,0x557938598d80,312,MathAsin
code-creation,Builtin,3,7559,0x557938598ec0,312,MathAsinh
code-creation,Builtin,3,7560,0x557938599000,312,MathAtan
code-creation,Builtin,3,7561,0x557938599140,396,MathAtan2
code-creation,Builtin,3,7563,0x557938599300,312,MathAtanh
code-creation,Builtin,3,7564,0x557938599440,312,MathCbrt
code-creation,Builtin,3,7565,0x557938599580,248,MathClz32
code-creation,Builtin,3,7572,0x557938599680,312,MathCos
code-creation,Builtin,3,7578,0x5579385997c0,312,MathCosh
code-creation,Builtin,3,7580,0x557938599900,312,MathExp
code-creation,Builtin,3,7581,0x557938599a40,312,MathExpm1
code-creation,Builtin,3,7582,0x557938599b80,260,MathFround
code-creation,Builtin,3,7584,0x557938599cc0,552,MathF16round
code-creation,Builtin,3,7585,0x557938599f00,372,MathImul
code-creation,Builtin,3,7586,0x55793859a080,312,MathLog
code-creation,Builtin,3,7594,0x55793859a1c0,312,MathLog1p
code-creation,Builtin,3,7599,0x55793859a300,312,MathLog10
code-creation,Builtin,3,7601,0x55793859a440,312,MathLog2
code-creation,Builtin,3,7602,0x55793859a580,312,MathSin
code-creation,Builtin,3,7603,0x55793859a6c0,152,MathSign
code-creation,Builtin,3,7609,0x55793859a780,312,MathSinh
code-creation,Builtin,3,7611,0x55793859a8c0,256,MathSqrt
code-creation,Builtin,3,7612,0x55793859aa00,312,MathTan
code-creation,Builtin,3,7614,0x55793859ab40,312,MathTanh
code-creation,Builtin,3,7615,0x55793859ac80,2440,MathHypot
code-creation,Builtin,3,7616,0x55793859b640,380,MathRandom
code-creation,Builtin,3,7618,0x55793859b7c0,2328,NumberPrototypeToString
code-creation,Builtin,3,7625,0x55793859c100,116,NumberIsFinite
code-creation,Builtin,3,7627,0x55793859c180,308,NumberIsInteger
code-creation,Builtin,3,7628,0x55793859c2c0,112,NumberIsNaN
code-creation,Builtin,3,7630,0x55793859c340,352,NumberIsSafeInteger
code-creation,Builtin,3,7631,0x55793859c4c0,220,NumberPrototypeValueOf
code-creation,Builtin,3,7633,0x55793859c5c0,232,NumberParseFloat
code-creation,Builtin,3,7634,0x55793859c6c0,320,ParseInt
code-creation,Builtin,3,7636,0x55793859c840,96,NumberParseInt
code-creation,Builtin,3,7637,0x55793859c8c0,1056,Add
code-creation,Builtin,3,7645,0x55793859cd00,564,Subtract
code-creation,Builtin,3,7647,0x55793859cf40,848,Multiply
code-creation,Builtin,3,7648,0x55793859d2c0,620,Divide
code-creation,Builtin,3,7654,0x55793859d540,916,Modulus
code-creation,Builtin,3,7655,0x55793859d900,556,Exponentiate
code-creation,Builtin,3,7657,0x55793859db40,464,Negate
code-creation,Builtin,3,7658,0x55793859dd40,264,BitwiseNot
code-creation,Builtin,3,7660,0x55793859de80,148,Decrement
code-creation,Builtin,3,7661,0x55793859df40,148,Increment
code-creation,Builtin,3,7663,0x55793859e000,676,ShiftLeft
code-creation,Builtin,3,7664,0x55793859e2c0,676,ShiftRight
code-creation,Builtin,3,7674,0x55793859e580,612,ShiftRightLogical
code-creation,Builtin,3,7680,0x55793859e800,428,BitwiseAnd
code-creation,Builtin,3,7683,0x55793859e9c0,428,BitwiseOr
code-creation,Builtin,3,7684,0x55793859eb80,428,BitwiseXor
code-creation,Builtin,3,7686,0x55793859ed40,888,LessThan
code-creation,Builtin,3,7687,0x55793859f0c0,888,LessThanOrEqual
code-creation,Builtin,3,7688,0x55793859f440,888,GreaterThan
code-creation,Builtin,3,7690,0x55793859f7c0,888,GreaterThanOrEqual
code-creation,Builtin,3,7691,0x55793859fb40,1036,Equal
code-creation,Builtin,3,7698,0x55793859ff80,472,StrictEqual
code-creation,Builtin,3,7701,0x5579385a0180,3656,ObjectFromEntries
code-creation,Builtin,3,7706,0x5579385a1000,4164,GroupByGeneric
code-creation,Builtin,3,7708,0x5579385a2080,8760,ObjectGroupBy
code-creation,Builtin,3,7709,0x5579385a42c0,964,CreateObjectWithoutProperties
code-creation,Builtin,3,7711,0x5579385a46c0,140,ObjectIsExtensible
code-creation,Builtin,3,7713,0x5579385a4780,144,ObjectPreventExtensions
code-creation,Builtin,3,7715,0x5579385a4840,152,ObjectGetPrototypeOf
code-creation,Builtin,3,7722,0x5579385a4900,276,ObjectSetPrototypeOf
code-creation,Builtin,3,7728,0x5579385a4a40,88,ObjectPrototypeToString
code-creation,Builtin,3,7730,0x5579385a4ac0,100,ObjectPrototypeValueOf
code-creation,Builtin,3,7732,0x5579385a4b40,176,ObjectPrototypeToLocaleString
code-creation,Builtin,3,7733,0x5579385a4c00,1448,FulfillPromise
code-creation,Builtin,3,7735,0x5579385a51c0,1752,RejectPromise
code-creation,Builtin,3,7741,0x5579385a58c0,1320,NewPromiseCapability
code-creation,Builtin,3,7748,0x5579385a5e00,124,PromiseCapabilityDefaultReject
code-creation,Builtin,3,7750,0x5579385a5e80,108,PromiseCapabilityDefaultResolve
code-creation,Builtin,3,7752,0x5579385a5f00,1500,PerformPromiseThenFunction
code-creation,Builtin,3,7754,0x5579385a6500,1324,PerformPromiseThen
code-creation,Builtin,3,7756,0x5579385a6a40,484,PromiseReject
code-creation,Builtin,3,7757,0x5579385a6c40,280,PromiseGetCapabilitiesExecutor
code-creation,Builtin,3,7759,0x5579385a6d80,124,PromiseConstructorLazyDeoptContinuation
code-creation,Builtin,3,7767,0x5579385a6e00,4128,PromiseAll
code-creation,Builtin,3,7769,0x5579385a7e40,4180,PromiseAllSettled
code-creation,Builtin,3,7770,0x5579385a8ec0,980,PromiseAllResolveElementClosure
code-creation,Builtin,3,7776,0x5579385a92c0,1404,PromiseAllSettledResolveElementClosure
code-creation,Builtin,3,7779,0x5579385a9840,1404,PromiseAllSettledRejectElementClosure
code-creation,Builtin,3,7781,0x5579385a9dc0,1076,PromiseAnyRejectElementClosure
code-creation,Builtin,3,7782,0x5579385aa200,2472,PromiseAny
code-creation,Builtin,3,7784,0x5579385aabc0,2104,PromiseConstructor
code-creation,Builtin,3,7785,0x5579385ab400,268,PromisePrototypeCatch
code-creation,Builtin,3,7793,0x5579385ab540,84,PromiseValueThunkFinally
code-creation,Builtin,3,7799,0x5579385ab5c0,76,PromiseThrowerFinally
code-creation,Builtin,3,7801,0x5579385ab640,604,PromiseCatchFinally
code-creation,Builtin,3,7802,0x5579385ab8c0,604,PromiseThenFinally
code-creation,Builtin,3,7804,0x5579385abb40,1000,PromisePrototypeFinally
code-creation,Builtin,3,7806,0x5579385abf40,660,PromiseResolveThenableJob
code-creation,Builtin,3,7808,0x5579385ac200,160,GetContinuationPreservedEmbedderData
code-creation,Builtin,3,7810,0x5579385ac2c0,88,SetContinuationPreservedEmbedderData
code-creation,Builtin,3,7817,0x5579385ac340,184,AsyncAwaitNonThenableFastPath
code-creation,Builtin,3,7824,0x5579385ac400,1676,PromiseRace
code-creation,Builtin,3,7826,0x5579385acac0,440,PromiseFulfillReactionJob
code-creation,Builtin,3,7828,0x5579385acc80,536,PromiseRejectReactionJob
code-creation,Builtin,3,7830,0x5579385acec0,148,PromiseResolveTrampoline
code-creation,Builtin,3,7831,0x5579385acf80,568,PromiseResolve
code-creation,Builtin,3,7833,0x5579385ad1c0,776,ResolvePromise
code-creation,Builtin,3,7835,0x5579385ad500,1972,PromisePrototypeThen
code-creation,Builtin,3,7842,0x5579385adcc0,1876,PromiseTry
code-creation,Builtin,3,7844,0x5579385ae440,348,PromiseWithResolvers
code-creation,Builtin,3,7846,0x5579385ae5c0,616,ProxyConstructor
code-creation,Builtin,3,7853,0x5579385ae840,2852,ProxyDeleteProperty
code-creation,Builtin,3,7856,0x5579385af380,2948,ProxyGetProperty
code-creation,Builtin,3,7857,0x5579385aff40,1068,ProxyGetPrototypeOf
code-creation,Builtin,3,7859,0x5579385b0380,2672,ProxyHasProperty
code-creation,Builtin,3,7861,0x5579385b0e00,768,ProxyIsExtensible
code-creation,Builtin,3,7862,0x5579385b1140,808,ProxyPreventExtensions
code-creation,Builtin,3,7864,0x5579385b1480,656,ProxyRevocable
code-creation,Builtin,3,7866,0x5579385b1740,120,ProxyRevoke
code-creation,Builtin,3,7873,0x5579385b17c0,3512,ProxySetProperty
code-creation,Builtin,3,7875,0x5579385b2580,1320,ProxySetPrototypeOf
code-creation,Builtin,3,7881,0x5579385b2ac0,176,ReflectIsExtensible
code-creation,Builtin,3,7883,0x5579385b2b80,180,ReflectPreventExtensions
code-creation,Builtin,3,7884,0x5579385b2c40,176,ReflectGetPrototypeOf
code-creation,Builtin,3,7886,0x5579385b2d00,264,ReflectSetPrototypeOf
code-creation,Builtin,3,7888,0x5579385b2e40,344,ReflectGet
code-creation,Builtin,3,7889,0x5579385b2fc0,152,ReflectDeleteProperty
code-creation,Builtin,3,7891,0x5579385b3080,148,ReflectHas
code-creation,Builtin,3,7897,0x5579385b3140,4680,ReflectGetOwnPropertyDescriptor
code-creation,Builtin,3,7901,0x5579385b43c0,8292,RegExpPrototypeExecSlow
code-creation,Builtin,3,7902,0x5579385b6440,8516,RegExpPrototypeExec
code-creation,Builtin,3,7904,0x5579385b85c0,2884,RegExpPrototypeMatchAll
code-creation,Builtin,3,7906,0x5579385b9140,12908,RegExpStringIteratorPrototypeNext
code-creation,Builtin,3,7911,0x5579385bc3c0,16072,RegExpMatchFast
code-creation,Builtin,3,7914,0x5579385c02c0,3292,RegExpPrototypeMatch
code-creation,Builtin,3,7915,0x5579385c0fc0,10804,RegExpReplace
code-creation,Builtin,3,7917,0x5579385c3a00,532,RegExpPrototypeReplace
code-creation,Builtin,3,7918,0x5579385c3c40,4532,RegExpSearchFast
code-creation,Builtin,3,7920,0x5579385c4e00,1528,RegExpPrototypeSearch
code-creation,Builtin,3,7922,0x5579385c5400,264,RegExpPrototypeSourceGetter
code-creation,Builtin,3,7923,0x5579385c5540,10624,RegExpSplit
code-creation,Builtin,3,7925,0x5579385c7f00,648,RegExpPrototypeSplit
code-creation,Builtin,3,7927,0x5579385c81c0,5352,RegExpPrototypeTest
code-creation,Builtin,3,7928,0x5579385c96c0,4484,RegExpPrototypeTestFast
code-creation,Builtin,3,7930,0x5579385ca880,220,RegExpPrototypeGlobalGetter
code-creation,Builtin,3,7932,0x5579385ca980,220,RegExpPrototypeIgnoreCaseGetter
code-creation,Builtin,3,7934,0x5579385caa80,224,RegExpPrototypeMultilineGetter
code-creation,Builtin,3,7935,0x5579385cab80,224,RegExpPrototypeHasIndicesGetter
code-creation,Builtin,3,7937,0x5579385cac80,224,RegExpPrototypeLinearGetter
code-creation,Builtin,3,7939,0x5579385cad80,224,RegExpPrototypeDotAllGetter
code-creation,Builtin,3,7941,0x5579385cae80,244,RegExpPrototypeStickyGetter
code-creation,Builtin,3,7949,0x5579385caf80,244,RegExpPrototypeUnicodeGetter
code-creation,Builtin,3,7954,0x5579385cb080,224,RegExpPrototypeUnicodeSetsGetter
code-creation,Builtin,3,7957,0x5579385cb180,2572,RegExpPrototypeFlagsGetter
code-creation,Builtin,3,7959,0x5579385cbbc0,12532,SetPrototypeDifference
code-creation,Builtin,3,7960,0x5579385cecc0,13568,SetPrototypeIntersection
code-creation,Builtin,3,7962,0x5579385d2200,3112,SetPrototypeIsDisjointFrom
code-creation,Builtin,3,7964,0x5579385d2e40,1860,SetPrototypeIsSubsetOf
code-creation,Builtin,3,7966,0x5579385d35c0,2320,SetPrototypeIsSupersetOf
code-creation,Builtin,3,7967,0x5579385d3f00,12216,SetPrototypeSymmetricDifference
code-creation,Builtin,3,7969,0x5579385d6ec0,9160,SetPrototypeUnion
code-creation,Builtin,3,7971,0x5579385d92c0,1260,StringPrototypeAt
code-creation,Builtin,3,7972,0x5579385d97c0,3804,StringPrototypeEndsWith
code-creation,Builtin,3,7980,0x5579385da6c0,484,CreateHTML
code-creation,Builtin,3,7986,0x5579385da8c0,296,StringPrototypeAnchor
code-creation,Builtin,3,7988,0x5579385daa00,156,StringPrototypeBig
code-creation,Builtin,3,7989,0x5579385daac0,156,StringPrototypeBlink
code-creation,Builtin,3,7991,0x5579385dab80,156,StringPrototypeBold
code-creation,Builtin,3,7993,0x5579385dac40,296,StringPrototypeFontcolor
code-creation,Builtin,3,7998,0x5579385dad80,296,StringPrototypeFontsize
code-creation,Builtin,3,7999,0x5579385daec0,156,StringPrototypeFixed
code-creation,Builtin,3,8001,0x5579385daf80,156,StringPrototypeItalics
code-creation,Builtin,3,8007,0x5579385db040,296,StringPrototypeLink
code-creation,Builtin,3,8011,0x5579385db180,156,StringPrototypeSmall
code-creation,Builtin,3,8013,0x5579385db240,156,StringPrototypeStrike
code-creation,Builtin,3,8018,0x5579385db300,156,StringPrototypeSub
code-creation,Builtin,3,8020,0x5579385db3c0,156,StringPrototypeSup
code-creation,Builtin,3,8022,0x5579385db480,972,StringPrototypeIncludes
code-creation,Builtin,3,8023,0x5579385db880,644,StringPrototypeIndexOf
code-creation,Builtin,3,8025,0x5579385dbb40,668,StringPrototypeIsWellFormed
code-creation,Builtin,3,8027,0x5579385dbe00,324,StringPrototypeIterator
code-creation,Builtin,3,8029,0x5579385dbf80,1668,StringIteratorPrototypeNext
code-creation,Builtin,3,8030,0x5579385dc640,1676,StringPrototypeMatch
code-creation,Builtin,3,8032,0x5579385dcd00,1676,StringPrototypeSearch
code-creation,Builtin,3,8039,0x5579385dd3c0,796,StringPrototypePadStart
code-creation,Builtin,3,8042,0x5579385dd700,796,StringPrototypePadEnd
code-creation,Builtin,3,8047,0x5579385dda40,156,StringRepeat
code-creation,Builtin,3,8049,0x5579385ddb00,392,StringPrototypeRepeat
code-creation,Builtin,3,8051,0x5579385ddcc0,14864,StringPrototypeReplaceAll
code-creation,Builtin,3,8053,0x5579385e1700,4632,StringPrototypeSlice
code-creation,Builtin,3,8054,0x5579385e2940,3804,StringPrototypeStartsWith
code-creation,Builtin,3,8056,0x5579385e3840,4492,StringPrototypeSubstr
code-creation,Builtin,3,8058,0x5579385e4a00,4448,StringPrototypeSubstring
code-creation,Builtin,3,8059,0x5579385e5b80,1028,StringPrototypeToWellFormed
code-creation,Builtin,3,8061,0x5579385e5fc0,9028,StringPrototypeTrim
code-creation,Builtin,3,8063,0x5579385e8340,8640,StringPrototypeTrimStart
code-creation,Builtin,3,8070,0x5579385ea540,8008,StringPrototypeTrimEnd
code-creation,Builtin,3,8072,0x5579385ec4c0,300,SuppressedErrorConstructor
code-creation,Builtin,3,8078,0x5579385ec600,220,SymbolPrototypeDescriptionGetter
code-creation,Builtin,3,8080,0x5579385ec700,212,SymbolPrototypeToPrimitive
code-creation,Builtin,3,8082,0x5579385ec800,232,SymbolPrototypeToString
code-creation,Builtin,3,8084,0x5579385ec900,212,SymbolPrototypeValueOf
code-creation,Builtin,3,8085,0x5579385eca00,1104,TypedArrayPrototypeAt
code-creation,Builtin,3,8087,0x5579385ece80,12808,CreateTypedArray
code-creation,Builtin,3,8093,0x5579385f00c0,1676,TypedArrayPrototypeEvery
code-creation,Builtin,3,8097,0x5579385f0780,412,TypedArrayPrototypeEntries
code-creation,Builtin,3,8102,0x5579385f0940,4232,TypedArrayPrototypeFilter
code-creation,Builtin,3,8104,0x5579385f1a00,1676,TypedArrayPrototypeFind
code-creation,Builtin,3,8106,0x5579385f20c0,1684,TypedArrayPrototypeFindIndex
code-creation,Builtin,3,8108,0x5579385f2780,1696,TypedArrayPrototypeFindLast
code-creation,Builtin,3,8110,0x5579385f2e40,1704,TypedArrayPrototypeFindLastIndex
code-creation,Builtin,3,8112,0x5579385f3500,1552,TypedArrayPrototypeForEach
code-creation,Builtin,3,8114,0x5579385f3b40,5076,TypedArrayFrom
code-creation,Builtin,3,8115,0x5579385f4f40,412,TypedArrayPrototypeKeys
code-creation,Builtin,3,8122,0x5579385f5100,1452,TypedArrayOf
code-creation,Builtin,3,8128,0x5579385f56c0,1704,TypedArrayPrototypeReduce
code-creation,Builtin,3,8130,0x5579385f5d80,1656,TypedArrayPrototypeReduceRight
code-creation,Builtin,3,8132,0x5579385f6400,3816,TypedArrayPrototypeSet
code-creation,Builtin,3,8134,0x5579385f7300,3816,TypedArrayPrototypeSlice
code-creation,Builtin,3,8136,0x5579385f8200,1676,TypedArrayPrototypeSome
code-creation,Builtin,3,8137,0x5579385f88c0,880,TypedArrayMergeSort
code-creation,Builtin,3,8143,0x5579385f8c40,2204,TypedArrayPrototypeSort
code-creation,Builtin,3,8147,0x5579385f9500,2792,TypedArrayPrototypeSubArray
code-creation,Builtin,3,8153,0x5579385fa000,1560,TypedArrayPrototypeToReversed
code-creation,Builtin,3,8155,0x5579385fa640,2984,TypedArrayPrototypeToSorted
code-creation,Builtin,3,8160,0x5579385fb200,412,TypedArrayPrototypeValues
code-creation,Builtin,3,8162,0x5579385fb3c0,3528,TypedArrayPrototypeWith
code-creation,Builtin,3,8163,0x5579385fc1c0,1548,WeakRefConstructor
code-creation,Builtin,3,8165,0x5579385fc800,184,WeakRefDeref
code-creation,Builtin,3,8166,0x5579385fc8c0,716,NewSloppyArgumentsElements
code-creation,Builtin,3,8172,0x5579385fcbc0,288,NewStrictArgumentsElements
code-creation,Builtin,3,8177,0x5579385fcd00,372,NewRestArgumentsElements
code-creation,Builtin,3,8182,0x5579385fce80,1396,FastNewSloppyArguments
code-creation,Builtin,3,8184,0x5579385fd400,504,FastNewStrictArguments
code-creation,Builtin,3,8186,0x5579385fd600,556,FastNewRestArguments
code-creation,Builtin,3,8188,0x5579385fd840,256,LoadFromContextCell
code-creation,Builtin,3,8189,0x5579385fd980,2372,StoreCurrentContextElementBaseline
code-creation,Builtin,3,8191,0x5579385fe300,2448,StoreContextElementBaseline
code-creation,Builtin,3,8193,0x5579385fecc0,316,DetachContextCell
code-creation,Builtin,3,8195,0x5579385fee00,736,StringSlowFlatten
code-creation,Builtin,3,8196,0x5579385ff100,2744,StringIndexOf
code-creation,Builtin,3,8204,0x5579385ffbc0,1896,TestTurbofanType
code-creation,Builtin,3,8206,0x557938600340,156,CheckTurbofanType
code-creation,Builtin,3,8211,0x557938600400,540,CheckTurboshaftWord32Type
code-creation,Builtin,3,8235,0x557938600640,928,CheckTurboshaftWord64Type
code-creation,Builtin,3,8238,0x557938600a00,1012,CheckTurboshaftFloat32Type
code-creation,Builtin,3,8241,0x557938600e00,1012,CheckTurboshaftFloat64Type
code-creation,Builtin,3,8243,0x557938601200,124,DebugPrintWord32
code-creation,Builtin,3,8248,0x557938601280,180,DebugPrintWord64
code-creation,Builtin,3,8250,0x557938601340,132,DebugPrintFloat32
code-creation,Builtin,3,8252,0x557938601400,176,DebugPrintFloat64
code-creation,Builtin,3,8253,0x5579386014c0,140,DebugPrintObject
code-creation,Builtin,3,8255,0x557938601580,4,GenericBuiltinTest_JSAny_0
code-creation,Builtin,3,8257,0x5579386015c0,8,TestHelperPlus1
code-creation,Builtin,3,8258,0x557938601600,8,TestHelperPlus2
code-creation,Builtin,3,8260,0x557938601640,16,ReturnTwoValues
code-creation,Builtin,3,8262,0x557938601680,28,ThrowAsBuiltin
code-creation,Builtin,3,8263,0x5579386016c0,84,TestCallNever
code-creation,Builtin,3,8265,0x557938601740,36,TestIncrementArraySpeciesModified
code-creation,Builtin,3,8271,0x557938601780,36,Load_FastSmiElements_0
code-creation,Builtin,3,8275,0x5579386017c0,36,Load_FastObjectElements_0
code-creation,Builtin,3,8277,0x557938601800,164,Load_FastDoubleElements_0
code-creation,Builtin,3,8278,0x5579386018c0,32,Store_FastSmiElements_0
code-creation,Builtin,3,8280,0x557938601900,96,Store_FastObjectElements_0
code-creation,Builtin,3,8286,0x557938601980,88,Store_FastDoubleElements_0
code-creation,Builtin,3,8288,0x557938601a00,40,Delete_FastSmiElements_0
code-creation,Builtin,3,8290,0x557938601a40,40,Delete_FastObjectElements_0
code-creation,Builtin,3,8291,0x557938601a80,44,Delete_FastDoubleElements_0
code-creation,Builtin,3,8293,0x557938601ac0,196,SortCompareDefault
code-creation,Builtin,3,8295,0x557938601bc0,88,SortCompareUserFn
code-creation,Builtin,3,8296,0x557938601c40,8,CanUseSameAccessor_GenericElementsAccessor_0
code-creation,Builtin,3,8303,0x557938601c80,380,Copy
code-creation,Builtin,3,8306,0x557938601e00,6108,MergeAt
code-creation,Builtin,3,8311,0x557938603600,904,GallopLeft
code-creation,Builtin,3,8313,0x5579386039c0,972,GallopRight
code-creation,Builtin,3,8315,0x557938603dc0,7140,ArrayPowerSort
code-creation,Builtin,3,8316,0x5579386059c0,1764,ArrayPrototypeSort
code-creation,Builtin,3,8318,0x5579386060c0,4768,StringFastLocaleCompare
code-creation,Builtin,3,8320,0x557938607380,3384,JSToWasmWrapper
code-creation,Builtin,3,8321,0x5579386080c0,3392,WasmPromising
code-creation,Builtin,3,8323,0x557938608e40,3392,WasmStressSwitch
code-creation,Builtin,3,8332,0x557938609bc0,2952,JSToWasmHandleReturns
code-creation,Builtin,3,8336,0x55793860a780,88,WasmInt32ToHeapNumber
code-creation,Builtin,3,8337,0x55793860a800,68,WasmInt32ToSharedHeapNumber
code-creation,Builtin,3,8342,0x55793860a880,116,WasmFuncRefToJS
code-creation,Builtin,3,8344,0x55793860a900,328,WasmTaggedNonSmiToInt32
code-creation,Builtin,3,8346,0x55793860aa80,308,WasmTaggedToFloat64
code-creation,Builtin,3,8348,0x55793860abc0,100,WasmTaggedToFloat32
code-creation,Builtin,3,8349,0x55793860ac40,68,WasmMemoryGrow
code-creation,Builtin,3,8351,0x55793860acc0,88,WasmTableInit
code-creation,Builtin,3,8358,0x55793860ad40,92,WasmTableCopy
code-creation,Builtin,3,8360,0x55793860adc0,76,WasmTableFill
code-creation,Builtin,3,8366,0x55793860ae40,64,WasmTableGrow
code-creation,Builtin,3,8367,0x55793860aec0,72,WasmTableGet
code-creation,Builtin,3,8369,0x55793860af40,136,WasmTableSet
code-creation,Builtin,3,8370,0x55793860b000,148,WasmTableGetFuncRef
code-creation,Builtin,3,8372,0x55793860b0c0,48,WasmFunctionTableGet
code-creation,Builtin,3,8373,0x55793860b100,92,WasmTableSetFuncRef
code-creation,Builtin,3,8375,0x55793860b180,68,WasmRefFunc
code-creation,Builtin,3,8376,0x55793860b200,32,WasmInternalFunctionCreateExternal
code-creation,Builtin,3,8383,0x55793860b240,224,WasmAllocateZeroedFixedArray
code-creation,Builtin,3,8390,0x55793860b340,148,WasmAllocateFixedArray
code-creation,Builtin,3,8392,0x55793860b400,36,WasmLiftoffDeoptFinish
code-creation,Builtin,3,8394,0x55793860b440,44,WasmThrow
code-creation,Builtin,3,8395,0x55793860b480,40,WasmRethrow
code-creation,Builtin,3,8397,0x55793860b4c0,52,WasmThrowRef
code-creation,Builtin,3,8398,0x55793860b500,40,WasmRethrowExplicitContext
code-creation,Builtin,3,8400,0x55793860b540,40,WasmTriggerTierUp
code-creation,Builtin,3,8405,0x55793860b580,20,WasmGrowableStackGuard
code-creation,Builtin,3,8409,0x55793860b5c0,44,WasmStackGuard
code-creation,Builtin,3,8415,0x55793860b600,28,WasmStackGuardLoop
code-creation,Builtin,3,8417,0x55793860b640,28,WasmStackOverflow
code-creation,Builtin,3,8418,0x55793860b680,28,WasmTraceGlobal
code-creation,Builtin,3,8420,0x55793860b6c0,28,WasmTraceMemory
code-creation,Builtin,3,8421,0x55793860b700,28,WasmTraceEnter
code-creation,Builtin,3,8423,0x55793860b740,40,WasmTraceExit
code-creation,Builtin,3,8424,0x55793860b780,44,WasmConfigureAllPrototypesOpt
code-creation,Builtin,3,8426,0x55793860b7c0,712,WasmAllocateJSArray
code-creation,Builtin,3,8434,0x55793860bac0,92,WasmAllocateStructWithRtt
code-creation,Builtin,3,8440,0x55793860bb40,52,WasmAllocateDescriptorStruct
code-creation,Builtin,3,8442,0x55793860bb80,132,WasmAllocateSharedStructWithRtt
code-creation,Builtin,3,8444,0x55793860bc40,120,WasmAllocateArray_Uninitialized
code-creation,Builtin,3,8446,0x55793860bcc0,164,WasmAllocateSharedArray_Uninitialized
code-creation,Builtin,3,8448,0x55793860bd80,96,WasmArrayNewSegment
code-creation,Builtin,3,8455,0x55793860be00,180,WasmArrayInitSegment
code-creation,Builtin,3,8458,0x55793860bec0,136,WasmArrayCopy
code-creation,Builtin,3,8462,0x55793860bf80,100,WasmUint32ToNumber
code-creation,Builtin,3,8465,0x55793860c000,132,UintPtr53ToNumber
code-creation,Builtin,3,8466,0x55793860c0c0,380,WasmI32AtomicWait
code-creation,Builtin,3,8468,0x55793860c240,288,WasmI64AtomicWait
code-creation,Builtin,3,8469,0x55793860c380,192,WasmManagedObjectWait32
code-creation,Builtin,3,8471,0x55793860c480,56,WasmManagedObjectWait64
code-creation,Builtin,3,8473,0x55793860c4c0,56,WasmManagedObjectWaitRef
code-creation,Builtin,3,8475,0x55793860c500,28,WasmWaitqueueNew
code-creation,Builtin,3,8476,0x55793860c540,1156,CallRefIC
code-creation,Builtin,3,8478,0x55793860ca00,1020,CallIndirectIC
code-creation,Builtin,3,8479,0x55793860ce00,92,WasmTrap
code-creation,Builtin,3,8484,0x55793860ce80,12,ThrowWasmTrapUnreachable
code-creation,Builtin,3,8488,0x55793860cec0,80,WasmTrapHandlerThrowTrap
code-creation,Builtin,3,8490,0x55793860cf40,20,WasmPropagateException
code-creation,Builtin,3,8496,0x55793860cf80,12,ThrowWasmTrapMemOutOfBounds
code-creation,Builtin,3,8498,0x55793860cfc0,12,ThrowWasmTrapUnalignedAccess
code-creation,Builtin,3,8499,0x55793860d000,12,ThrowWasmTrapDivByZero
code-creation,Builtin,3,8501,0x55793860d040,12,ThrowWasmTrapDivUnrepresentable
code-creation,Builtin,3,8503,0x55793860d080,12,ThrowWasmTrapRemByZero
code-creation,Builtin,3,8513,0x55793860d0c0,12,ThrowWasmTrapFloatUnrepresentable
code-creation,Builtin,3,8520,0x55793860d100,12,ThrowWasmTrapFuncSigMismatch
code-creation,Builtin,3,8522,0x55793860d140,12,ThrowWasmTrapNullFunc
code-creation,Builtin,3,8523,0x55793860d180,12,ThrowWasmTrapDataSegmentOutOfBounds
code-creation,Builtin,3,8526,0x55793860d1c0,12,ThrowWasmTrapElementSegmentOutOfBounds
code-creation,Builtin,3,8528,0x55793860d200,12,ThrowWasmTrapTableOutOfBounds
code-creation,Builtin,3,8530,0x55793860d240,12,ThrowWasmTrapRethrowNull
code-creation,Builtin,3,8532,0x55793860d280,12,ThrowWasmTrapNullDereference
code-creation,Builtin,3,8534,0x55793860d2c0,12,ThrowWasmTrapIllegalCast
code-creation,Builtin,3,8535,0x55793860d300,12,ThrowWasmTrapArrayOutOfBounds
code-creation,Builtin,3,8537,0x55793860d340,12,ThrowWasmTrapArrayTooLarge
code-creation,Builtin,3,8539,0x55793860d380,12,ThrowWasmTrapStringOffsetOutOfBounds
code-creation,Builtin,3,8541,0x55793860d3c0,24,WasmTypeAssertionFailed
code-creation,Builtin,3,8543,0x55793860d400,12,ThrowWasmTrapResume
code-creation,Builtin,3,8552,0x55793860d440,12,ThrowWasmTrapSuspend
code-creation,Builtin,3,8556,0x55793860d480,12,ThrowWasmTrapSwitch
code-creation,Builtin,3,8558,0x55793860d4c0,476,WasmStringNewWtf8
code-creation,Builtin,3,8560,0x55793860d6c0,160,WasmStringNewWtf8Array
code-creation,Builtin,3,8562,0x55793860d780,476,WasmStringNewWtf16
code-creation,Builtin,3,8563,0x55793860d980,1292,WasmStringNewWtf16Array
code-creation,Builtin,3,8565,0x55793860dec0,144,WasmStringFromDataSegment
code-creation,Builtin,3,8573,0x55793860df80,240,WasmStringAsWtf16
code-creation,Builtin,3,8575,0x55793860e080,44,WasmStringConst
code-creation,Builtin,3,8576,0x55793860e0c0,96,WasmStringMeasureUtf8
code-creation,Builtin,3,8578,0x55793860e140,96,WasmStringMeasureWtf8
code-creation,Builtin,3,8584,0x55793860e1c0,276,WasmStringEncodeWtf8
code-creation,Builtin,3,8586,0x55793860e300,324,WasmStringEncodeWtf8Array
code-creation,Builtin,3,8587,0x55793860e480,48,WasmStringToUtf8Array
code-creation,Builtin,3,8589,0x55793860e4c0,228,WasmStringEncodeWtf16
code-creation,Builtin,3,8591,0x55793860e5c0,1228,WasmStringEncodeWtf16Array
code-creation,Builtin,3,8593,0x55793860eac0,60,ThrowToLowerCaseCalledOnNull
code-creation,Builtin,3,8595,0x55793860eb00,60,ThrowIndexOfCalledOnNull
code-creation,Builtin,3,8596,0x55793860eb40,48,ThrowDataViewTypeError
code-creation,Builtin,3,8598,0x55793860eb80,44,ThrowDataViewDetachedError
code-creation,Builtin,3,8600,0x55793860ebc0,44,ThrowDataViewOutOfBounds
code-creation,Builtin,3,8602,0x55793860ec00,20,WasmStringConcat
code-creation,Builtin,3,8603,0x55793860ec40,44,WasmStringAdd_NoMapCheck_Shared
code-creation,Builtin,3,8616,0x55793860ec80,264,WasmStringEqual
code-creation,Builtin,3,8619,0x55793860edc0,120,WasmStringIsUSVSequence
code-creation,Builtin,3,8620,0x55793860ee40,40,WasmStringAsWtf8
code-creation,Builtin,3,8622,0x55793860ee80,212,WasmStringViewWtf8Advance
code-creation,Builtin,3,8644,0x55793860ef80,708,WasmStringViewWtf8Encode
code-creation,Builtin,3,8659,0x55793860f280,524,WasmStringViewWtf8Slice
code-creation,Builtin,3,8661,0x55793860f4c0,480,WasmStringViewWtf16GetCodeUnit
code-creation,Builtin,3,8663,0x55793860f6c0,264,WasmStringViewWtf16Encode
code-creation,Builtin,3,8665,0x55793860f800,6072,WasmStringViewWtf16Slice
code-creation,Builtin,3,8667,0x557938610fc0,76,WasmStringSliceShared
code-creation,Builtin,3,8672,0x557938611040,88,WasmStringAsIter
code-creation,Builtin,3,8674,0x5579386110c0,1032,WasmStringCodePointAt
code-creation,Builtin,3,8676,0x557938611500,1048,WasmStringViewIterNext
code-creation,Builtin,3,8678,0x557938611940,1084,WasmStringViewIterAdvance
code-creation,Builtin,3,8680,0x557938611d80,1144,WasmStringViewIterRewind
code-creation,Builtin,3,8682,0x557938612200,4716,WasmStringViewIterSlice
code-creation,Builtin,3,8683,0x557938613480,2076,WasmIntToString
code-creation,Builtin,3,8685,0x557938613cc0,504,WasmStringToDouble
code-creation,Builtin,3,8695,0x557938613ec0,280,WasmStringFromCodePoint
code-creation,Builtin,3,8698,0x557938614000,36,WasmStringHash
code-creation,Builtin,3,8703,0x557938614040,56,WasmAnyConvertExtern
code-creation,Builtin,3,8705,0x557938614080,56,WasmAnyConvertExternShared
code-creation,Builtin,3,8707,0x5579386140c0,456,WasmFastApiCallTypeCheckAndUpdateIC
code-creation,Builtin,3,8713,0x5579386142c0,3712,WasmStringIndexOf
code-creation,Builtin,3,8720,0x557938615180,84,WasmLiftoffIsEqRefUnshared
code-creation,Builtin,3,8722,0x557938615200,68,WasmLiftoffIsArrayRefUnshared
code-creation,Builtin,3,8724,0x557938615280,68,WasmLiftoffIsStructRefUnshared
code-creation,Builtin,3,8726,0x557938615300,84,WasmLiftoffCastEqRefUnshared
code-creation,Builtin,3,8728,0x557938615380,60,WasmLiftoffCastArrayRefUnshared
code-creation,Builtin,3,8730,0x5579386153c0,60,WasmLiftoffCastStructRefUnshared
code-creation,Builtin,3,8732,0x557938615400,116,WebAssemblyStringCast
code-creation,Builtin,3,8738,0x557938615480,88,WebAssemblyStringTest
code-creation,Builtin,3,8745,0x557938615500,364,WebAssemblyStringFromWtf16Array
code-creation,Builtin,3,8748,0x557938615680,372,WebAssemblyStringFromWtf16ArrayShared
code-creation,Builtin,3,8750,0x557938615800,376,WebAssemblyStringFromUtf8Array
code-creation,Builtin,3,8752,0x557938615980,376,WebAssemblyStringFromUtf8ArrayShared
code-creation,Builtin,3,8754,0x557938615b00,424,WebAssemblyStringIntoUtf8Array
code-creation,Builtin,3,8756,0x557938615cc0,424,WebAssemblyStringIntoUtf8ArrayShared
code-creation,Builtin,3,8758,0x557938615e80,136,WebAssemblyStringToUtf8Array
code-creation,Builtin,3,8760,0x557938615f40,136,WebAssemblyStringToUtf8ArrayShared
code-creation,Builtin,3,8770,0x557938616000,300,WebAssemblyStringToWtf16Array
code-creation,Builtin,3,8773,0x557938616140,300,WebAssemblyStringToWtf16ArrayShared
code-creation,Builtin,3,8776,0x557938616280,260,WebAssemblyStringFromCharCode
code-creation,Builtin,3,8777,0x5579386163c0,176,WebAssemblyStringFromCharCodeShared
code-creation,Builtin,3,8779,0x557938616480,320,WebAssemblyStringFromCodePoint
code-creation,Builtin,3,8781,0x557938616600,144,WebAssemblyStringFromCodePointShared
code-creation,Builtin,3,8783,0x5579386166c0,1160,WebAssemblyStringCodePointAt
code-creation,Builtin,3,8790,0x557938616b80,648,WebAssemblyStringCharCodeAt
code-creation,Builtin,3,8793,0x557938616e40,120,WebAssemblyStringLength
code-creation,Builtin,3,8795,0x557938616ec0,132,WebAssemblyStringMeasureUtf8
code-creation,Builtin,3,8800,0x557938616f80,144,WebAssemblyStringConcat
code-creation,Builtin,3,8802,0x557938617040,376,WebAssemblyStringSubstring
code-creation,Builtin,3,8804,0x5579386171c0,264,WebAssemblyStringEquals
code-creation,Builtin,3,8806,0x557938617300,144,WebAssemblyStringCompare
code-creation,Builtin,3,8808,0x5579386173c0,128,WebAssemblyConfigureAllPrototypes
code-creation,Builtin,3,8810,0x557938617480,160,LoadJoinElement_GenericElementsAccessor_0
code-creation,Builtin,3,8818,0x557938617540,120,LoadJoinTypedElement_Int32Elements_0
code-creation,Builtin,3,8820,0x5579386175c0,308,LoadJoinTypedElement_Float16Elements_0
code-creation,Builtin,3,8826,0x557938617700,112,LoadJoinTypedElement_Float32Elements_0
code-creation,Builtin,3,8828,0x557938617780,108,LoadJoinTypedElement_Float64Elements_0
code-creation,Builtin,3,8831,0x557938617800,28,LoadJoinTypedElement_Uint8ClampedElements_0
code-creation,Builtin,3,8833,0x557938617840,188,LoadJoinTypedElement_BigUint64Elements_0
code-creation,Builtin,3,8836,0x557938617900,232,LoadJoinTypedElement_BigInt64Elements_0
code-creation,Builtin,3,8838,0x557938617a00,28,LoadJoinTypedElement_Uint8Elements_0
code-creation,Builtin,3,8846,0x557938617a40,28,LoadJoinTypedElement_Int8Elements_0
code-creation,Builtin,3,8852,0x557938617a80,28,LoadJoinTypedElement_Uint16Elements_0
code-creation,Builtin,3,8854,0x557938617ac0,28,LoadJoinTypedElement_Int16Elements_0
code-creation,Builtin,3,8856,0x557938617b00,124,LoadJoinTypedElement_Uint32Elements_0
code-creation,Builtin,3,8859,0x557938617b80,8,GenericBuiltinTest_Smi_0
code-creation,Builtin,3,8860,0x557938617bc0,28,CanUseSameAccessor_FastDoubleElements_0
code-creation,Builtin,3,8862,0x557938617c00,28,CanUseSameAccessor_FastSmiElements_0
code-creation,Builtin,3,8873,0x557938617c40,28,CanUseSameAccessor_FastObjectElements_0
code-creation,Builtin,3,8879,0x557938617c80,24,LoadNoHasPropertyCheck_GenericElementsAccessor_0
code-creation,Builtin,3,8882,0x557938617cc0,3704,Load_GenericElementsAccessor_0
code-creation,Builtin,3,8884,0x557938618b40,28,Store_GenericElementsAccessor_0
code-creation,Builtin,3,8886,0x557938618b80,32,Delete_GenericElementsAccessor_0
code-creation,Builtin,3,8888,0x557938618bc0,120,LoadTypedElement_Int32Elements_0
code-creation,Builtin,3,8890,0x557938618c40,204,StoreTypedElementNumeric_Int32Elements_0
code-creation,Builtin,3,8892,0x557938618d40,536,StoreTypedElementJSAny_Int32Elements_0
code-creation,Builtin,3,8900,0x557938618f80,308,LoadTypedElement_Float16Elements_0
code-creation,Builtin,3,8905,0x5579386190c0,240,StoreTypedElementNumeric_Float16Elements_0
code-creation,Builtin,3,8908,0x5579386191c0,840,StoreTypedElementJSAny_Float16Elements_0
code-creation,Builtin,3,8911,0x557938619540,112,LoadTypedElement_Float32Elements_0
code-creation,Builtin,3,8913,0x5579386195c0,36,StoreTypedElementNumeric_Float32Elements_0
code-creation,Builtin,3,8915,0x557938619600,508,StoreTypedElementJSAny_Float32Elements_0
code-creation,Builtin,3,8921,0x557938619800,108,LoadTypedElement_Float64Elements_0
code-creation,Builtin,3,8925,0x557938619880,32,StoreTypedElementNumeric_Float64Elements_0
code-creation,Builtin,3,8927,0x5579386198c0,508,StoreTypedElementJSAny_Float64Elements_0
code-creation,Builtin,3,8929,0x557938619ac0,28,LoadTypedElement_Uint8ClampedElements_0
code-creation,Builtin,3,8935,0x557938619b00,28,StoreTypedElementNumeric_Uint8ClampedElements_0
code-creation,Builtin,3,8938,0x557938619b40,956,StoreTypedElementJSAny_Uint8ClampedElements_0
code-creation,Builtin,3,8940,0x557938619f00,188,LoadTypedElement_BigUint64Elements_0
code-creation,Builtin,3,8942,0x557938619fc0,76,StoreTypedElementNumeric_BigUint64Elements_0
code-creation,Builtin,3,8945,0x55793861a040,528,StoreTypedElementJSAny_BigUint64Elements_0
code-creation,Builtin,3,8947,0x55793861a280,232,LoadTypedElement_BigInt64Elements_0
code-creation,Builtin,3,8952,0x55793861a380,76,StoreTypedElementNumeric_BigInt64Elements_0
code-creation,Builtin,3,8957,0x55793861a400,528,StoreTypedElementJSAny_BigInt64Elements_0
code-creation,Builtin,3,8963,0x55793861a640,28,LoadTypedElement_Uint8Elements_0
code-creation,Builtin,3,8965,0x55793861a680,28,StoreTypedElementNumeric_Uint8Elements_0
code-creation,Builtin,3,8968,0x55793861a6c0,536,StoreTypedElementJSAny_Uint8Elements_0
code-creation,Builtin,3,8970,0x55793861a900,28,LoadTypedElement_Int8Elements_0
code-creation,Builtin,3,8972,0x55793861a940,28,StoreTypedElementNumeric_Int8Elements_0
code-creation,Builtin,3,8974,0x55793861a980,536,StoreTypedElementJSAny_Int8Elements_0
code-creation,Builtin,3,8976,0x55793861abc0,28,LoadTypedElement_Uint16Elements_0
code-creation,Builtin,3,9002,0x55793861ac00,28,StoreTypedElementNumeric_Uint16Elements_0
code-creation,Builtin,3,9005,0x55793861ac40,536,StoreTypedElementJSAny_Uint16Elements_0
code-creation,Builtin,3,9007,0x55793861ae80,28,LoadTypedElement_Int16Elements_0
code-creation,Builtin,3,9009,0x55793861aec0,28,StoreTypedElementNumeric_Int16Elements_0
code-creation,Builtin,3,9012,0x55793861af00,536,StoreTypedElementJSAny_Int16Elements_0
code-creation,Builtin,3,9014,0x55793861b140,124,LoadTypedElement_Uint32Elements_0
code-creation,Builtin,3,9022,0x55793861b1c0,204,StoreTypedElementNumeric_Uint32Elements_0
code-creation,Builtin,3,9024,0x55793861b2c0,536,StoreTypedElementJSAny_Uint32Elements_0
code-creation,Builtin,3,9031,0x55793861b500,12,CollatorConstructor
code-creation,Builtin,3,9032,0x55793861b540,12,CollatorInternalCompare
code-creation,Builtin,3,9034,0x55793861b580,12,CollatorPrototypeCompare
code-creation,Builtin,3,9036,0x55793861b5c0,12,CollatorSupportedLocalesOf
code-creation,Builtin,3,9038,0x55793861b600,12,CollatorPrototypeResolvedOptions
code-creation,Builtin,3,9040,0x55793861b640,12,DatePrototypeToLocaleDateString
code-creation,Builtin,3,9042,0x55793861b680,12,DatePrototypeToLocaleString
code-creation,Builtin,3,9051,0x55793861b6c0,12,DatePrototypeToLocaleTimeString
code-creation,Builtin,3,9058,0x55793861b700,12,DateTimeFormatConstructor
code-creation,Builtin,3,9061,0x55793861b740,12,DateTimeFormatInternalFormat
code-creation,Builtin,3,9063,0x55793861b780,12,DateTimeFormatPrototypeFormat
code-creation,Builtin,3,9064,0x55793861b7c0,12,DateTimeFormatPrototypeFormatRange
code-creation,Builtin,3,9066,0x55793861b800,12,DateTimeFormatPrototypeFormatRangeToParts
code-creation,Builtin,3,9069,0x55793861b840,12,DateTimeFormatPrototypeFormatToParts
code-creation,Builtin,3,9071,0x55793861b880,12,DateTimeFormatPrototypeResolvedOptions
code-creation,Builtin,3,9073,0x55793861b8c0,12,DateTimeFormatSupportedLocalesOf
code-creation,Builtin,3,9075,0x55793861b900,12,DisplayNamesConstructor
code-creation,Builtin,3,9082,0x55793861b940,12,DisplayNamesPrototypeOf
code-creation,Builtin,3,9088,0x55793861b980,12,DisplayNamesPrototypeResolvedOptions
code-creation,Builtin,3,9090,0x55793861b9c0,12,DisplayNamesSupportedLocalesOf
code-creation,Builtin,3,9092,0x55793861ba00,12,DurationFormatConstructor
code-creation,Builtin,3,9094,0x55793861ba40,12,DurationFormatPrototypeFormat
code-creation,Builtin,3,9096,0x55793861ba80,12,DurationFormatPrototypeFormatToParts
code-creation,Builtin,3,9098,0x55793861bac0,12,DurationFormatPrototypeResolvedOptions
code-creation,Builtin,3,9100,0x55793861bb00,12,DurationFormatSupportedLocalesOf
code-creation,Builtin,3,9106,0x55793861bb40,12,IntlGetCanonicalLocales
code-creation,Builtin,3,9110,0x55793861bb80,12,IntlSupportedValuesOf
code-creation,Builtin,3,9115,0x55793861bbc0,12,ListFormatConstructor
code-creation,Builtin,3,9118,0x55793861bc00,212,ListFormatPrototypeFormat
code-creation,Builtin,3,9120,0x55793861bd00,212,ListFormatPrototypeFormatToParts
code-creation,Builtin,3,9123,0x55793861be00,12,ListFormatPrototypeResolvedOptions
code-creation,Builtin,3,9126,0x55793861be40,12,ListFormatSupportedLocalesOf
code-creation,Builtin,3,9129,0x55793861be80,12,LocaleConstructor
code-creation,Builtin,3,9131,0x55793861bec0,12,LocalePrototypeBaseName
code-creation,Builtin,3,9139,0x55793861bf00,12,LocalePrototypeCalendar
code-creation,Builtin,3,9146,0x55793861bf40,12,LocalePrototypeCaseFirst
code-creation,Builtin,3,9148,0x55793861bf80,12,LocalePrototypeCollation
code-creation,Builtin,3,9151,0x55793861bfc0,12,LocalePrototypeFirstDayOfWeek
code-creation,Builtin,3,9154,0x55793861c000,12,LocalePrototypeGetCalendars
code-creation,Builtin,3,9156,0x55793861c040,12,LocalePrototypeGetCollations
code-creation,Builtin,3,9159,0x55793861c080,12,LocalePrototypeGetHourCycles
code-creation,Builtin,3,9162,0x55793861c0c0,12,LocalePrototypeGetNumberingSystems
code-creation,Builtin,3,9824,0x55793861c100,12,LocalePrototypeGetTimeZones
code-creation,Builtin,3,9832,0x55793861c140,12,LocalePrototypeGetTextInfo
code-creation,Builtin,3,9840,0x55793861c180,12,LocalePrototypeGetWeekInfo
code-creation,Builtin,3,9846,0x55793861c1c0,12,LocalePrototypeHourCycle
code-creation,Builtin,3,9849,0x55793861c200,12,LocalePrototypeLanguage
code-creation,Builtin,3,9851,0x55793861c240,12,LocalePrototypeMaximize
code-creation,Builtin,3,9852,0x55793861c280,12,LocalePrototypeMinimize
code-creation,Builtin,3,9854,0x55793861c2c0,12,LocalePrototypeNumeric
code-creation,Builtin,3,9856,0x55793861c300,12,LocalePrototypeNumberingSystem
code-creation,Builtin,3,9858,0x55793861c340,12,LocalePrototypeRegion
code-creation,Builtin,3,9860,0x55793861c380,12,LocalePrototypeScript
code-creation,Builtin,3,9861,0x55793861c3c0,12,LocalePrototypeToString
code-creation,Builtin,3,9863,0x55793861c400,12,LocalePrototypeVariants
code-creation,Builtin,3,9871,0x55793861c440,12,NumberFormatConstructor
code-creation,Builtin,3,9876,0x55793861c480,12,NumberFormatInternalFormatNumber
code-creation,Builtin,3,9879,0x55793861c4c0,12,NumberFormatPrototypeFormatNumber
code-creation,Builtin,3,9881,0x55793861c500,12,NumberFormatPrototypeFormatRange
code-creation,Builtin,3,9883,0x55793861c540,12,NumberFormatPrototypeFormatRangeToParts
code-creation,Builtin,3,9885,0x55793861c580,12,NumberFormatPrototypeFormatToParts
code-creation,Builtin,3,9894,0x55793861c5c0,12,NumberFormatPrototypeResolvedOptions
code-creation,Builtin,3,9897,0x55793861c600,12,NumberFormatSupportedLocalesOf
code-creation,Builtin,3,9899,0x55793861c640,12,PluralRulesConstructor
code-creation,Builtin,3,9907,0x55793861c680,12,PluralRulesPrototypeResolvedOptions
code-creation,Builtin,3,9909,0x55793861c6c0,12,PluralRulesPrototypeSelect
code-creation,Builtin,3,9915,0x55793861c700,12,PluralRulesPrototypeSelectRange
code-creation,Builtin,3,9917,0x55793861c740,12,PluralRulesSupportedLocalesOf
code-creation,Builtin,3,9919,0x55793861c780,12,RelativeTimeFormatConstructor
code-creation,Builtin,3,9921,0x55793861c7c0,12,RelativeTimeFormatPrototypeFormat
code-creation,Builtin,3,9923,0x55793861c800,12,RelativeTimeFormatPrototypeFormatToParts
code-creation,Builtin,3,9925,0x55793861c840,12,RelativeTimeFormatPrototypeResolvedOptions
code-creation,Builtin,3,9928,0x55793861c880,12,RelativeTimeFormatSupportedLocalesOf
code-creation,Builtin,3,9930,0x55793861c8c0,12,SegmenterConstructor
code-creation,Builtin,3,9931,0x55793861c900,12,SegmenterPrototypeResolvedOptions
code-creation,Builtin,3,9933,0x55793861c940,12,SegmenterPrototypeSegment
code-creation,Builtin,3,9935,0x55793861c980,12,SegmenterSupportedLocalesOf
code-creation,Builtin,3,9943,0x55793861c9c0,12,SegmentIteratorPrototypeNext
code-creation,Builtin,3,9948,0x55793861ca00,12,SegmentsPrototypeContaining
code-creation,Builtin,3,9951,0x55793861ca40,12,SegmentsPrototypeIterator
code-creation,Builtin,3,9953,0x55793861ca80,12,StringPrototypeLocaleCompareIntl
code-creation,Builtin,3,9955,0x55793861cac0,12,StringPrototypeNormalizeIntl
code-creation,Builtin,3,9957,0x55793861cb00,1956,StringPrototypeToLocaleLowerCase
code-creation,Builtin,3,9959,0x55793861d2c0,12,StringPrototypeToLocaleUpperCase
code-creation,Builtin,3,9961,0x55793861d300,196,StringPrototypeToLowerCaseIntl
code-creation,Builtin,3,9963,0x55793861d400,12,StringPrototypeToUpperCaseIntl
code-creation,Builtin,3,9965,0x55793861d440,872,StringToLowerCaseIntl
code-creation,Builtin,3,9973,0x55793861d7c0,872,WasmStringToLowerCaseIntl
code-creation,Builtin,3,9976,0x55793861db40,12,V8BreakIteratorConstructor
code-creation,Builtin,3,9981,0x55793861db80,12,V8BreakIteratorInternalAdoptText
code-creation,Builtin,3,9984,0x55793861dbc0,12,V8BreakIteratorInternalBreakType
code-creation,Builtin,3,9986,0x55793861dc00,12,V8BreakIteratorInternalCurrent
code-creation,Builtin,3,9988,0x55793861dc40,12,V8BreakIteratorInternalFirst
code-creation,Builtin,3,9990,0x55793861dc80,12,V8BreakIteratorInternalNext
code-creation,Builtin,3,9991,0x55793861dcc0,12,V8BreakIteratorPrototypeAdoptText
code-creation,Builtin,3,9993,0x55793861dd00,12,V8BreakIteratorPrototypeBreakType
code-creation,Builtin,3,9995,0x55793861dd40,12,V8BreakIteratorPrototypeCurrent
code-creation,Builtin,3,9997,0x55793861dd80,12,V8BreakIteratorPrototypeFirst
code-creation,Builtin,3,10005,0x55793861ddc0,12,V8BreakIteratorPrototypeNext
code-creation,Builtin,3,10010,0x55793861de00,12,V8BreakIteratorPrototypeResolvedOptions
code-creation,Builtin,3,10013,0x55793861de40,12,V8BreakIteratorSupportedLocalesOf
code-creation,Builtin,3,10015,0x55793861de80,12,TemporalNowInstant
code-creation,Builtin,3,10017,0x55793861dec0,12,TemporalNowTimeZoneId
code-creation,Builtin,3,10019,0x55793861df00,12,TemporalNowPlainDateTimeISO
code-creation,Builtin,3,10021,0x55793861df40,12,TemporalNowZonedDateTimeISO
code-creation,Builtin,3,10022,0x55793861df80,12,TemporalNowPlainDateISO
code-creation,Builtin,3,10024,0x55793861dfc0,12,TemporalNowPlainTimeISO
code-creation,Builtin,3,10026,0x55793861e000,12,TemporalPlainDateConstructor
code-creation,Builtin,3,10033,0x55793861e040,12,TemporalPlainDateFrom
code-creation,Builtin,3,10036,0x55793861e080,12,TemporalPlainDateCompare
code-creation,Builtin,3,10037,0x55793861e0c0,12,TemporalPlainDatePrototypeCalendarId
code-creation,Builtin,3,10039,0x55793861e100,12,TemporalPlainDatePrototypeEra
code-creation,Builtin,3,10045,0x55793861e140,12,TemporalPlainDatePrototypeEraYear
code-creation,Builtin,3,10052,0x55793861e180,12,TemporalPlainDatePrototypeYear
code-creation,Builtin,3,10057,0x55793861e1c0,12,TemporalPlainDatePrototypeMonth
code-creation,Builtin,3,10059,0x55793861e200,12,TemporalPlainDatePrototypeMonthCode
code-creation,Builtin,3,10061,0x55793861e240,12,TemporalPlainDatePrototypeDay
code-creation,Builtin,3,10063,0x55793861e280,12,TemporalPlainDatePrototypeDayOfWeek
code-creation,Builtin,3,10065,0x55793861e2c0,12,TemporalPlainDatePrototypeDayOfYear
code-creation,Builtin,3,10067,0x55793861e300,12,TemporalPlainDatePrototypeWeekOfYear
code-creation,Builtin,3,10075,0x55793861e340,12,TemporalPlainDatePrototypeYearOfWeek
code-creation,Builtin,3,10078,0x55793861e380,12,TemporalPlainDatePrototypeDaysInWeek
code-creation,Builtin,3,10080,0x55793861e3c0,12,TemporalPlainDatePrototypeDaysInMonth
code-creation,Builtin,3,10082,0x55793861e400,12,TemporalPlainDatePrototypeDaysInYear
code-creation,Builtin,3,10088,0x55793861e440,12,TemporalPlainDatePrototypeMonthsInYear
code-creation,Builtin,3,10091,0x55793861e480,12,TemporalPlainDatePrototypeInLeapYear
code-creation,Builtin,3,10093,0x55793861e4c0,12,TemporalPlainDatePrototypeToPlainYearMonth
code-creation,Builtin,3,10095,0x55793861e500,12,TemporalPlainDatePrototypeToPlainMonthDay
code-creation,Builtin,3,10097,0x55793861e540,12,TemporalPlainDatePrototypeAdd
code-creation,Builtin,3,10099,0x55793861e580,12,TemporalPlainDatePrototypeSubtract
code-creation,Builtin,3,10101,0x55793861e5c0,12,TemporalPlainDatePrototypeWith
code-creation,Builtin,3,10102,0x55793861e600,12,TemporalPlainDatePrototypeWithCalendar
code-creation,Builtin,3,10105,0x55793861e640,12,TemporalPlainDatePrototypeUntil
code-creation,Builtin,3,10108,0x55793861e680,12,TemporalPlainDatePrototypeSince
code-creation,Builtin,3,10110,0x55793861e6c0,12,TemporalPlainDatePrototypeEquals
code-creation,Builtin,3,10112,0x55793861e700,12,TemporalPlainDatePrototypeToPlainDateTime
code-creation,Builtin,3,10115,0x55793861e740,12,TemporalPlainDatePrototypeToZonedDateTime
code-creation,Builtin,3,10124,0x55793861e780,12,TemporalPlainDatePrototypeToString
code-creation,Builtin,3,10126,0x55793861e7c0,12,TemporalPlainDatePrototypeToLocaleString
code-creation,Builtin,3,10128,0x55793861e800,12,TemporalPlainDatePrototypeToJSON
code-creation,Builtin,3,10134,0x55793861e840,12,TemporalPlainDatePrototypeValueOf
code-creation,Builtin,3,10136,0x55793861e880,12,TemporalPlainTimeConstructor
code-creation,Builtin,3,10138,0x55793861e8c0,12,TemporalPlainTimeFrom
code-creation,Builtin,3,10140,0x55793861e900,12,TemporalPlainTimeCompare
code-creation,Builtin,3,10142,0x55793861e940,12,TemporalPlainTimePrototypeHour
code-creation,Builtin,3,10143,0x55793861e980,12,TemporalPlainTimePrototypeMinute
code-creation,Builtin,3,10145,0x55793861e9c0,12,TemporalPlainTimePrototypeSecond
code-creation,Builtin,3,10147,0x55793861ea00,12,TemporalPlainTimePrototypeMillisecond
code-creation,Builtin,3,10149,0x55793861ea40,12,TemporalPlainTimePrototypeMicrosecond
code-creation,Builtin,3,10152,0x55793861ea80,12,TemporalPlainTimePrototypeNanosecond
code-creation,Builtin,3,10159,0x55793861eac0,12,TemporalPlainTimePrototypeAdd
code-creation,Builtin,3,10162,0x55793861eb00,12,TemporalPlainTimePrototypeSubtract
code-creation,Builtin,3,10164,0x55793861eb40,12,TemporalPlainTimePrototypeWith
code-creation,Builtin,3,10169,0x55793861eb80,12,TemporalPlainTimePrototypeUntil
code-creation,Builtin,3,10172,0x55793861ebc0,12,TemporalPlainTimePrototypeSince
code-creation,Builtin,3,10174,0x55793861ec00,12,TemporalPlainTimePrototypeRound
code-creation,Builtin,3,10176,0x55793861ec40,12,TemporalPlainTimePrototypeEquals
code-creation,Builtin,3,10178,0x55793861ec80,12,TemporalPlainTimePrototypeToString
code-creation,Builtin,3,10180,0x55793861ecc0,12,TemporalPlainTimePrototypeToLocaleString
code-creation,Builtin,3,10182,0x55793861ed00,12,TemporalPlainTimePrototypeToJSON
code-creation,Builtin,3,10184,0x55793861ed40,12,TemporalPlainTimePrototypeValueOf
code-creation,Builtin,3,10186,0x55793861ed80,12,TemporalPlainDateTimeConstructor
code-creation,Builtin,3,10187,0x55793861edc0,12,TemporalPlainDateTimeFrom
code-creation,Builtin,3,10189,0x55793861ee00,12,TemporalPlainDateTimeCompare
code-creation,Builtin,3,10194,0x55793861ee40,12,TemporalPlainDateTimePrototypeCalendarId
code-creation,Builtin,3,10197,0x55793861ee80,12,TemporalPlainDateTimePrototypeEra
code-creation,Builtin,3,10204,0x55793861eec0,12,TemporalPlainDateTimePrototypeEraYear
code-creation,Builtin,3,10207,0x55793861ef00,12,TemporalPlainDateTimePrototypeYear
code-creation,Builtin,3,10209,0x55793861ef40,12,TemporalPlainDateTimePrototypeMonth
code-creation,Builtin,3,10243,0x55793861ef80,12,TemporalPlainDateTimePrototypeMonthCode
code-creation,Builtin,3,10248,0x55793861efc0,12,TemporalPlainDateTimePrototypeDay
code-creation,Builtin,3,10252,0x55793861f000,12,TemporalPlainDateTimePrototypeHour
code-creation,Builtin,3,10256,0x55793861f040,12,TemporalPlainDateTimePrototypeMinute
code-creation,Builtin,3,10262,0x55793861f080,12,TemporalPlainDateTimePrototypeSecond
code-creation,Builtin,3,10265,0x55793861f0c0,12,TemporalPlainDateTimePrototypeMillisecond
code-creation,Builtin,3,10267,0x55793861f100,12,TemporalPlainDateTimePrototypeMicrosecond
code-creation,Builtin,3,10269,0x55793861f140,12,TemporalPlainDateTimePrototypeNanosecond
code-creation,Builtin,3,10271,0x55793861f180,12,TemporalPlainDateTimePrototypeDayOfWeek
code-creation,Builtin,3,10274,0x55793861f1c0,12,TemporalPlainDateTimePrototypeDayOfYear
code-creation,Builtin,3,10276,0x55793861f200,12,TemporalPlainDateTimePrototypeWeekOfYear
code-creation,Builtin,3,10278,0x55793861f240,12,TemporalPlainDateTimePrototypeYearOfWeek
code-creation,Builtin,3,10280,0x55793861f280,12,TemporalPlainDateTimePrototypeDaysInWeek
code-creation,Builtin,3,10282,0x55793861f2c0,12,TemporalPlainDateTimePrototypeDaysInMonth
code-creation,Builtin,3,10284,0x55793861f300,12,TemporalPlainDateTimePrototypeDaysInYear
code-creation,Builtin,3,10287,0x55793861f340,12,TemporalPlainDateTimePrototypeMonthsInYear
code-creation,Builtin,3,10289,0x55793861f380,12,TemporalPlainDateTimePrototypeInLeapYear
code-creation,Builtin,3,10297,0x55793861f3c0,12,TemporalPlainDateTimePrototypeWith
code-creation,Builtin,3,10300,0x55793861f400,12,TemporalPlainDateTimePrototypeWithPlainTime
code-creation,Builtin,3,10342,0x55793861f440,12,TemporalPlainDateTimePrototypeWithCalendar
code-creation,Builtin,3,10350,0x55793861f480,12,TemporalPlainDateTimePrototypeAdd
code-creation,Builtin,3,10353,0x55793861f4c0,12,TemporalPlainDateTimePrototypeSubtract
code-creation,Builtin,3,10356,0x55793861f500,12,TemporalPlainDateTimePrototypeUntil
code-creation,Builtin,3,10358,0x55793861f540,12,TemporalPlainDateTimePrototypeSince
code-creation,Builtin,3,10361,0x55793861f580,12,TemporalPlainDateTimePrototypeRound
code-creation,Builtin,3,10363,0x55793861f5c0,12,TemporalPlainDateTimePrototypeEquals
code-creation,Builtin,3,10365,0x55793861f600,12,TemporalPlainDateTimePrototypeToString
code-creation,Builtin,3,10367,0x55793861f640,12,TemporalPlainDateTimePrototypeToJSON
code-creation,Builtin,3,10369,0x55793861f680,12,TemporalPlainDateTimePrototypeToLocaleString
code-creation,Builtin,3,10371,0x55793861f6c0,12,TemporalPlainDateTimePrototypeValueOf
code-creation,Builtin,3,10379,0x55793861f700,12,TemporalPlainDateTimePrototypeToZonedDateTime
code-creation,Builtin,3,10381,0x55793861f740,12,TemporalPlainDateTimePrototypeToPlainDate
code-creation,Builtin,3,10387,0x55793861f780,12,TemporalPlainDateTimePrototypeToPlainTime
code-creation,Builtin,3,10390,0x55793861f7c0,12,TemporalZonedDateTimeConstructor
code-creation,Builtin,3,10392,0x55793861f800,12,TemporalZonedDateTimeFrom
code-creation,Builtin,3,10394,0x55793861f840,12,TemporalZonedDateTimeCompare
code-creation,Builtin,3,10396,0x55793861f880,12,TemporalZonedDateTimePrototypeTimeZoneId
code-creation,Builtin,3,10398,0x55793861f8c0,12,TemporalZonedDateTimePrototypeCalendarId
code-creation,Builtin,3,10400,0x55793861f900,12,TemporalZonedDateTimePrototypeEra
code-creation,Builtin,3,10402,0x55793861f940,12,TemporalZonedDateTimePrototypeEraYear
code-creation,Builtin,3,10404,0x55793861f980,12,TemporalZonedDateTimePrototypeYear
code-creation,Builtin,3,10406,0x55793861f9c0,12,TemporalZonedDateTimePrototypeMonth
code-creation,Builtin,3,10415,0x55793861fa00,12,TemporalZonedDateTimePrototypeMonthCode
code-creation,Builtin,3,10420,0x55793861fa40,12,TemporalZonedDateTimePrototypeDay
code-creation,Builtin,3,10422,0x55793861fa80,12,TemporalZonedDateTimePrototypeHour
code-creation,Builtin,3,10427,0x55793861fac0,12,TemporalZonedDateTimePrototypeMinute
code-creation,Builtin,3,10430,0x55793861fb00,12,TemporalZonedDateTimePrototypeSecond
code-creation,Builtin,3,10432,0x55793861fb40,12,TemporalZonedDateTimePrototypeMillisecond
code-creation,Builtin,3,10434,0x55793861fb80,12,TemporalZonedDateTimePrototypeMicrosecond
code-creation,Builtin,3,10436,0x55793861fbc0,12,TemporalZonedDateTimePrototypeNanosecond
code-creation,Builtin,3,10438,0x55793861fc00,12,TemporalZonedDateTimePrototypeEpochMilliseconds
code-creation,Builtin,3,10440,0x55793861fc40,12,TemporalZonedDateTimePrototypeEpochNanoseconds
code-creation,Builtin,3,10443,0x55793861fc80,12,TemporalZonedDateTimePrototypeDayOfWeek
code-creation,Builtin,3,10445,0x55793861fcc0,12,TemporalZonedDateTimePrototypeDayOfYear
code-creation,Builtin,3,10447,0x55793861fd00,12,TemporalZonedDateTimePrototypeWeekOfYear
code-creation,Builtin,3,10455,0x55793861fd40,12,TemporalZonedDateTimePrototypeYearOfWeek
code-creation,Builtin,3,10457,0x55793861fd80,12,TemporalZonedDateTimePrototypeHoursInDay
code-creation,Builtin,3,10462,0x55793861fdc0,12,TemporalZonedDateTimePrototypeDaysInWeek
code-creation,Builtin,3,10466,0x55793861fe00,12,TemporalZonedDateTimePrototypeDaysInMonth
code-creation,Builtin,3,10468,0x55793861fe40,12,TemporalZonedDateTimePrototypeDaysInYear
code-creation,Builtin,3,10470,0x55793861fe80,12,TemporalZonedDateTimePrototypeMonthsInYear
code-creation,Builtin,3,10472,0x55793861fec0,12,TemporalZonedDateTimePrototypeInLeapYear
code-creation,Builtin,3,10475,0x55793861ff00,12,TemporalZonedDateTimePrototypeOffsetNanoseconds
code-creation,Builtin,3,10477,0x55793861ff40,12,TemporalZonedDateTimePrototypeOffset
code-creation,Builtin,3,10479,0x55793861ff80,12,TemporalZonedDateTimePrototypeWith
code-creation,Builtin,3,10481,0x55793861ffc0,12,TemporalZonedDateTimePrototypeWithPlainTime
code-creation,Builtin,3,10489,0x557938620000,12,TemporalZonedDateTimePrototypeWithTimeZone
code-creation,Builtin,3,10491,0x557938620040,12,TemporalZonedDateTimePrototypeWithCalendar
code-creation,Builtin,3,10493,0x557938620080,12,TemporalZonedDateTimePrototypeAdd
code-creation,Builtin,3,10495,0x5579386200c0,12,TemporalZonedDateTimePrototypeSubtract
code-creation,Builtin,3,10497,0x557938620100,12,TemporalZonedDateTimePrototypeUntil
code-creation,Builtin,3,10503,0x557938620140,12,TemporalZonedDateTimePrototypeSince
code-creation,Builtin,3,10506,0x557938620180,12,TemporalZonedDateTimePrototypeRound
code-creation,Builtin,3,10508,0x5579386201c0,12,TemporalZonedDateTimePrototypeEquals
code-creation,Builtin,3,10510,0x557938620200,12,TemporalZonedDateTimePrototypeToString
code-creation,Builtin,3,10512,0x557938620240,12,TemporalZonedDateTimePrototypeToJSON
code-creation,Builtin,3,10514,0x557938620280,12,TemporalZonedDateTimePrototypeToLocaleString
code-creation,Builtin,3,10516,0x5579386202c0,12,TemporalZonedDateTimePrototypeValueOf
code-creation,Builtin,3,10518,0x557938620300,12,TemporalZonedDateTimePrototypeStartOfDay
code-creation,Builtin,3,10520,0x557938620340,12,TemporalZonedDateTimePrototypeGetTimeZoneTransition
code-creation,Builtin,3,10523,0x557938620380,12,TemporalZonedDateTimePrototypeToInstant
code-creation,Builtin,3,10525,0x5579386203c0,12,TemporalZonedDateTimePrototypeToPlainDate
code-creation,Builtin,3,10533,0x557938620400,12,TemporalZonedDateTimePrototypeToPlainTime
code-creation,Builtin,3,10535,0x557938620440,12,TemporalZonedDateTimePrototypeToPlainDateTime
code-creation,Builtin,3,10538,0x557938620480,12,TemporalDurationConstructor
code-creation,Builtin,3,10539,0x5579386204c0,12,TemporalDurationFrom
code-creation,Builtin,3,10545,0x557938620500,12,TemporalDurationCompare
code-creation,Builtin,3,10547,0x557938620540,12,TemporalDurationPrototypeYears
code-creation,Builtin,3,10549,0x557938620580,12,TemporalDurationPrototypeMonths
code-creation,Builtin,3,10553,0x5579386205c0,12,TemporalDurationPrototypeWeeks
code-creation,Builtin,3,10555,0x557938620600,12,TemporalDurationPrototypeDays
code-creation,Builtin,3,10557,0x557938620640,12,TemporalDurationPrototypeHours
code-creation,Builtin,3,10559,0x557938620680,12,TemporalDurationPrototypeMinutes
code-creation,Builtin,3,10561,0x5579386206c0,12,TemporalDurationPrototypeSeconds
code-creation,Builtin,3,10569,0x557938620700,12,TemporalDurationPrototypeMilliseconds
code-creation,Builtin,3,10571,0x557938620740,12,TemporalDurationPrototypeMicroseconds
code-creation,Builtin,3,10573,0x557938620780,12,TemporalDurationPrototypeNanoseconds
code-creation,Builtin,3,10579,0x5579386207c0,12,TemporalDurationPrototypeSign
code-creation,Builtin,3,10581,0x557938620800,12,TemporalDurationPrototypeBlank
code-creation,Builtin,3,10583,0x557938620840,12,TemporalDurationPrototypeWith
code-creation,Builtin,3,10585,0x557938620880,12,TemporalDurationPrototypeNegated
code-creation,Builtin,3,10587,0x5579386208c0,12,TemporalDurationPrototypeAbs
code-creation,Builtin,3,10589,0x557938620900,12,TemporalDurationPrototypeAdd
code-creation,Builtin,3,10591,0x557938620940,12,TemporalDurationPrototypeSubtract
code-creation,Builtin,3,10593,0x557938620980,12,TemporalDurationPrototypeRound
code-creation,Builtin,3,10595,0x5579386209c0,12,TemporalDurationPrototypeTotal
code-creation,Builtin,3,10596,0x557938620a00,12,TemporalDurationPrototypeToString
code-creation,Builtin,3,10598,0x557938620a40,12,TemporalDurationPrototypeToJSON
code-creation,Builtin,3,10600,0x557938620a80,12,TemporalDurationPrototypeToLocaleString
code-creation,Builtin,3,10617,0x557938620ac0,12,TemporalDurationPrototypeValueOf
code-creation,Builtin,3,10619,0x557938620b00,12,TemporalInstantConstructor
code-creation,Builtin,3,10621,0x557938620b40,12,TemporalInstantFrom
code-creation,Builtin,3,10623,0x557938620b80,12,TemporalInstantFromEpochMilliseconds
code-creation,Builtin,3,10625,0x557938620bc0,12,TemporalInstantFromEpochNanoseconds
code-creation,Builtin,3,10627,0x557938620c00,12,TemporalInstantCompare
code-creation,Builtin,3,10629,0x557938620c40,12,TemporalInstantPrototypeEpochMilliseconds
code-creation,Builtin,3,10631,0x557938620c80,12,TemporalInstantPrototypeEpochNanoseconds
code-creation,Builtin,3,10633,0x557938620cc0,12,TemporalInstantPrototypeAdd
code-creation,Builtin,3,10635,0x557938620d00,12,TemporalInstantPrototypeSubtract
code-creation,Builtin,3,10637,0x557938620d40,12,TemporalInstantPrototypeUntil
code-creation,Builtin,3,10639,0x557938620d80,12,TemporalInstantPrototypeSince
code-creation,Builtin,3,10641,0x557938620dc0,12,TemporalInstantPrototypeRound
code-creation,Builtin,3,10643,0x557938620e00,12,TemporalInstantPrototypeEquals
code-creation,Builtin,3,10644,0x557938620e40,12,TemporalInstantPrototypeToString
code-creation,Builtin,3,10646,0x557938620e80,12,TemporalInstantPrototypeToJSON
code-creation,Builtin,3,10648,0x557938620ec0,12,TemporalInstantPrototypeToLocaleString
code-creation,Builtin,3,10656,0x557938620f00,12,TemporalInstantPrototypeValueOf
code-creation,Builtin,3,10658,0x557938620f40,12,TemporalInstantPrototypeToZonedDateTimeISO
code-creation,Builtin,3,10661,0x557938620f80,12,TemporalPlainYearMonthConstructor
code-creation,Builtin,3,10663,0x557938620fc0,12,TemporalPlainYearMonthFrom
code-creation,Builtin,3,10664,0x557938621000,12,TemporalPlainYearMonthCompare
code-creation,Builtin,3,10666,0x557938621040,12,TemporalPlainYearMonthPrototypeCalendarId
code-creation,Builtin,3,10668,0x557938621080,12,TemporalPlainYearMonthPrototypeEra
code-creation,Builtin,3,10674,0x5579386210c0,12,TemporalPlainYearMonthPrototypeEraYear
code-creation,Builtin,3,10677,0x557938621100,12,TemporalPlainYearMonthPrototypeYear
code-creation,Builtin,3,10678,0x557938621140,12,TemporalPlainYearMonthPrototypeMonth
code-creation,Builtin,3,10680,0x557938621180,12,TemporalPlainYearMonthPrototypeMonthCode
code-creation,Builtin,3,10683,0x5579386211c0,12,TemporalPlainYearMonthPrototypeDaysInYear
code-creation,Builtin,3,10685,0x557938621200,12,TemporalPlainYearMonthPrototypeDaysInMonth
code-creation,Builtin,3,10690,0x557938621240,12,TemporalPlainYearMonthPrototypeMonthsInYear
code-creation,Builtin,3,10692,0x557938621280,12,TemporalPlainYearMonthPrototypeInLeapYear
code-creation,Builtin,3,10695,0x5579386212c0,12,TemporalPlainYearMonthPrototypeWith
code-creation,Builtin,3,10697,0x557938621300,12,TemporalPlainYearMonthPrototypeAdd
code-creation,Builtin,3,10699,0x557938621340,12,TemporalPlainYearMonthPrototypeSubtract
code-creation,Builtin,3,10701,0x557938621380,12,TemporalPlainYearMonthPrototypeUntil
code-creation,Builtin,3,10703,0x5579386213c0,12,TemporalPlainYearMonthPrototypeSince
code-creation,Builtin,3,10705,0x557938621400,12,TemporalPlainYearMonthPrototypeEquals
code-creation,Builtin,3,10707,0x557938621440,12,TemporalPlainYearMonthPrototypeToString
code-creation,Builtin,3,10709,0x557938621480,12,TemporalPlainYearMonthPrototypeToJSON
code-creation,Builtin,3,10711,0x5579386214c0,12,TemporalPlainYearMonthPrototypeToLocaleString
code-creation,Builtin,3,10713,0x557938621500,12,TemporalPlainYearMonthPrototypeValueOf
code-creation,Builtin,3,10715,0x557938621540,12,TemporalPlainYearMonthPrototypeToPlainDate
code-creation,Builtin,3,10718,0x557938621580,12,TemporalPlainMonthDayConstructor
code-creation,Builtin,3,10719,0x5579386215c0,12,TemporalPlainMonthDayFrom
code-creation,Builtin,3,10721,0x557938621600,12,TemporalPlainMonthDayPrototypeCalendarId
code-creation,Builtin,3,10723,0x557938621640,12,TemporalPlainMonthDayPrototypeMonthCode
code-creation,Builtin,3,10725,0x557938621680,12,TemporalPlainMonthDayPrototypeDay
code-creation,Builtin,3,10727,0x5579386216c0,12,TemporalPlainMonthDayPrototypeWith
code-creation,Builtin,3,10729,0x557938621700,12,TemporalPlainMonthDayPrototypeEquals
code-creation,Builtin,3,10731,0x557938621740,12,TemporalPlainMonthDayPrototypeToString
code-creation,Builtin,3,10733,0x557938621780,12,TemporalPlainMonthDayPrototypeToJSON
code-creation,Builtin,3,10741,0x5579386217c0,12,TemporalPlainMonthDayPrototypeToLocaleString
code-creation,Builtin,3,10744,0x557938621800,12,TemporalPlainMonthDayPrototypeValueOf
code-creation,Builtin,3,10747,0x557938621840,12,TemporalPlainMonthDayPrototypeToPlainDate
code-creation,Builtin,3,10751,0x557938621880,12,DatePrototypeToTemporalInstant
code-creation,BytecodeHandler,0,10761,0x5579386218c0,24,Wide
code-creation,BytecodeHandler,0,10764,0x557938621900,24,ExtraWide
code-creation,BytecodeHandler,0,10766,0x557938621940,96,DebugBreakWide
code-creation,BytecodeHandler,0,10811,0x5579386219c0,96,DebugBreakExtraWide
code-creation,BytecodeHandler,0,10819,0x557938621a40,152,DebugBreak0
code-creation,BytecodeHandler,0,10822,0x557938621b00,96,DebugBreak1
code-creation,BytecodeHandler,0,10824,0x557938621b80,96,DebugBreak2
code-creation,BytecodeHandler,0,10830,0x557938621c00,96,DebugBreak3
code-creation,BytecodeHandler,0,10832,0x557938621c80,96,DebugBreak4
code-creation,BytecodeHandler,0,10833,0x557938621d00,96,DebugBreak5
code-creation,BytecodeHandler,0,10834,0x557938621d80,96,DebugBreak6
code-creation,BytecodeHandler,0,10836,0x557938621e00,36,Ldar
code-creation,BytecodeHandler,0,10838,0x557938621e40,64,LdaZero
code-creation,BytecodeHandler,0,10839,0x557938621ec0,68,LdaSmi
code-creation,BytecodeHandler,0,10840,0x557938621f40,64,LdaUndefined
code-creation,BytecodeHandler,0,10842,0x557938621fc0,64,LdaNull
code-creation,BytecodeHandler,0,10843,0x557938622040,72,LdaTheHole
code-creation,BytecodeHandler,0,10845,0x5579386220c0,72,LdaTdzHole
code-creation,BytecodeHandler,0,10846,0x557938622140,24,LdaTrue
code-creation,BytecodeHandler,0,10848,0x557938622180,24,LdaFalse
code-creation,BytecodeHandler,0,10850,0x5579386221c0,80,LdaConstant
code-creation,BytecodeHandler,0,10852,0x557938622240,160,LdaContextSlotNoCell
code-creation,BytecodeHandler,0,10855,0x557938622300,428,LdaContextSlot
code-creation,BytecodeHandler,0,10862,0x5579386224c0,160,LdaImmutableContextSlot
code-creation,BytecodeHandler,0,10872,0x557938622580,88,LdaCurrentContextSlotNoCell
code-creation,BytecodeHandler,0,10876,0x557938622600,356,LdaCurrentContextSlot
code-creation,BytecodeHandler,0,10878,0x557938622780,88,LdaImmutableCurrentContextSlot
code-creation,BytecodeHandler,0,10885,0x557938622800,36,Star
code-creation,BytecodeHandler,0,10887,0x557938622840,44,Mov
code-creation,BytecodeHandler,0,10889,0x557938622880,44,PushContext
code-creation,BytecodeHandler,0,10892,0x5579386228c0,40,PopContext
code-creation,BytecodeHandler,0,10894,0x557938622900,48,TestReferenceEqual
code-creation,BytecodeHandler,0,10903,0x557938622940,56,TestUndetectable
code-creation,BytecodeHandler,0,10907,0x557938622980,40,TestNull
code-creation,BytecodeHandler,0,10909,0x5579386229c0,40,TestUndefined
code-creation,BytecodeHandler,0,10911,0x557938622a00,312,TestTypeOf
code-creation,BytecodeHandler,0,10917,0x557938622b40,5012,LdaGlobal
code-creation,BytecodeHandler,0,10919,0x557938623f00,3884,LdaGlobalInsideTypeof
code-creation,BytecodeHandler,0,10922,0x557938624e40,132,StaGlobal
code-creation,BytecodeHandler,0,10924,0x557938624f00,180,StaContextSlotNoCell
code-creation,BytecodeHandler,0,10926,0x557938624fc0,112,StaCurrentContextSlotNoCell
code-creation,BytecodeHandler,0,10928,0x557938625040,2588,StaContextSlot
code-creation,BytecodeHandler,0,10930,0x557938625a80,2652,StaCurrentContextSlot
code-creation,BytecodeHandler,0,10933,0x557938626500,124,LdaLookupSlot
code-creation,BytecodeHandler,0,10942,0x557938626580,284,LdaLookupContextSlotNoCell
code-creation,BytecodeHandler,0,10948,0x5579386266c0,592,LdaLookupContextSlot
code-creation,BytecodeHandler,0,10952,0x557938626940,4256,LdaLookupGlobalSlot
code-creation,BytecodeHandler,0,10954,0x557938627a00,124,LdaLookupSlotInsideTypeof
code-creation,BytecodeHandler,0,10957,0x557938627a80,284,LdaLookupContextSlotNoCellInsideTypeof
code-creation,BytecodeHandler,0,10961,0x557938627bc0,592,LdaLookupContextSlotInsideTypeof
code-creation,BytecodeHandler,0,10964,0x557938627e40,4124,LdaLookupGlobalSlotInsideTypeof
code-creation,BytecodeHandler,0,10973,0x557938628e80,208,StaLookupSlot
code-creation,BytecodeHandler,0,10976,0x557938628f80,4216,GetNamedProperty
code-creation,BytecodeHandler,0,10983,0x55793862a000,156,GetNamedPropertyFromSuper
code-creation,BytecodeHandler,0,10986,0x55793862a0c0,152,GetKeyedProperty
code-creation,BytecodeHandler,0,10988,0x55793862a180,140,GetEnumeratedKeyedProperty
code-creation,BytecodeHandler,0,10990,0x55793862a240,212,GetPrivateField
code-creation,BytecodeHandler,0,10991,0x55793862a340,200,LdaModuleVariable
code-creation,BytecodeHandler,0,10993,0x55793862a440,312,StaModuleVariable
code-creation,BytecodeHandler,0,10995,0x55793862a580,152,SetNamedProperty
code-creation,BytecodeHandler,0,10996,0x55793862a640,152,DefineNamedOwnProperty
code-creation,BytecodeHandler,0,10998,0x55793862a700,136,SetKeyedProperty
code-creation,BytecodeHandler,0,11000,0x55793862a7c0,144,DefineKeyedOwnProperty
code-creation,BytecodeHandler,0,11002,0x55793862a880,136,StaInArrayLiteral
code-creation,BytecodeHandler,0,11009,0x55793862a940,164,DefineKeyedOwnPropertyInLiteral
code-creation,BytecodeHandler,0,11012,0x55793862aa00,180,SetPrototypeProperties
code-creation,BytecodeHandler,0,11014,0x55793862aac0,216,SetPrivateField
code-creation,BytecodeHandler,0,11015,0x55793862abc0,2052,Add
code-creation,BytecodeHandler,0,11017,0x55793862b400,1508,Sub
code-creation,BytecodeHandler,0,11021,0x55793862ba00,1696,Mul
code-creation,BytecodeHandler,0,11024,0x55793862c0c0,1608,Div
code-creation,BytecodeHandler,0,11025,0x55793862c740,1692,Mod
code-creation,BytecodeHandler,0,11026,0x55793862ce00,928,Exp
code-creation,BytecodeHandler,0,11028,0x55793862d1c0,2080,BitwiseOr
code-creation,BytecodeHandler,0,11029,0x55793862da00,2080,BitwiseXor
code-creation,BytecodeHandler,0,11031,0x55793862e240,2080,BitwiseAnd
code-creation,BytecodeHandler,0,11032,0x55793862ea80,1496,ShiftLeft
code-creation,BytecodeHandler,0,11034,0x55793862f080,1496,ShiftRight
code-creation,BytecodeHandler,0,11035,0x55793862f680,1376,ShiftRightLogical
code-creation,BytecodeHandler,0,11037,0x55793862fc00,3856,Add_StringConstant_Internalize
code-creation,BytecodeHandler,0,11045,0x557938630b40,716,AddSmi
code-creation,BytecodeHandler,0,11047,0x557938630e40,612,SubSmi
code-creation,BytecodeHandler,0,11048,0x5579386310c0,752,MulSmi
code-creation,BytecodeHandler,0,11056,0x5579386313c0,700,DivSmi
code-creation,BytecodeHandler,0,11058,0x557938631680,684,ModSmi
code-creation,BytecodeHandler,0,11059,0x557938631940,636,ExpSmi
code-creation,BytecodeHandler,0,11061,0x557938631bc0,660,BitwiseOrSmi
code-creation,BytecodeHandler,0,11062,0x557938631e80,660,BitwiseXorSmi
code-creation,BytecodeHandler,0,11064,0x557938632140,660,BitwiseAndSmi
code-creation,BytecodeHandler,0,11065,0x557938632400,804,ShiftLeftSmi
code-creation,BytecodeHandler,0,11067,0x557938632740,664,ShiftRightSmi
code-creation,BytecodeHandler,0,11068,0x557938632a00,812,ShiftRightLogicalSmi
code-creation,BytecodeHandler,0,11070,0x557938632d40,720,Inc
code-creation,BytecodeHandler,0,11077,0x557938633040,724,Dec
code-creation,BytecodeHandler,0,11079,0x557938633340,712,Negate
code-creation,BytecodeHandler,0,11080,0x557938633640,676,BitwiseNot
code-creation,BytecodeHandler,0,11082,0x557938633900,112,ToBooleanLogicalNot
code-creation,BytecodeHandler,0,11092,0x557938633980,40,LogicalNot
code-creation,BytecodeHandler,0,11094,0x5579386339c0,592,TypeOf
code-creation,BytecodeHandler,0,11095,0x557938633c40,108,DeletePropertyStrict
code-creation,BytecodeHandler,0,11097,0x557938633cc0,104,DeletePropertySloppy
code-creation,BytecodeHandler,0,11099,0x557938633d40,44,GetSuperConstructor
code-creation,BytecodeHandler,0,11100,0x557938633d80,388,FindNonDefaultConstructorOrConstruct
code-creation,BytecodeHandler,0,11103,0x557938633f40,1104,CallAnyReceiver
code-creation,BytecodeHandler,0,11105,0x5579386343c0,1104,CallProperty
code-creation,BytecodeHandler,0,11107,0x557938634840,920,CallProperty0
code-creation,BytecodeHandler,0,11109,0x557938634c00,932,CallProperty1
code-creation,BytecodeHandler,0,11111,0x557938634fc0,940,CallProperty2
code-creation,BytecodeHandler,0,11113,0x557938635380,972,CallUndefinedReceiver
code-creation,BytecodeHandler,0,11114,0x557938635780,908,CallUndefinedReceiver0
code-creation,BytecodeHandler,0,11122,0x557938635b40,932,CallUndefinedReceiver1
code-creation,BytecodeHandler,0,11124,0x557938635f00,948,CallUndefinedReceiver2
code-creation,BytecodeHandler,0,11131,0x5579386362c0,1104,CallWithSpread
code-creation,BytecodeHandler,0,11133,0x557938636740,124,CallRuntime
code-creation,BytecodeHandler,0,11134,0x5579386367c0,140,CallRuntimeForPair
code-creation,BytecodeHandler,0,11136,0x557938636880,88,CallJSRuntime
code-creation,BytecodeHandler,0,11137,0x557938636900,1380,InvokeIntrinsic
code-creation,BytecodeHandler,0,11139,0x557938636e80,1164,Construct
code-creation,BytecodeHandler,0,11140,0x557938637340,424,ConstructWithSpread
code-creation,BytecodeHandler,0,11142,0x557938637500,988,ConstructForwardAllArgs
code-creation,BytecodeHandler,0,11144,0x557938637900,2144,TestEqual
code-creation,BytecodeHandler,0,11146,0x557938638180,1284,TestEqualStrict
code-creation,BytecodeHandler,0,11147,0x5579386386c0,2008,TestLessThan
code-creation,BytecodeHandler,0,11149,0x557938638ec0,2008,TestGreaterThan
code-creation,BytecodeHandler,0,11150,0x5579386396c0,2008,TestLessThanOrEqual
code-creation,BytecodeHandler,0,11152,0x557938639ec0,2008,TestGreaterThanOrEqual
code-creation,BytecodeHandler,0,11153,0x55793863a6c0,1000,TestInstanceOf
code-creation,BytecodeHandler,0,11158,0x55793863aac0,112,TestIn
code-creation,BytecodeHandler,0,11162,0x55793863ab40,84,ToName
code-creation,BytecodeHandler,0,11164,0x55793863abc0,160,ToNumber
code-creation,BytecodeHandler,0,11165,0x55793863ac80,184,ToNumeric
code-creation,BytecodeHandler,0,11167,0x55793863ad40,104,ToObject
code-creation,BytecodeHandler,0,11172,0x55793863adc0,112,ToString
code-creation,BytecodeHandler,0,11173,0x55793863ae40,112,ToBoolean
code-creation,BytecodeHandler,0,11175,0x55793863aec0,412,CreateRegExpLiteral
code-creation,BytecodeHandler,0,11177,0x55793863b080,1848,CreateArrayLiteral
code-creation,BytecodeHandler,0,11178,0x55793863b7c0,84,CreateArrayFromIterable
code-creation,BytecodeHandler,0,11180,0x55793863b840,724,CreateEmptyArrayLiteral
code-creation,BytecodeHandler,0,11182,0x55793863bb40,2880,CreateObjectLiteral
code-creation,BytecodeHandler,0,11186,0x55793863c6c0,348,CreateEmptyObjectLiteral
code-creation,BytecodeHandler,0,11188,0x55793863c840,132,CloneObject
code-creation,BytecodeHandler,0,11190,0x55793863c900,176,GetTemplateObject
code-creation,BytecodeHandler,0,11191,0x55793863c9c0,324,CreateClosure
code-creation,BytecodeHandler,0,11193,0x55793863cb40,124,CreateBlockContext
code-creation,BytecodeHandler,0,11195,0x55793863cbc0,136,CreateCatchContext
code-creation,BytecodeHandler,0,11197,0x55793863cc80,352,CreateFunctionContext
code-creation,BytecodeHandler,0,11198,0x55793863ce00,800,CreateFunctionContextWithCells
code-creation,BytecodeHandler,0,11200,0x55793863d140,352,CreateEvalContext
code-creation,BytecodeHandler,0,11202,0x55793863d2c0,136,CreateWithContext
code-creation,BytecodeHandler,0,11210,0x55793863d380,1708,CreateMappedArguments
code-creation,BytecodeHandler,0,11231,0x55793863da40,576,CreateUnmappedArguments
code-creation,BytecodeHandler,0,11237,0x55793863dcc0,628,CreateRestParameter
code-creation,BytecodeHandler,0,11241,0x55793863df40,1756,JumpLoop
code-creation,BytecodeHandler,0,11245,0x55793863e640,24,Jump
code-creation,BytecodeHandler,0,11253,0x55793863e680,44,JumpConstant
code-creation,BytecodeHandler,0,11257,0x55793863e6c0,68,JumpIfNullConstant
code-creation,BytecodeHandler,0,11259,0x55793863e740,68,JumpIfNotNullConstant
code-creation,BytecodeHandler,0,11261,0x55793863e7c0,68,JumpIfUndefinedConstant
code-creation,BytecodeHandler,0,11262,0x55793863e840,68,JumpIfNotUndefinedConstant
code-creation,BytecodeHandler,0,11264,0x55793863e8c0,72,JumpIfUndefinedOrNullConstant
code-creation,BytecodeHandler,0,11266,0x55793863e940,68,JumpIfTrueConstant
code-creation,BytecodeHandler,0,11268,0x55793863e9c0,68,JumpIfFalseConstant
code-creation,BytecodeHandler,0,11274,0x55793863ea40,84,JumpIfJSReceiverConstant
code-creation,BytecodeHandler,0,11276,0x55793863eac0,88,JumpIfForInDoneConstant
code-creation,BytecodeHandler,0,11278,0x55793863eb40,140,JumpIfToBooleanTrueConstant
code-creation,BytecodeHandler,0,11280,0x55793863ec00,140,JumpIfToBooleanFalseConstant
code-creation,BytecodeHandler,0,11282,0x55793863ecc0,120,JumpIfToBooleanTrue
code-creation,BytecodeHandler,0,11284,0x55793863ed40,120,JumpIfToBooleanFalse
code-creation,BytecodeHandler,0,11286,0x55793863edc0,48,JumpIfTrue
code-creation,BytecodeHandler,0,11287,0x55793863ee00,48,JumpIfFalse
code-creation,BytecodeHandler,0,11289,0x55793863ee40,48,JumpIfNull
code-creation,BytecodeHandler,0,11290,0x55793863ee80,48,JumpIfNotNull
code-creation,BytecodeHandler,0,11291,0x55793863eec0,48,JumpIfUndefined
code-creation,BytecodeHandler,0,11293,0x55793863ef00,48,JumpIfNotUndefined
code-creation,BytecodeHandler,0,11294,0x55793863ef40,52,JumpIfUndefinedOrNull
code-creation,BytecodeHandler,0,11296,0x55793863ef80,64,JumpIfJSReceiver
code-creation,BytecodeHandler,0,11298,0x55793863f000,64,JumpIfForInDone
code-creation,BytecodeHandler,0,11299,0x55793863f080,104,SwitchOnSmiNoFeedback
code-creation,BytecodeHandler,0,11301,0x55793863f100,484,ForInEnumerate
code-creation,BytecodeHandler,0,11308,0x55793863f300,224,ForInPrepare
code-creation,BytecodeHandler,0,11311,0x55793863f400,212,ForInNext
code-creation,BytecodeHandler,0,11312,0x55793863f500,44,ForInStep
code-creation,BytecodeHandler,0,11314,0x55793863f540,3104,ForOfNext
code-creation,BytecodeHandler,0,11315,0x557938640180,40,SetPendingMessage
code-creation,BytecodeHandler,0,11317,0x5579386401c0,88,Throw
code-creation,BytecodeHandler,0,11323,0x557938640240,88,ReThrow
code-creation,BytecodeHandler,0,11325,0x5579386402c0,16,Return
code-creation,BytecodeHandler,0,11326,0x557938640300,176,ThrowReferenceErrorIfTdzHole
code-creation,BytecodeHandler,0,11328,0x5579386403c0,112,ThrowSuperNotCalledIfTdzHole
code-creation,BytecodeHandler,0,11331,0x557938640440,112,ThrowSuperAlreadyCalledIfNotTdzHole
code-creation,BytecodeHandler,0,11333,0x5579386404c0,136,ThrowIfNotSuperConstructor
code-creation,BytecodeHandler,0,11335,0x557938640580,128,SwitchOnGeneratorState
code-creation,BytecodeHandler,0,11336,0x557938640640,456,SuspendGenerator
code-creation,BytecodeHandler,0,11338,0x557938640840,176,ResumeGenerator
code-creation,BytecodeHandler,0,11344,0x557938640900,128,GetIterator
code-creation,BytecodeHandler,0,11363,0x5579386409c0,104,ArrayDestructure
code-creation,BytecodeHandler,0,11368,0x557938640a40,96,Debugger
code-creation,BytecodeHandler,0,11374,0x557938640ac0,112,IncBlockCounter
code-creation,BytecodeHandler,0,11378,0x557938640b40,48,Abort
code-creation,BytecodeHandler,0,11380,0x557938640b80,36,Star0
code-creation,BytecodeHandler,0,11381,0x557938640bc0,68,Illegal
code-creation,BytecodeHandler,0,11384,0x557938640c40,96,DebugBreak1.Wide
code-creation,BytecodeHandler,0,11385,0x557938640cc0,96,DebugBreak2.Wide
code-creation,BytecodeHandler,0,11387,0x557938640d40,96,DebugBreak3.Wide
code-creation,BytecodeHandler,0,11388,0x557938640dc0,96,DebugBreak4.Wide
code-creation,BytecodeHandler,0,11390,0x557938640e40,96,DebugBreak5.Wide
code-creation,BytecodeHandler,0,11392,0x557938640ec0,96,DebugBreak6.Wide
code-creation,BytecodeHandler,0,11394,0x557938640f40,36,Ldar.Wide
code-creation,BytecodeHandler,0,11402,0x557938640f80,32,LdaSmi.Wide
code-creation,BytecodeHandler,0,11404,0x557938640fc0,48,LdaConstant.Wide
code-creation,BytecodeHandler,0,11407,0x557938641000,128,LdaContextSlotNoCell.Wide
code-creation,BytecodeHandler,0,11408,0x5579386410c0,428,LdaContextSlot.Wide
code-creation,BytecodeHandler,0,11410,0x557938641280,128,LdaImmutableContextSlot.Wide
code-creation,BytecodeHandler,0,11417,0x557938641340,56,LdaCurrentContextSlotNoCell.Wide
code-creation,BytecodeHandler,0,11429,0x557938641380,356,LdaCurrentContextSlot.Wide
code-creation,BytecodeHandler,0,11434,0x557938641500,56,LdaImmutableCurrentContextSlot.Wide
code-creation,BytecodeHandler,0,11442,0x557938641540,36,Star.Wide
code-creation,BytecodeHandler,0,11447,0x557938641580,44,Mov.Wide
code-creation,BytecodeHandler,0,11453,0x5579386415c0,44,PushContext.Wide
code-creation,BytecodeHandler,0,11456,0x557938641600,40,PopContext.Wide
code-creation,BytecodeHandler,0,11459,0x557938641640,48,TestReferenceEqual.Wide
code-creation,BytecodeHandler,0,11462,0x557938641680,4056,LdaGlobal.Wide
code-creation,BytecodeHandler,0,11464,0x557938642680,3924,LdaGlobalInsideTypeof.Wide
code-creation,BytecodeHandler,0,11466,0x557938643600,132,StaGlobal.Wide
code-creation,BytecodeHandler,0,11467,0x5579386436c0,180,StaContextSlotNoCell.Wide
code-creation,BytecodeHandler,0,11475,0x557938643780,112,StaCurrentContextSlotNoCell.Wide
code-creation,BytecodeHandler,0,11478,0x557938643800,2604,StaContextSlot.Wide
code-creation,BytecodeHandler,0,11482,0x557938644240,2668,StaCurrentContextSlot.Wide
code-creation,BytecodeHandler,0,11488,0x557938644cc0,128,LdaLookupSlot.Wide
code-creation,BytecodeHandler,0,11491,0x557938644d80,288,LdaLookupContextSlotNoCell.Wide
code-creation,BytecodeHandler,0,11493,0x557938644ec0,596,LdaLookupContextSlot.Wide
code-creation,BytecodeHandler,0,11495,0x557938645140,4300,LdaLookupGlobalSlot.Wide
code-creation,BytecodeHandler,0,11497,0x557938646240,128,LdaLookupSlotInsideTypeof.Wide
code-creation,BytecodeHandler,0,11500,0x557938646300,288,LdaLookupContextSlotNoCellInsideTypeof.Wide
code-creation,BytecodeHandler,0,11515,0x557938646440,596,LdaLookupContextSlotInsideTypeof.Wide
code-creation,BytecodeHandler,0,11525,0x5579386466c0,4164,LdaLookupGlobalSlotInsideTypeof.Wide
code-creation,BytecodeHandler,0,11528,0x557938647740,216,StaLookupSlot.Wide
code-creation,BytecodeHandler,0,11530,0x557938647840,4232,GetNamedProperty.Wide
code-creation,BytecodeHandler,0,11533,0x557938648900,152,GetNamedPropertyFromSuper.Wide
code-creation,BytecodeHandler,0,11535,0x5579386489c0,112,GetKeyedProperty.Wide
code-creation,BytecodeHandler,0,11542,0x557938648a40,140,GetEnumeratedKeyedProperty.Wide
code-creation,BytecodeHandler,0,11572,0x557938648b00,216,GetPrivateField.Wide
code-creation,BytecodeHandler,0,11580,0x557938648c00,200,LdaModuleVariable.Wide
code-creation,BytecodeHandler,0,11584,0x557938648d00,312,StaModuleVariable.Wide
code-creation,BytecodeHandler,0,11586,0x557938648e40,152,SetNamedProperty.Wide
code-creation,BytecodeHandler,0,11589,0x557938648f00,152,DefineNamedOwnProperty.Wide
code-creation,BytecodeHandler,0,11594,0x557938648fc0,132,SetKeyedProperty.Wide
code-creation,BytecodeHandler,0,11596,0x557938649080,144,DefineKeyedOwnProperty.Wide
code-creation,BytecodeHandler,0,11598,0x557938649140,132,StaInArrayLiteral.Wide
code-creation,BytecodeHandler,0,11600,0x557938649200,164,DefineKeyedOwnPropertyInLiteral.Wide
code-creation,BytecodeHandler,0,11615,0x5579386492c0,184,SetPrototypeProperties.Wide
code-creation,BytecodeHandler,0,11619,0x557938649380,220,SetPrivateField.Wide
code-creation,BytecodeHandler,0,11620,0x557938649480,2020,Add.Wide
code-creation,BytecodeHandler,0,11622,0x557938649c80,1476,Sub.Wide
code-creation,BytecodeHandler,0,11623,0x55793864a280,1664,Mul.Wide
code-creation,BytecodeHandler,0,11625,0x55793864a940,1616,Div.Wide
code-creation,BytecodeHandler,0,11626,0x55793864afc0,1700,Mod.Wide
code-creation,BytecodeHandler,0,11628,0x55793864b680,932,Exp.Wide
code-creation,BytecodeHandler,0,11629,0x55793864ba40,2088,BitwiseOr.Wide
code-creation,BytecodeHandler,0,11631,0x55793864c280,2088,BitwiseXor.Wide
code-creation,BytecodeHandler,0,11632,0x55793864cac0,2088,BitwiseAnd.Wide
code-creation,BytecodeHandler,0,11638,0x55793864d300,1504,ShiftLeft.Wide
code-creation,BytecodeHandler,0,11642,0x55793864d900,1504,ShiftRight.Wide
code-creation,BytecodeHandler,0,11643,0x55793864df00,1444,ShiftRightLogical.Wide
code-creation,BytecodeHandler,0,11645,0x55793864e4c0,3872,Add_StringConstant_Internalize.Wide
code-creation,BytecodeHandler,0,11647,0x55793864f400,684,AddSmi.Wide
code-creation,BytecodeHandler,0,11649,0x55793864f6c0,584,SubSmi.Wide
code-creation,BytecodeHandler,0,11650,0x55793864f940,752,MulSmi.Wide
code-creation,BytecodeHandler,0,11656,0x55793864fc40,704,DivSmi.Wide
code-creation,BytecodeHandler,0,11657,0x55793864ff40,684,ModSmi.Wide
code-creation,BytecodeHandler,0,11659,0x557938650200,640,ExpSmi.Wide
code-creation,BytecodeHandler,0,11660,0x5579386504c0,664,BitwiseOrSmi.Wide
code-creation,BytecodeHandler,0,11662,0x557938650780,664,BitwiseXorSmi.Wide
code-creation,BytecodeHandler,0,11664,0x557938650a40,664,BitwiseAndSmi.Wide
code-creation,BytecodeHandler,0,11665,0x557938650d00,808,ShiftLeftSmi.Wide
code-creation,BytecodeHandler,0,11668,0x557938651040,668,ShiftRightSmi.Wide
code-creation,BytecodeHandler,0,11670,0x557938651300,816,ShiftRightLogicalSmi.Wide
code-creation,BytecodeHandler,0,11672,0x557938651640,556,TypeOf.Wide
code-creation,BytecodeHandler,0,11674,0x557938651880,108,DeletePropertyStrict.Wide
code-creation,BytecodeHandler,0,11676,0x557938651900,108,DeletePropertySloppy.Wide
code-creation,BytecodeHandler,0,11678,0x557938651980,44,GetSuperConstructor.Wide
code-creation,BytecodeHandler,0,11686,0x5579386519c0,388,FindNonDefaultConstructorOrConstruct.Wide
code-creation,BytecodeHandler,0,11692,0x557938651b80,1104,CallAnyReceiver.Wide
code-creation,BytecodeHandler,0,11709,0x557938652000,1104,CallProperty.Wide
code-creation,BytecodeHandler,0,11714,0x557938652480,920,CallProperty0.Wide
code-creation,BytecodeHandler,0,11717,0x557938652840,932,CallProperty1.Wide
code-creation,BytecodeHandler,0,11720,0x557938652c00,940,CallProperty2.Wide
code-creation,BytecodeHandler,0,11725,0x557938652fc0,972,CallUndefinedReceiver.Wide
code-creation,BytecodeHandler,0,11738,0x5579386533c0,908,CallUndefinedReceiver0.Wide
code-creation,BytecodeHandler,0,11742,0x557938653780,932,CallUndefinedReceiver1.Wide
code-creation,BytecodeHandler,0,11764,0x557938653b40,948,CallUndefinedReceiver2.Wide
code-creation,BytecodeHandler,0,11807,0x557938653f00,1104,CallWithSpread.Wide
code-creation,BytecodeHandler,0,11812,0x557938654380,124,CallRuntime.Wide
code-creation,BytecodeHandler,0,11828,0x557938654400,140,CallRuntimeForPair.Wide
code-creation,BytecodeHandler,0,11836,0x5579386544c0,88,CallJSRuntime.Wide
code-creation,BytecodeHandler,0,11848,0x557938654540,1380,InvokeIntrinsic.Wide
code-creation,BytecodeHandler,0,11852,0x557938654ac0,1120,Construct.Wide
code-creation,BytecodeHandler,0,11863,0x557938654f40,380,ConstructWithSpread.Wide
code-creation,BytecodeHandler,0,11868,0x5579386550c0,988,ConstructForwardAllArgs.Wide
code-creation,BytecodeHandler,0,11889,0x5579386554c0,2168,TestEqual.Wide
code-creation,BytecodeHandler,0,11894,0x557938655d40,1296,TestEqualStrict.Wide
code-creation,BytecodeHandler,0,11910,0x557938656280,2056,TestLessThan.Wide
code-creation,BytecodeHandler,0,11926,0x557938656ac0,2056,TestGreaterThan.Wide
code-creation,BytecodeHandler,0,11930,0x557938657300,2056,TestLessThanOrEqual.Wide
code-creation,BytecodeHandler,0,11946,0x557938657b40,2056,TestGreaterThanOrEqual.Wide
code-creation,BytecodeHandler,0,11964,0x557938658380,1004,TestInstanceOf.Wide
code-creation,BytecodeHandler,0,11969,0x557938658780,112,TestIn.Wide
code-creation,BytecodeHandler,0,11972,0x557938658800,164,ToNumber.Wide
code-creation,BytecodeHandler,0,11974,0x5579386588c0,184,ToNumeric.Wide
code-creation,BytecodeHandler,0,11987,0x557938658980,108,ToObject.Wide
code-creation,BytecodeHandler,0,11991,0x557938658a00,412,CreateRegExpLiteral.Wide
code-creation,BytecodeHandler,0,11994,0x557938658bc0,1736,CreateArrayLiteral.Wide
code-creation,BytecodeHandler,0,12006,0x5579386592c0,724,CreateEmptyArrayLiteral.Wide
code-creation,BytecodeHandler,0,12024,0x5579386595c0,2756,CreateObjectLiteral.Wide
code-creation,BytecodeHandler,0,12029,0x55793865a0c0,132,CloneObject.Wide
code-creation,BytecodeHandler,0,12031,0x55793865a180,140,GetTemplateObject.Wide
code-creation,BytecodeHandler,0,12047,0x55793865a240,332,CreateClosure.Wide
code-creation,BytecodeHandler,0,12053,0x55793865a3c0,128,CreateBlockContext.Wide
code-creation,BytecodeHandler,0,12069,0x55793865a480,140,CreateCatchContext.Wide
code-creation,BytecodeHandler,0,12076,0x55793865a540,352,CreateFunctionContext.Wide
code-creation,BytecodeHandler,0,12111,0x55793865a6c0,800,CreateFunctionContextWithCells.Wide
code-creation,BytecodeHandler,0,12117,0x55793865aa00,352,CreateEvalContext.Wide
code-creation,BytecodeHandler,0,12132,0x55793865ab80,140,CreateWithContext.Wide
code-creation,BytecodeHandler,0,12136,0x55793865ac40,1784,JumpLoop.Wide
code-creation,BytecodeHandler,0,12138,0x55793865b340,24,Jump.Wide
code-creation,BytecodeHandler,0,12143,0x55793865b380,44,JumpConstant.Wide
code-creation,BytecodeHandler,0,12159,0x55793865b3c0,68,JumpIfNullConstant.Wide
code-creation,BytecodeHandler,0,12164,0x55793865b440,68,JumpIfNotNullConstant.Wide
code-creation,BytecodeHandler,0,12179,0x55793865b4c0,68,JumpIfUndefinedConstant.Wide
code-creation,BytecodeHandler,0,12187,0x55793865b540,68,JumpIfNotUndefinedConstant.Wide
code-creation,BytecodeHandler,0,12199,0x55793865b5c0,72,JumpIfUndefinedOrNullConstant.Wide
code-creation,BytecodeHandler,0,12205,0x55793865b640,68,JumpIfTrueConstant.Wide
code-creation,BytecodeHandler,0,12240,0x55793865b6c0,68,JumpIfFalseConstant.Wide
code-creation,BytecodeHandler,0,12259,0x55793865b740,84,JumpIfJSReceiverConstant.Wide
code-creation,BytecodeHandler,0,12264,0x55793865b7c0,88,JumpIfForInDoneConstant.Wide
code-creation,BytecodeHandler,0,12267,0x55793865b840,140,JumpIfToBooleanTrueConstant.Wide
code-creation,BytecodeHandler,0,12270,0x55793865b900,140,JumpIfToBooleanFalseConstant.Wide
code-creation,BytecodeHandler,0,12285,0x55793865b9c0,120,JumpIfToBooleanTrue.Wide
code-creation,BytecodeHandler,0,12290,0x55793865ba40,120,JumpIfToBooleanFalse.Wide
code-creation,BytecodeHandler,0,12305,0x55793865bac0,48,JumpIfTrue.Wide
code-creation,BytecodeHandler,0,12310,0x55793865bb00,48,JumpIfFalse.Wide
code-creation,BytecodeHandler,0,12312,0x55793865bb40,48,JumpIfNull.Wide
code-creation,BytecodeHandler,0,12315,0x55793865bb80,48,JumpIfNotNull.Wide
code-creation,BytecodeHandler,0,12319,0x55793865bbc0,48,JumpIfUndefined.Wide
code-creation,BytecodeHandler,0,12331,0x55793865bc00,48,JumpIfNotUndefined.Wide
code-creation,BytecodeHandler,0,12335,0x55793865bc40,52,JumpIfUndefinedOrNull.Wide
code-creation,BytecodeHandler,0,12353,0x55793865bc80,64,JumpIfJSReceiver.Wide
code-creation,BytecodeHandler,0,12361,0x55793865bd00,64,JumpIfForInDone.Wide
code-creation,BytecodeHandler,0,12373,0x55793865bd80,104,SwitchOnSmiNoFeedback.Wide
code-creation,BytecodeHandler,0,12377,0x55793865be00,488,ForInEnumerate.Wide
code-creation,BytecodeHandler,0,12380,0x55793865c000,224,ForInPrepare.Wide
code-creation,BytecodeHandler,0,12402,0x55793865c100,212,ForInNext.Wide
code-creation,BytecodeHandler,0,12407,0x55793865c200,44,ForInStep.Wide
code-creation,BytecodeHandler,0,12423,0x55793865c240,3112,ForOfNext.Wide
code-creation,BytecodeHandler,0,12432,0x55793865ce80,144,ThrowReferenceErrorIfTdzHole.Wide
code-creation,BytecodeHandler,0,12445,0x55793865cf40,140,ThrowIfNotSuperConstructor.Wide
code-creation,BytecodeHandler,0,12451,0x55793865d000,128,SwitchOnGeneratorState.Wide
code-creation,BytecodeHandler,0,12464,0x55793865d0c0,460,SuspendGenerator.Wide
code-creation,BytecodeHandler,0,12469,0x55793865d2c0,176,ResumeGenerator.Wide
code-creation,BytecodeHandler,0,12482,0x55793865d380,128,GetIterator.Wide
code-creation,BytecodeHandler,0,12500,0x55793865d440,108,ArrayDestructure.Wide
code-creation,BytecodeHandler,0,12505,0x55793865d4c0,116,IncBlockCounter.Wide
code-creation,BytecodeHandler,0,12517,0x55793865d540,96,DebugBreak1.ExtraWide
code-creation,BytecodeHandler,0,12536,0x55793865d5c0,96,DebugBreak2.ExtraWide
code-creation,BytecodeHandler,0,12540,0x55793865d640,96,DebugBreak3.ExtraWide
code-creation,BytecodeHandler,0,12551,0x55793865d6c0,96,DebugBreak4.ExtraWide
code-creation,BytecodeHandler,0,12555,0x55793865d740,96,DebugBreak5.ExtraWide
code-creation,BytecodeHandler,0,12570,0x55793865d7c0,96,DebugBreak6.ExtraWide
code-creation,BytecodeHandler,0,12588,0x55793865d840,32,Ldar.ExtraWide
code-creation,BytecodeHandler,0,12608,0x55793865d880,28,LdaSmi.ExtraWide
code-creation,BytecodeHandler,0,12623,0x55793865d8c0,44,LdaConstant.ExtraWide
code-creation,BytecodeHandler,0,12628,0x55793865d900,128,LdaContextSlotNoCell.ExtraWide
code-creation,BytecodeHandler,0,12645,0x55793865d9c0,428,LdaContextSlot.ExtraWide
code-creation,BytecodeHandler,0,12649,0x55793865db80,128,LdaImmutableContextSlot.ExtraWide
code-creation,BytecodeHandler,0,12652,0x55793865dc40,56,LdaCurrentContextSlotNoCell.ExtraWide
code-creation,BytecodeHandler,0,12667,0x55793865dc80,356,LdaCurrentContextSlot.ExtraWide
code-creation,BytecodeHandler,0,12683,0x55793865de00,56,LdaImmutableCurrentContextSlot.ExtraWide
code-creation,BytecodeHandler,0,12703,0x55793865de40,32,Star.ExtraWide
code-creation,BytecodeHandler,0,12719,0x55793865de80,44,Mov.ExtraWide
code-creation,BytecodeHandler,0,12737,0x55793865dec0,40,PushContext.ExtraWide
code-creation,BytecodeHandler,0,12741,0x55793865df00,36,PopContext.ExtraWide
code-creation,BytecodeHandler,0,12756,0x55793865df40,48,TestReferenceEqual.ExtraWide
code-creation,BytecodeHandler,0,12772,0x55793865df80,4036,LdaGlobal.ExtraWide
code-creation,BytecodeHandler,0,12776,0x55793865ef80,3908,LdaGlobalInsideTypeof.ExtraWide
code-creation,BytecodeHandler,0,12786,0x55793865ff00,128,StaGlobal.ExtraWide
code-creation,BytecodeHandler,0,12791,0x55793865ffc0,180,StaContextSlotNoCell.ExtraWide
code-creation,BytecodeHandler,0,12806,0x557938660080,108,StaCurrentContextSlotNoCell.ExtraWide
code-creation,BytecodeHandler,0,12823,0x557938660100,2604,StaContextSlot.ExtraWide
code-creation,BytecodeHandler,0,12839,0x557938660b40,2664,StaCurrentContextSlot.ExtraWide
code-creation,BytecodeHandler,0,12856,0x5579386615c0,124,LdaLookupSlot.ExtraWide
code-creation,BytecodeHandler,0,12876,0x557938661640,288,LdaLookupContextSlotNoCell.ExtraWide
code-creation,BytecodeHandler,0,12892,0x557938661780,596,LdaLookupContextSlot.ExtraWide
code-creation,BytecodeHandler,0,12911,0x557938661a00,4280,LdaLookupGlobalSlot.ExtraWide
code-creation,BytecodeHandler,0,12927,0x557938662ac0,124,LdaLookupSlotInsideTypeof.ExtraWide
code-creation,BytecodeHandler,0,12958,0x557938662b40,288,LdaLookupContextSlotNoCellInsideTypeof.ExtraWide
code-creation,BytecodeHandler,0,12973,0x557938662c80,596,LdaLookupContextSlotInsideTypeof.ExtraWide
code-creation,BytecodeHandler,0,12989,0x557938662f00,4148,LdaLookupGlobalSlotInsideTypeof.ExtraWide
code-creation,BytecodeHandler,0,13008,0x557938663f40,216,StaLookupSlot.ExtraWide
code-creation,BytecodeHandler,0,13023,0x557938664040,4212,GetNamedProperty.ExtraWide
code-creation,BytecodeHandler,0,13039,0x5579386650c0,148,GetNamedPropertyFromSuper.ExtraWide
code-creation,BytecodeHandler,0,13063,0x557938665180,112,GetKeyedProperty.ExtraWide
code-creation,BytecodeHandler,0,13079,0x557938665200,136,GetEnumeratedKeyedProperty.ExtraWide
code-creation,BytecodeHandler,0,13083,0x5579386652c0,212,GetPrivateField.ExtraWide
code-creation,BytecodeHandler,0,13099,0x5579386653c0,200,LdaModuleVariable.ExtraWide
code-creation,BytecodeHandler,0,13118,0x5579386654c0,312,StaModuleVariable.ExtraWide
code-creation,BytecodeHandler,0,13123,0x557938665600,152,SetNamedProperty.ExtraWide
code-creation,BytecodeHandler,0,13126,0x5579386656c0,152,DefineNamedOwnProperty.ExtraWide
code-creation,BytecodeHandler,0,13129,0x557938665780,128,SetKeyedProperty.ExtraWide
code-creation,BytecodeHandler,0,13141,0x557938665840,144,DefineKeyedOwnProperty.ExtraWide
code-creation,BytecodeHandler,0,13158,0x557938665900,128,StaInArrayLiteral.ExtraWide
code-creation,BytecodeHandler,0,13175,0x5579386659c0,160,DefineKeyedOwnPropertyInLiteral.ExtraWide
code-creation,BytecodeHandler,0,13180,0x557938665a80,180,SetPrototypeProperties.ExtraWide
code-creation,BytecodeHandler,0,13196,0x557938665b40,220,SetPrivateField.ExtraWide
code-creation,BytecodeHandler,0,13234,0x557938665c40,2020,Add.ExtraWide
code-creation,BytecodeHandler,0,13259,0x557938666440,1472,Sub.ExtraWide
code-creation,BytecodeHandler,0,13276,0x557938666a40,1664,Mul.ExtraWide
code-creation,BytecodeHandler,0,13281,0x557938667100,1616,Div.ExtraWide
code-creation,BytecodeHandler,0,13283,0x557938667780,1700,Mod.ExtraWide
code-creation,BytecodeHandler,0,13285,0x557938667e40,932,Exp.ExtraWide
code-creation,BytecodeHandler,0,13287,0x557938668200,2088,BitwiseOr.ExtraWide
code-creation,BytecodeHandler,0,13288,0x557938668a40,2088,BitwiseXor.ExtraWide
code-creation,BytecodeHandler,0,13290,0x557938669280,2088,BitwiseAnd.ExtraWide
code-creation,BytecodeHandler,0,13296,0x557938669ac0,1504,ShiftLeft.ExtraWide
code-creation,BytecodeHandler,0,13297,0x55793866a0c0,1504,ShiftRight.ExtraWide
code-creation,BytecodeHandler,0,13300,0x55793866a6c0,1444,ShiftRightLogical.ExtraWide
code-creation,BytecodeHandler,0,13311,0x55793866ac80,3868,Add_StringConstant_Internalize.ExtraWide
code-creation,BytecodeHandler,0,13328,0x55793866bbc0,680,AddSmi.ExtraWide
code-creation,BytecodeHandler,0,13343,0x55793866be80,584,SubSmi.ExtraWide
code-creation,BytecodeHandler,0,13347,0x55793866c100,752,MulSmi.ExtraWide
code-creation,BytecodeHandler,0,13363,0x55793866c400,704,DivSmi.ExtraWide
code-creation,BytecodeHandler,0,13368,0x55793866c700,684,ModSmi.ExtraWide
code-creation,BytecodeHandler,0,13384,0x55793866c9c0,640,ExpSmi.ExtraWide
code-creation,BytecodeHandler,0,13388,0x55793866cc80,664,BitwiseOrSmi.ExtraWide
code-creation,BytecodeHandler,0,13390,0x55793866cf40,664,BitwiseXorSmi.ExtraWide
code-creation,BytecodeHandler,0,13393,0x55793866d200,664,BitwiseAndSmi.ExtraWide
code-creation,BytecodeHandler,0,13409,0x55793866d4c0,808,ShiftLeftSmi.ExtraWide
code-creation,BytecodeHandler,0,13415,0x55793866d800,668,ShiftRightSmi.ExtraWide
code-creation,BytecodeHandler,0,13429,0x55793866dac0,816,ShiftRightLogicalSmi.ExtraWide
code-creation,BytecodeHandler,0,13437,0x55793866de00,556,TypeOf.ExtraWide
code-creation,BytecodeHandler,0,13450,0x55793866e040,108,DeletePropertyStrict.ExtraWide
code-creation,BytecodeHandler,0,13456,0x55793866e0c0,104,DeletePropertySloppy.ExtraWide
code-creation,BytecodeHandler,0,13472,0x55793866e140,44,GetSuperConstructor.ExtraWide
code-creation,BytecodeHandler,0,13480,0x55793866e180,384,FindNonDefaultConstructorOrConstruct.ExtraWide
code-creation,BytecodeHandler,0,13492,0x55793866e340,1100,CallAnyReceiver.ExtraWide
code-creation,BytecodeHandler,0,13496,0x55793866e7c0,1100,CallProperty.ExtraWide
code-creation,BytecodeHandler,0,13514,0x55793866ec40,916,CallProperty0.ExtraWide
code-creation,BytecodeHandler,0,13530,0x55793866f000,928,CallProperty1.ExtraWide
code-creation,BytecodeHandler,0,13538,0x55793866f3c0,940,CallProperty2.ExtraWide
code-creation,BytecodeHandler,0,13541,0x55793866f780,908,CallUndefinedReceiver.ExtraWide
code-creation,BytecodeHandler,0,13556,0x55793866fb40,908,CallUndefinedReceiver0.ExtraWide
code-creation,BytecodeHandler,0,13576,0x55793866ff00,932,CallUndefinedReceiver1.ExtraWide
code-creation,BytecodeHandler,0,13582,0x5579386702c0,944,CallUndefinedReceiver2.ExtraWide
code-creation,BytecodeHandler,0,13596,0x557938670680,1100,CallWithSpread.ExtraWide
code-creation,BytecodeHandler,0,13601,0x557938670b00,124,CallRuntime.ExtraWide
code-creation,BytecodeHandler,0,13622,0x557938670b80,136,CallRuntimeForPair.ExtraWide
code-creation,BytecodeHandler,0,13628,0x557938670c40,88,CallJSRuntime.ExtraWide
code-creation,BytecodeHandler,0,13645,0x557938670cc0,1380,InvokeIntrinsic.ExtraWide
code-creation,BytecodeHandler,0,13653,0x557938671240,1120,Construct.ExtraWide
code-creation,BytecodeHandler,0,13656,0x5579386716c0,376,ConstructWithSpread.ExtraWide
code-creation,BytecodeHandler,0,13668,0x557938671840,988,ConstructForwardAllArgs.ExtraWide
code-creation,BytecodeHandler,0,13672,0x557938671c40,2168,TestEqual.ExtraWide
code-creation,BytecodeHandler,0,13684,0x5579386724c0,1292,TestEqualStrict.ExtraWide
code-creation,BytecodeHandler,0,13697,0x557938672a00,2056,TestLessThan.ExtraWide
code-creation,BytecodeHandler,0,13701,0x557938673240,2056,TestGreaterThan.ExtraWide
code-creation,BytecodeHandler,0,13713,0x557938673a80,2056,TestLessThanOrEqual.ExtraWide
code-creation,BytecodeHandler,0,13717,0x5579386742c0,2056,TestGreaterThanOrEqual.ExtraWide
code-creation,BytecodeHandler,0,13737,0x557938674b00,1004,TestInstanceOf.ExtraWide
code-creation,BytecodeHandler,0,13746,0x557938674f00,112,TestIn.ExtraWide
code-creation,BytecodeHandler,0,13766,0x557938674f80,160,ToNumber.ExtraWide
code-creation,BytecodeHandler,0,13774,0x557938675040,184,ToNumeric.ExtraWide
code-creation,BytecodeHandler,0,13788,0x557938675100,104,ToObject.ExtraWide
code-creation,BytecodeHandler,0,13797,0x557938675180,412,CreateRegExpLiteral.ExtraWide
code-creation,BytecodeHandler,0,13813,0x557938675340,1736,CreateArrayLiteral.ExtraWide
code-creation,BytecodeHandler,0,13821,0x557938675a40,724,CreateEmptyArrayLiteral.ExtraWide
code-creation,BytecodeHandler,0,13837,0x557938675d40,2756,CreateObjectLiteral.ExtraWide
code-creation,BytecodeHandler,0,13845,0x557938676840,132,CloneObject.ExtraWide
code-creation,BytecodeHandler,0,13860,0x557938676900,140,GetTemplateObject.ExtraWide
code-creation,BytecodeHandler,0,13868,0x5579386769c0,332,CreateClosure.ExtraWide
code-creation,BytecodeHandler,0,13883,0x557938676b40,124,CreateBlockContext.ExtraWide
code-creation,BytecodeHandler,0,13888,0x557938676bc0,136,CreateCatchContext.ExtraWide
code-creation,BytecodeHandler,0,13891,0x557938676c80,352,CreateFunctionContext.ExtraWide
code-creation,BytecodeHandler,0,13909,0x557938676e00,800,CreateFunctionContextWithCells.ExtraWide
code-creation,BytecodeHandler,0,13916,0x557938677140,352,CreateEvalContext.ExtraWide
code-creation,BytecodeHandler,0,13930,0x5579386772c0,136,CreateWithContext.ExtraWide
code-creation,BytecodeHandler,0,13934,0x557938677380,1776,JumpLoop.ExtraWide
code-creation,BytecodeHandler,0,13940,0x557938677a80,20,Jump.ExtraWide
code-creation,BytecodeHandler,0,13956,0x557938677ac0,44,JumpConstant.ExtraWide
code-creation,BytecodeHandler,0,13960,0x557938677b00,68,JumpIfNullConstant.ExtraWide
code-creation,BytecodeHandler,0,13980,0x557938677b80,68,JumpIfNotNullConstant.ExtraWide
code-creation,BytecodeHandler,0,13985,0x557938677c00,68,JumpIfUndefinedConstant.ExtraWide
code-creation,BytecodeHandler,0,14003,0x557938677c80,68,JumpIfNotUndefinedConstant.ExtraWide
code-creation,BytecodeHandler,0,14008,0x557938677d00,72,JumpIfUndefinedOrNullConstant.ExtraWide
code-creation,BytecodeHandler,0,14026,0x557938677d80,68,JumpIfTrueConstant.ExtraWide
code-creation,BytecodeHandler,0,14033,0x557938677e00,68,JumpIfFalseConstant.ExtraWide
code-creation,BytecodeHandler,0,14049,0x557938677e80,84,JumpIfJSReceiverConstant.ExtraWide
code-creation,BytecodeHandler,0,14058,0x557938677f00,84,JumpIfForInDoneConstant.ExtraWide
code-creation,BytecodeHandler,0,14073,0x557938677f80,140,JumpIfToBooleanTrueConstant.ExtraWide
code-creation,BytecodeHandler,0,14083,0x557938678040,140,JumpIfToBooleanFalseConstant.ExtraWide
code-creation,BytecodeHandler,0,14102,0x557938678100,120,JumpIfToBooleanTrue.ExtraWide
code-creation,BytecodeHandler,0,14120,0x557938678180,120,JumpIfToBooleanFalse.ExtraWide
code-creation,BytecodeHandler,0,14124,0x557938678200,44,JumpIfTrue.ExtraWide
code-creation,BytecodeHandler,0,14126,0x557938678240,44,JumpIfFalse.ExtraWide
code-creation,BytecodeHandler,0,14128,0x557938678280,44,JumpIfNull.ExtraWide
code-creation,BytecodeHandler,0,14133,0x5579386782c0,44,JumpIfNotNull.ExtraWide
code-creation,BytecodeHandler,0,14150,0x557938678300,44,JumpIfUndefined.ExtraWide
code-creation,BytecodeHandler,0,14155,0x557938678340,44,JumpIfNotUndefined.ExtraWide
code-creation,BytecodeHandler,0,14168,0x557938678380,52,JumpIfUndefinedOrNull.ExtraWide
code-creation,BytecodeHandler,0,14177,0x5579386783c0,60,JumpIfJSReceiver.ExtraWide
code-creation,BytecodeHandler,0,14192,0x557938678400,64,JumpIfForInDone.ExtraWide
code-creation,BytecodeHandler,0,14197,0x557938678480,100,SwitchOnSmiNoFeedback.ExtraWide
code-creation,BytecodeHandler,0,14212,0x557938678500,488,ForInEnumerate.ExtraWide
code-creation,BytecodeHandler,0,14230,0x557938678700,220,ForInPrepare.ExtraWide
code-creation,BytecodeHandler,0,14237,0x557938678800,208,ForInNext.ExtraWide
code-creation,BytecodeHandler,0,14241,0x557938678900,44,ForInStep.ExtraWide
code-creation,BytecodeHandler,0,14243,0x557938678940,3112,ForOfNext.ExtraWide
code-creation,BytecodeHandler,0,14245,0x557938679580,144,ThrowReferenceErrorIfTdzHole.ExtraWide
code-creation,BytecodeHandler,0,14247,0x557938679640,136,ThrowIfNotSuperConstructor.ExtraWide
code-creation,BytecodeHandler,0,14250,0x557938679700,124,SwitchOnGeneratorState.ExtraWide
code-creation,BytecodeHandler,0,14252,0x557938679780,460,SuspendGenerator.ExtraWide
code-creation,BytecodeHandler,0,14254,0x557938679980,176,ResumeGenerator.ExtraWide
code-creation,BytecodeHandler,0,14256,0x557938679a40,128,GetIterator.ExtraWide
code-creation,BytecodeHandler,0,14262,0x557938679b00,104,ArrayDestructure.ExtraWide
code-creation,BytecodeHandler,0,14264,0x557938679b80,112,IncBlockCounter.ExtraWide
new,MemoryChunk,0x210a01040000,262144
code-creation,Script,10,16346,0x29c801000254,390, osr-bug.js:1:1,0x210a0101e268,~
script-source,3,osr-bug.js,// Lines 146-154 (+ summary item 10\x2C line 37): OSR + reduce callback from different environments.\n// Usage: d8 osr-bug.js -- <variant> <n> [opt]   |  node osr-bug.js <variant> <n> [opt]\nconst isD8 = typeof process === 'undefined';\nconst log = isD8 ? print : console.log;\nconst argv = isD8 ? arguments : process.argv.slice(2);\nconst variant = argv[0]\x2C N = +argv[1]\x2C mode = argv[2] || 'plain';\nconst arr = [1\x2C 2\x2C 3\x2C 4\x2C 5\x2C 6\x2C 7\x2C 8\x2C 9\x2C 10];\nfunction doOuter(a\x2C b) { return a + b; }\nvar doOuterVar = function (a\x2C b) { return a + b; };\nconst doOuterConst = function (a\x2C b) { return a + b; };\nconst outerArrow = (a\x2C b) => a + b;\nconst V = {\n  literal(n) { let s = 0; while (n--) s += arr.reduce((a\x2C b) => a + b\x2C 0); return s; }\x2C\n  inner(n) { function doInner(a\x2C b) { return a + b; } let s = 0; while (n--) s += arr.reduce(doInner\x2C 0); return s; }\x2C\n  globalFn(n) { let s = 0; while (n--) s += arr.reduce(doOuter\x2C 0); return s; }\x2C\n  aliasInside(n) { var doInner = doOuter; let s = 0; while (n--) s += arr.reduce(doInner\x2C 0); return s; }\x2C\n  globalVar(n) { let s = 0; while (n--) s += arr.reduce(doOuterVar\x2C 0); return s; }\x2C\n  globalConst(n) { let s = 0; while (n--) s += arr.reduce(doOuterConst\x2C 0); return s; }\x2C\n  globalConstArrow(n) { let s = 0; while (n--) s += arr.reduce(outerArrow\x2C 0); return s; }\x2C\n  // workaround from line 154: loop body in a small local function\n  innerWrapped(n) { function doInner(a\x2C b) { return a + b; } function doSum() { return arr.reduce(doInner\x2C 0); } let s = 0; while (n--) s += doSum(); return s; }\x2C\n  constArrowWrapped(n) { function doSum() { return arr.reduce(outerArrow\x2C 0); } let s = 0; while (n--) s += doSum(); return s; }\x2C\n};\nconst doMain = V[variant];\nif (mode === 'opt') { %PrepareFunctionForOptimization(doMain); doMain(3); doMain(3); %OptimizeFunctionOnNextCall(doMain); }\nconst t0 = Date.now();\nconst r = doMain(N);\nlog(`${variant.padEnd(18)} mode=${mode} n=${N} ms=${Date.now() - t0} r=${r}`);\n
code-source-info,0x29c801000254,3,0,1932,C6O0C11O199C16O199C18O243C22O250C27O258C31O266C35O243C37O284C41O291C46O303C50O311C55O316C63O316C68O284C70O342C74O346C77O342C79O355C84O360C87O355C89O355C91O372C96O376C103O372C105O404C109O404C111O495C115O495C118O551C122O551C124O605C128O605C130O632C135O636C143O724C151O843C159O924C167O1031C175O1116C183O1205C191O1364C199O1527C209O632C211O1673C216O1674C219O1673C221O1685C226O1694C231O1707C239O1748C245O1748C249O1759C255O1759C259O1770C267O1820C271O1825C276O1825C280O1820C282O1842C288O1842C292O1842C294O1853C300O1868C308O1868C323O1887C336O1897C347O1905C351O1910C356O1910C363O1916C379O1926C384O1853C389O1932,,
LoadGlobalIC,0x29c80100025f,16600,3,14,X,X,0x210a0101d555,process,,
LoadGlobalIC,0x29c80100026a,16638,4,20,X,X,0x210a0101d555,print,,
LoadGlobalIC,0x29c80100027d,16643,5,21,X,X,0x210a0101d555,arguments,,
StoreGlobalIC,0x29c8010002c7,16676,9,18,X,X,0x000000000000,doOuterVar,,
StoreIC,0x29c8010002df,16722,13,3,X,X,0x000000000000,literal,,
StoreIC,0x29c8010002e7,16756,14,3,X,X,0x000000000000,inner,,
StoreIC,0x29c8010002ef,16778,15,3,X,X,0x000000000000,globalFn,,
StoreIC,0x29c8010002f7,16800,16,3,X,X,0x000000000000,aliasInside,,
StoreIC,0x29c8010002ff,16807,17,3,X,X,0x000000000000,globalVar,,
StoreIC,0x29c801000307,16833,18,3,X,X,0x000000000000,globalConst,,
StoreIC,0x29c80100030f,16857,19,3,X,X,0x000000000000,globalConstArrow,,
StoreIC,0x29c801000317,16878,21,3,X,X,0x000000000000,innerWrapped,,
StoreIC,0x29c80100031f,16903,22,3,X,X,0x000000000000,constArrowWrapped,,
LoadGlobalIC,0x29c80100035f,16931,26,12,X,X,0x210a0101d555,Date,,
code-creation,JS,10,17006,0x29c8010004cc,49,globalVar osr-bug.js:17:12,0x210a0101e4cc,~
code-source-info,0x29c8010004cc,3,1040,1112,C0O1054C2O1065C13O1065C15O1069C18O1078C23O1085C29O1078C42O1057C46O1101C48O1110,,
LoadGlobalIC,0x29c8010004e3,17051,17,57,X,X,0x210a0101d555,doOuterVar,,
code-creation,JS,10,17087,0x29c801000548,6,doOuterVar osr-bug.js:9:27,0x210a0101e364,~
code-source-info,0x29c801000548,3,504,528,C0O513C2O522C5O526,,
LoadGlobalIC,0x29c8010004e3,17117,17,57,X,X,0x210a0101d555,doOuterVar,,
LoadGlobalIC,0x29c8010004e3,17137,17,57,X,X,0x210a0101d555,doOuterVar,,
LoadGlobalIC,0x29c8010004e3,17161,17,57,X,X,0x210a0101d555,doOuterVar,,
LoadGlobalIC,0x29c8010004e3,17185,17,57,X,X,0x210a0101d555,doOuterVar,,
LoadGlobalIC,0x29c8010004e3,17209,17,57,X,X,0x210a0101d555,doOuterVar,,
LoadGlobalIC,0x29c8010004e3,17251,17,57,X,X,0x210a0101d555,doOuterVar,,
LoadGlobalIC,0x29c8010004e3,17257,17,57,X,X,0x210a0101d555,doOuterVar,,
LoadGlobalIC,0x29c8010004e3,17277,17,57,X,X,0x210a0101d555,doOuterVar,,
LoadIC,0x29c8010004de,17302,17,50,0,1,0x210a0100d035,reduce,,
LoadGlobalIC,0x29c8010004e3,17324,17,57,0,1,0x210a0101d555,doOuterVar,,
new,MemoryChunk,0x29c801040000,262144
new,MemoryChunk,0x557998440000,262144
new,MemoryChunk,0x210a01080000,262144
code-creation,JS,12,18266,0x557998440040,260,doOuterVar osr-bug.js:9:27,0x210a0101e364,+'
code-source-info,0x557998440040,3,504,528,C7O504C7O504C7O504C7O504C23O504C27O522C41O522C52O522C70O526C80O526C94O526,,
code-creation,JS,11,18872,0x557998440680,52,doOuterVar osr-bug.js:9:27,0x210a0101e364,^
code-source-info,0x557998440680,3,504,528,C17O513C21O522C35O526,,
code-creation,JS,11,18905,0x557998440700,460,globalVar osr-bug.js:17:12,0x210a0101e4cc,^
code-source-info,0x557998440700,3,1040,1112,C26O1054C32O1065C65O1065C94O1069C109O1078C137O1085C167O1078C216O1057C439O1101C443O1110,,
code-creation,JS,12,18932,0x557998440180,1176,globalVar osr-bug.js:17:12,0x210a0101e4cc,o+
code-source-info,0x557998440180,3,1040,1112,C14O1040C14O1040C14O1040C14O1040C14O1040C14O1040C30O1040C34O1065C42O1065C46O1065C58O1065C70O1069C80O1078C129O1078C161O1078C175O1078C185O1078C207O1057C243O1057C256O1057C256O1057C260O1057C274O1057C286O1057C298O1057C337O1057C371O1057C386O1057C396O1057C418O1057C454O1057C474O1101C479O1101C493O1101C493O1110C506O1110,,
code-creation,JS,13,20027,0x557998440900,248,doOuterVar osr-bug.js:9:27,0x210a0101e364,*'
code-source-info,0x557998440900,3,504,528,C11O504C25O522C72O526C113O504C151O526,,
code-creation,JS,13,21012,0x557998440a40,792,globalVar osr-bug.js:17:12,0x210a0101e4cc,o*
code-source-info,0x557998440a40,3,1040,1112,C23O1040C45O1065C104O1069C111O1078C168O522I0C192O1078C200O522I0C218O1078C235O522I0C250O1078C267O522I0C281O1078C299O522I0C312O1078C322O1110C348O1040C389O1078C420O1065C537O1078C563O1065C677O1057,F0O1078,S0x210a0101e364
LoadIC,0x29c801000380,23480,28,16,X,X,0x210a00000425,padEnd,,
LoadGlobalIC,0x29c8010003af,23537,28,53,X,X,0x210a0101d555,Date,,
delete,MemoryChunk,0x153c00ed8000
delete,MemoryChunk,0x153c00ebd000
delete,MemoryChunk,0x153c00f19000
delete,MemoryChunk,0x153c00f14000
delete,MemoryChunk,0x153c00eba800
delete,MemoryChunk,0x153c00ef3800
