v8-version,15,6,67,0,0
v8-platform,linux,linux
new,CodeRange,0x557dac840000,0
new,MemoryChunk,0xe3b00000000,262144
new,MemoryChunk,0xe3b00040000,262144
new,MemoryChunk,0xe3b00080000,262144
new,MemoryChunk,0xe3b000c0000,262144
new,MemoryChunk,0xe3b00100000,262144
new,MemoryChunk,0xe3b00140000,262144
new,MemoryChunk,0xe3b00180000,262144
new,MemoryChunk,0xe3b001c0000,262144
new,MemoryChunk,0xe3b00200000,262144
heap-capacity,1048512
heap-available,4397727616
new,MemoryChunk,0xe3b01000000,262144
new,MemoryChunk,0x51c01000000,262144
code-creation,Builtin,3,2868,0x557d4c854000,1016,DeoptimizationEntry_Eager
code-creation,Builtin,3,2897,0x557d4c854400,1020,DeoptimizationEntry_Lazy
code-creation,Builtin,3,2908,0x557d4c854800,84,DeoptimizationEntry_LazyAfterFastCall
code-creation,Builtin,3,2917,0x557d4c854880,3240,RecordWriteSaveFP
code-creation,Builtin,3,2921,0x557d4c855540,1696,RecordWriteIgnoreFP
code-creation,Builtin,3,2923,0x557d4c855c00,340,EphemeronKeyBarrierSaveFP
code-creation,Builtin,3,2926,0x557d4c855d80,120,EphemeronKeyBarrierIgnoreFP
code-creation,Builtin,3,2929,0x557d4c855e00,336,IndirectPointerBarrierSaveFP
code-creation,Builtin,3,2952,0x557d4c855f80,116,IndirectPointerBarrierIgnoreFP
code-creation,Builtin,3,2963,0x557d4c856000,24,AdaptorWithBuiltinExitFrame0
code-creation,Builtin,3,2987,0x557d4c856040,40,AdaptorWithBuiltinExitFrame1
code-creation,Builtin,3,3009,0x557d4c856080,40,AdaptorWithBuiltinExitFrame2
code-creation,Builtin,3,3015,0x557d4c8560c0,40,AdaptorWithBuiltinExitFrame3
code-creation,Builtin,3,3021,0x557d4c856100,40,AdaptorWithBuiltinExitFrame4
code-creation,Builtin,3,3035,0x557d4c856140,40,AdaptorWithBuiltinExitFrame5
code-creation,Builtin,3,3058,0x557d4c856180,292,CallFunction_ReceiverIsNullOrUndefined
code-creation,Builtin,3,3077,0x557d4c8562c0,332,CallFunction_ReceiverIsNotNullOrUndefined
code-creation,Builtin,3,3095,0x557d4c856440,364,CallFunction_ReceiverIsAny
code-creation,Builtin,3,3118,0x557d4c8565c0,104,CallBoundFunction
code-creation,Builtin,3,3138,0x557d4c856640,1052,CallWrappedFunction
code-creation,Builtin,3,3162,0x557d4c856a80,180,Call_ReceiverIsNullOrUndefined
code-creation,Builtin,3,3169,0x557d4c856b40,180,Call_ReceiverIsNotNullOrUndefined
code-creation,Builtin,3,3172,0x557d4c856c00,180,Call_ReceiverIsAny
code-creation,Builtin,3,3175,0x557d4c856cc0,908,Call_ReceiverIsNullOrUndefined_Baseline_Compact
code-creation,Builtin,3,3189,0x557d4c857080,900,Call_ReceiverIsNullOrUndefined_Baseline
code-creation,Builtin,3,3207,0x557d4c857440,1060,Call_ReceiverIsNotNullOrUndefined_Baseline_Compact
code-creation,Builtin,3,3227,0x557d4c857880,988,Call_ReceiverIsNotNullOrUndefined_Baseline
code-creation,Builtin,3,3251,0x557d4c857c80,1060,Call_ReceiverIsAny_Baseline_Compact
code-creation,Builtin,3,3275,0x557d4c8580c0,988,Call_ReceiverIsAny_Baseline
code-creation,Builtin,3,3298,0x557d4c8584c0,904,Call_ReceiverIsNullOrUndefined_WithFeedback
code-creation,Builtin,3,3322,0x557d4c858880,904,Call_ReceiverIsNotNullOrUndefined_WithFeedback
code-creation,Builtin,3,3347,0x557d4c858c40,904,Call_ReceiverIsAny_WithFeedback
code-creation,Builtin,3,3367,0x557d4c859000,736,CallProxy
code-creation,Builtin,3,3376,0x557d4c859300,132,CallVarargs
code-creation,Builtin,3,3393,0x557d4c8593c0,1352,CallWithSpread
code-creation,Builtin,3,3402,0x557d4c859940,2372,CallWithSpread_Baseline
code-creation,Builtin,3,3420,0x557d4c85a2c0,2256,CallWithSpread_WithFeedback
code-creation,Builtin,3,3442,0x557d4c85abc0,1196,CallWithArrayLike
code-creation,Builtin,3,3449,0x557d4c85b080,2112,CallWithArrayLike_WithFeedback
code-creation,Builtin,3,3466,0x557d4c85b900,124,CallForwardVarargs
code-creation,Builtin,3,3471,0x557d4c85b980,124,CallFunctionForwardVarargs
code-creation,Builtin,3,3489,0x557d4c85ba00,476,CallFunctionTemplate_Generic
code-creation,Builtin,3,3512,0x557d4c85bc00,200,CallFunctionTemplate_CheckAccess
code-creation,Builtin,3,3531,0x557d4c85bd00,460,CallFunctionTemplate_CheckCompatibleReceiver
code-creation,Builtin,3,3554,0x557d4c85bf00,524,CallFunctionTemplate_CheckAccessAndCompatibleReceiver
code-creation,Builtin,3,3570,0x557d4c85c140,28,ConstructFunction
code-creation,Builtin,3,3603,0x557d4c85c180,104,ConstructBoundFunction
code-creation,Builtin,3,3626,0x557d4c85c200,28,ConstructedNonConstructable
code-creation,Builtin,3,3649,0x557d4c85c240,108,Construct
code-creation,Builtin,3,3655,0x557d4c85c2c0,132,ConstructVarargs
code-creation,Builtin,3,3676,0x557d4c85c380,1372,ConstructWithSpread
code-creation,Builtin,3,3682,0x557d4c85c900,2196,ConstructWithSpread_Baseline
code-creation,Builtin,3,3715,0x557d4c85d1c0,2212,ConstructWithSpread_WithFeedback
code-creation,Builtin,3,3735,0x557d4c85da80,1332,ConstructWithArrayLike
code-creation,Builtin,3,3740,0x557d4c85dfc0,164,ConstructForwardVarargs
code-creation,Builtin,3,3762,0x557d4c85e080,80,ConstructForwardAllArgs
code-creation,Builtin,3,3767,0x557d4c85e100,752,ConstructForwardAllArgs_Baseline
code-creation,Builtin,3,3812,0x557d4c85e400,756,ConstructForwardAllArgs_WithFeedback
code-creation,Builtin,3,3830,0x557d4c85e700,164,ConstructFunctionForwardVarargs
code-creation,Builtin,3,3835,0x557d4c85e7c0,756,Construct_Baseline
code-creation,Builtin,3,3854,0x557d4c85eac0,792,Construct_WithFeedback
code-creation,Builtin,3,3860,0x557d4c85ee00,428,JSConstructStubGeneric
code-creation,Builtin,3,3863,0x557d4c85efc0,324,JSBuiltinsConstructStub
code-creation,Builtin,3,3865,0x557d4c85f140,996,FastNewObject
code-creation,Builtin,3,3868,0x557d4c85f540,412,FastNewClosure
code-creation,Builtin,3,3870,0x557d4c85f700,772,ConstructProxy
code-creation,Builtin,3,3873,0x557d4c85fa40,240,JSEntry
code-creation,Builtin,3,3893,0x557d4c85fb40,240,JSConstructEntry
code-creation,Builtin,3,3898,0x557d4c85fc40,240,JSRunMicrotasksEntry
code-creation,Builtin,3,3916,0x557d4c85fd40,100,JSEntryTrampoline
code-creation,Builtin,3,3926,0x557d4c85fdc0,100,JSConstructEntryTrampoline
code-creation,Builtin,3,3944,0x557d4c85fe40,328,ResumeGeneratorTrampoline
code-creation,Builtin,3,3963,0x557d4c85ffc0,72,ResumeGeneratorTrampoline_WithCatch
code-creation,Builtin,3,3969,0x557d4c860040,1212,StringFromCodePointAt
code-creation,Builtin,3,3984,0x557d4c860500,1392,StringEqual
code-creation,Builtin,3,3990,0x557d4c860a80,1392,WasmJSStringEqual
code-creation,Builtin,3,4007,0x557d4c861000,648,StringGreaterThan
code-creation,Builtin,3,4011,0x557d4c8612c0,648,StringGreaterThanOrEqual
code-creation,Builtin,3,4033,0x557d4c861580,648,StringLessThan
code-creation,Builtin,3,4048,0x557d4c861840,648,StringLessThanOrEqual
code-creation,Builtin,3,4054,0x557d4c861b00,652,StringCompare
code-creation,Builtin,3,4072,0x557d4c861dc0,652,WasmStringCompare
code-creation,Builtin,3,4091,0x557d4c862080,3892,StringSubstring
code-creation,Builtin,3,4109,0x557d4c862fc0,112,OrderedHashTableHealIndex
code-creation,Builtin,3,4124,0x557d4c863040,692,InterpreterEntryTrampoline
code-creation,Builtin,3,4129,0x557d4c863300,700,InterpreterEntryTrampolineForProfiling
code-creation,Builtin,3,4147,0x557d4c8635c0,80,InterpreterForwardAllArgsThenConstruct
code-creation,Builtin,3,4165,0x557d4c863640,76,InterpreterPushArgsThenCall
code-creation,Builtin,3,4185,0x557d4c8636c0,84,InterpreterPushUndefinedAndArgsThenCall
code-creation,Builtin,3,4208,0x557d4c863740,84,InterpreterPushArgsThenCallWithFinalSpread
code-creation,Builtin,3,4229,0x557d4c8637c0,84,InterpreterPushArgsThenConstruct
code-creation,Builtin,3,4239,0x557d4c863840,704,InterpreterPushArgsThenFastConstructFunction
code-creation,Builtin,3,4260,0x557d4c863b40,84,InterpreterPushArgsThenConstructArrayFunction
code-creation,Builtin,3,4279,0x557d4c863bc0,88,InterpreterPushArgsThenConstructWithFinalSpread
code-creation,Builtin,3,4290,0x557d4c863c40,132,InterpreterEnterAtBytecode
code-creation,Builtin,3,4306,0x557d4c863d00,256,InterpreterEnterAtNextBytecode
code-creation,Builtin,3,4313,0x557d4c863e40,136,InterpreterOnStackReplacement
code-creation,Builtin,3,4332,0x557d4c863f00,192,BaselineOutOfLinePrologue
code-creation,Builtin,3,4339,0x557d4c864000,20,BaselineOutOfLinePrologueDeopt
code-creation,Builtin,3,4359,0x557d4c864040,136,BaselineOnStackReplacement
code-creation,Builtin,3,4378,0x557d4c864100,72,BaselineLeaveFrame
code-creation,Builtin,3,4383,0x557d4c864180,260,InterpreterOnStackReplacement_ToBaseline
code-creation,Builtin,3,4411,0x557d4c8642c0,32,MaglevFunctionEntryStackCheck_WithoutNewTarget
code-creation,Builtin,3,4431,0x557d4c864300,32,MaglevFunctionEntryStackCheck_WithNewTarget
code-creation,Builtin,3,4453,0x557d4c864340,4,MaglevOptimizeCodeOrTailCallOptimizedCodeSlot
code-creation,Builtin,3,4474,0x557d4c864380,992,CompileLazy
code-creation,Builtin,3,4487,0x557d4c864780,32,NotifyDeoptimized
code-creation,Builtin,3,4502,0x557d4c8647c0,164,StartMaglevOptimizeJob
code-creation,Builtin,3,4524,0x557d4c864880,164,OptimizeMaglevEager
code-creation,Builtin,3,4546,0x557d4c864940,164,StartTurbofanOptimizeJob
code-creation,Builtin,3,4566,0x557d4c864a00,164,OptimizeTurbofanEager
code-creation,Builtin,3,4585,0x557d4c864ac0,164,FunctionLogNextExecution
code-creation,Builtin,3,4606,0x557d4c864b80,164,MarkReoptimizeLazyDeoptimized
code-creation,Builtin,3,4631,0x557d4c864c40,164,MarkLazyDeoptimized
code-creation,Builtin,3,4650,0x557d4c864d00,164,MarkFlushed
code-creation,Builtin,3,4670,0x557d4c864dc0,44,ContinueToCodeStubBuiltin
code-creation,Builtin,3,4689,0x557d4c864e00,52,ContinueToCodeStubBuiltinWithResult
code-creation,Builtin,3,4700,0x557d4c864e40,44,ContinueToJavaScriptBuiltin
code-creation,Builtin,3,4718,0x557d4c864e80,52,ContinueToJavaScriptBuiltinWithResult
code-creation,Builtin,3,4743,0x557d4c864ec0,284,CallApiCallbackGeneric
code-creation,Builtin,3,4765,0x557d4c865000,216,CallApiCallbackOptimizedNoProfiling
code-creation,Builtin,3,4808,0x557d4c865100,236,CallApiCallbackOptimized
code-creation,Builtin,3,4814,0x557d4c865200,272,CallApiGetter
code-creation,Builtin,3,4816,0x557d4c865340,280,CallNamedInterceptorGetter
code-creation,Builtin,3,4819,0x557d4c865480,284,CallNamedInterceptorSetter
code-creation,Builtin,3,4822,0x557d4c8655c0,32,HandleApiCallOrConstruct
code-creation,Builtin,3,4825,0x557d4c865600,12,HandleApiConstruct
code-creation,Builtin,3,4842,0x557d4c865640,12,HandleApiCallAsFunctionDelegate
code-creation,Builtin,3,4863,0x557d4c865680,12,HandleApiCallAsConstructorDelegate
code-creation,Builtin,3,4882,0x557d4c8656c0,52,AllocateInYoungGeneration
code-creation,Builtin,3,4901,0x557d4c865700,52,AllocateInOldGeneration
code-creation,Builtin,3,4921,0x557d4c865740,52,WasmAllocateInYoungGeneration
code-creation,Builtin,3,4944,0x557d4c865780,52,WasmAllocateInOldGeneration
code-creation,Builtin,3,4961,0x557d4c8657c0,44,WasmAllocateInSharedHeap
code-creation,Builtin,3,4986,0x557d4c865800,132,NewHeapNumber
code-creation,Builtin,3,5004,0x557d4c8658c0,684,CopyFastSmiOrObjectElements
code-creation,Builtin,3,5018,0x557d4c865b80,756,GrowFastDoubleElements
code-creation,Builtin,3,5035,0x557d4c865e80,560,GrowFastSmiOrObjectElements
code-creation,Builtin,3,5052,0x557d4c8660c0,292,DebugBreakTrampoline
code-creation,Builtin,3,5072,0x557d4c866200,280,RestartFrameTrampoline
code-creation,Builtin,3,5092,0x557d4c866340,184,ToNumber
code-creation,Builtin,3,5110,0x557d4c866400,80,ToBigInt
code-creation,Builtin,3,5129,0x557d4c866480,272,ToNumber_Baseline
code-creation,Builtin,3,5152,0x557d4c8665c0,336,ToNumeric_Baseline
code-creation,Builtin,3,5172,0x557d4c866740,124,PlainPrimitiveToNumber
code-creation,Builtin,3,5195,0x557d4c8667c0,224,ToNumberConvertBigInt
code-creation,Builtin,3,5217,0x557d4c8668c0,60,ToBigIntConvertNumber
code-creation,Builtin,3,5239,0x557d4c866900,192,Typeof
code-creation,Builtin,3,5261,0x557d4c866a00,448,Typeof_Baseline
code-creation,Builtin,3,5280,0x557d4c866c00,104,BigIntToI64
code-creation,Builtin,3,5303,0x557d4c866c80,4,BigIntToI32Pair
code-creation,Builtin,3,5326,0x557d4c866cc0,208,I64ToBigInt
code-creation,Builtin,3,5345,0x557d4c866dc0,4,I32PairToBigInt
code-creation,Builtin,3,5367,0x557d4c866e00,152,ToBooleanLazyDeoptContinuation
code-creation,Builtin,3,5390,0x557d4c866ec0,344,MathCeilContinuation
code-creation,Builtin,3,5414,0x557d4c867040,348,MathFloorContinuation
code-creation,Builtin,3,5437,0x557d4c8671c0,396,MathRoundContinuation
code-creation,Builtin,3,5461,0x557d4c867380,96,MathClz32Continuation
code-creation,Builtin,3,5482,0x557d4c867400,3200,KeyedLoadIC_PolymorphicName
code-creation,Builtin,3,5510,0x557d4c8680c0,30128,KeyedStoreIC_Megamorphic
code-creation,Builtin,3,5533,0x557d4c86f680,19072,DefineKeyedOwnIC_Megamorphic
code-creation,Builtin,3,5555,0x557d4c874140,992,LoadGlobalIC_NoFeedback
code-creation,Builtin,3,5573,0x557d4c874540,88,LoadIC_FunctionPrototype
code-creation,Builtin,3,5594,0x557d4c8745c0,8,LoadIC_StringLength
code-creation,Builtin,3,5615,0x557d4c874600,16,LoadIC_StringWrapperLength
code-creation,Builtin,3,5636,0x557d4c874640,4464,LoadIC_NoFeedback
code-creation,Builtin,3,5643,0x557d4c8757c0,32,StoreGlobalIC_Slow
code-creation,Builtin,3,5660,0x557d4c875800,8812,StoreIC_NoFeedback
code-creation,Builtin,3,5681,0x557d4c877a80,4780,DefineNamedOwnIC_NoFeedback
code-creation,Builtin,3,5708,0x557d4c878d40,188,KeyedLoadIC_SloppyArguments
code-creation,Builtin,3,5731,0x557d4c878e00,68,LoadIndexedInterceptorIC
code-creation,Builtin,3,5748,0x557d4c878e80,320,KeyedStoreIC_SloppyArguments_InBounds
code-creation,Builtin,3,5771,0x557d4c879000,320,KeyedStoreIC_SloppyArguments_NoTransitionGrowAndHandleCOW
code-creation,Builtin,3,5815,0x557d4c879180,320,KeyedStoreIC_SloppyArguments_NoTransitionIgnoreTypedArrayOOB
code-creation,Builtin,3,5825,0x557d4c879300,320,KeyedStoreIC_SloppyArguments_NoTransitionHandleCOW
code-creation,Builtin,3,5843,0x557d4c879480,18448,StoreFastElementIC_InBounds
code-creation,Builtin,3,5853,0x557d4c87dcc0,12224,StoreFastElementIC_NoTransitionGrowAndHandleCOW
code-creation,Builtin,3,5858,0x557d4c880cc0,18304,StoreFastElementIC_NoTransitionIgnoreTypedArrayOOB
code-creation,Builtin,3,5862,0x557d4c885480,7144,StoreFastElementIC_NoTransitionHandleCOW
code-creation,Builtin,3,5923,0x557d4c887080,9988,ElementsTransitionAndStore_InBounds
code-creation,Builtin,3,5934,0x557d4c8897c0,22576,ElementsTransitionAndStore_NoTransitionGrowAndHandleCOW
code-creation,Builtin,3,5955,0x557d4c88f000,9988,ElementsTransitionAndStore_NoTransitionIgnoreTypedArrayOOB
code-creation,Builtin,3,5975,0x557d4c891740,13380,ElementsTransitionAndStore_NoTransitionHandleCOW
code-creation,Builtin,3,5996,0x557d4c894bc0,1216,KeyedHasIC_PolymorphicName
code-creation,Builtin,3,6018,0x557d4c8950c0,172,KeyedHasIC_SloppyArguments
code-creation,Builtin,3,6041,0x557d4c895180,68,HasIndexedInterceptorIC
code-creation,Builtin,3,6063,0x557d4c895200,200,EnqueueMicrotask
code-creation,Builtin,3,6085,0x557d4c895300,248,GlobalQueueMicrotask
code-creation,Builtin,3,6108,0x557d4c895400,8,RunMicrotasksTrampoline
code-creation,Builtin,3,6127,0x557d4c895440,3568,RunMicrotasks
code-creation,Builtin,3,6150,0x557d4c896240,3664,HasProperty
code-creation,Builtin,3,6169,0x557d4c8970c0,1564,DeleteProperty
code-creation,Builtin,3,6190,0x557d4c897700,2708,CopyDataProperties
code-creation,Builtin,3,6208,0x557d4c8981c0,11500,SetDataProperties
code-creation,Builtin,3,6227,0x557d4c89aec0,300,ProxyGetPropertyFastPath
code-creation,Builtin,3,6251,0x557d4c89b000,3584,CopyDataPropertiesWithExcludedPropertiesOnStack
code-creation,Builtin,3,6273,0x557d4c89be40,56,CopyDataPropertiesWithExcludedProperties
code-creation,Builtin,3,6292,0x557d4c89be80,28,Abort
code-creation,Builtin,3,6312,0x557d4c89bec0,28,AbortCSADcheck
code-creation,Builtin,3,6329,0x557d4c89bf00,12,EmptyFunction
code-creation,Builtin,3,6349,0x557d4c89bf40,12,EmptyFunction1
code-creation,Builtin,3,6369,0x557d4c89bf80,12,Illegal
code-creation,Builtin,3,6390,0x557d4c89bfc0,12,IllegalInvocationThrower
code-creation,Builtin,3,6411,0x557d4c89c000,12,StrictPoisonPillThrower
code-creation,Builtin,3,6430,0x557d4c89c040,12,UnsupportedThrower
code-creation,Builtin,3,6449,0x557d4c89c080,64,ReturnReceiver
code-creation,Builtin,3,6468,0x557d4c89c100,12,AbstractModuleSourceToStringTag
code-creation,Builtin,3,6490,0x557d4c89c140,20,ArrayConstructor
code-creation,Builtin,3,6508,0x557d4c89c180,360,ArrayConstructorImpl
code-creation,Builtin,3,6528,0x557d4c89c300,192,ArrayNoArgumentConstructor_PackedSmi_DontOverride
code-creation,Builtin,3,6547,0x557d4c89c400,192,ArrayNoArgumentConstructor_HoleySmi_DontOverride
code-creation,Builtin,3,6572,0x557d4c89c500,160,ArrayNoArgumentConstructor_PackedSmi_DisableAllocationSites
code-creation,Builtin,3,6606,0x557d4c89c5c0,160,ArrayNoArgumentConstructor_HoleySmi_DisableAllocationSites
code-creation,Builtin,3,6624,0x557d4c89c680,160,ArrayNoArgumentConstructor_Packed_DisableAllocationSites
code-creation,Builtin,3,6647,0x557d4c89c740,160,ArrayNoArgumentConstructor_Holey_DisableAllocationSites
code-creation,Builtin,3,6673,0x557d4c89c800,156,ArrayNoArgumentConstructor_PackedDouble_DisableAllocationSites
code-creation,Builtin,3,6700,0x557d4c89c8c0,156,ArrayNoArgumentConstructor_HoleyDouble_DisableAllocationSites
code-creation,Builtin,3,6724,0x557d4c89c980,888,ArraySingleArgumentConstructor_PackedSmi_DontOverride
code-creation,Builtin,3,6742,0x557d4c89cd00,848,ArraySingleArgumentConstructor_HoleySmi_DontOverride
code-creation,Builtin,3,6766,0x557d4c89d080,848,ArraySingleArgumentConstructor_PackedSmi_DisableAllocationSites
code-creation,Builtin,3,6813,0x557d4c89d400,744,ArraySingleArgumentConstructor_HoleySmi_DisableAllocationSites
code-creation,Builtin,3,6834,0x557d4c89d700,848,ArraySingleArgumentConstructor_Packed_DisableAllocationSites
code-creation,Builtin,3,6854,0x557d4c89da80,744,ArraySingleArgumentConstructor_Holey_DisableAllocationSites
code-creation,Builtin,3,6877,0x557d4c89dd80,868,ArraySingleArgumentConstructor_PackedDouble_DisableAllocationSites
code-creation,Builtin,3,6894,0x557d4c89e100,828,ArraySingleArgumentConstructor_HoleyDouble_DisableAllocationSites
code-creation,Builtin,3,6916,0x557d4c89e440,48,ArrayNArgumentsConstructor
code-creation,Builtin,3,6941,0x557d4c89e480,12,ArrayConcat
code-creation,Builtin,3,6946,0x557d4c89e4c0,12,ArrayPrototypeFill
code-creation,Builtin,3,6966,0x557d4c89e500,2380,ArrayIncludesSmi
code-creation,Builtin,3,6985,0x557d4c89ee80,2252,ArrayIncludesSmiOrObject
code-creation,Builtin,3,7002,0x557d4c89f780,356,ArrayIncludesPackedDoubles
code-creation,Builtin,3,7008,0x557d4c89f900,428,ArrayIncludesHoleyDoubles
code-creation,Builtin,3,7031,0x557d4c89fac0,636,ArrayIncludes
code-creation,Builtin,3,7054,0x557d4c89fd40,2168,ArrayIndexOfSmi
code-creation,Builtin,3,7074,0x557d4c8a05c0,2044,ArrayIndexOfSmiOrObject
code-creation,Builtin,3,7082,0x557d4c8a0dc0,232,ArrayIndexOfPackedDoubles
code-creation,Builtin,3,7101,0x557d4c8a0ec0,364,ArrayIndexOfHoleyDoubles
code-creation,Builtin,3,7121,0x557d4c8a1040,640,ArrayIndexOf
code-creation,Builtin,3,7140,0x557d4c8a1300,12,ArrayPop
code-creation,Builtin,3,7161,0x557d4c8a1340,616,ArrayPrototypePop
code-creation,Builtin,3,7183,0x557d4c8a15c0,12,ArrayPush
code-creation,Builtin,3,7203,0x557d4c8a1600,4152,ArrayPrototypePush
code-creation,Builtin,3,7227,0x557d4c8a2640,12,ArrayShift
code-creation,Builtin,3,7245,0x557d4c8a2680,12,ArrayUnshift
code-creation,Builtin,3,7267,0x557d4c8a26c0,1336,CloneFastJSArray
code-creation,Builtin,3,7286,0x557d4c8a2c00,3224,CloneFastJSArrayFillingHoles
code-creation,Builtin,3,7314,0x557d4c8a38c0,1392,ExtractFastJSArray
code-creation,Builtin,3,7338,0x557d4c8a3e40,132,CreateArrayFromSlowBoilerplate
code-creation,Builtin,3,7361,0x557d4c8a3f00,132,CreateObjectFromSlowBoilerplate
code-creation,Builtin,3,7382,0x557d4c8a3fc0,2412,CreateArrayFromSlowBoilerplateHelper
code-creation,Builtin,3,7405,0x557d4c8a4940,3552,CreateObjectFromSlowBoilerplateHelper
code-creation,Builtin,3,7432,0x557d4c8a5740,240,ArrayPrototypeEntries
code-creation,Builtin,3,7454,0x557d4c8a5840,240,ArrayPrototypeKeys
code-creation,Builtin,3,7475,0x557d4c8a5940,240,ArrayPrototypeValues
code-creation,Builtin,3,7500,0x557d4c8a5a40,4680,ArrayIteratorPrototypeNext
code-creation,Builtin,3,7521,0x557d4c8a6cc0,12,ArrayBufferConstructor
code-creation,Builtin,3,7542,0x557d4c8a6d00,12,ArrayBufferConstructor_DoNotInitialize
code-creation,Builtin,3,7565,0x557d4c8a6d40,12,ArrayBufferPrototypeSlice
code-creation,Builtin,3,7587,0x557d4c8a6d80,12,ArrayBufferPrototypeResize
code-creation,Builtin,3,7615,0x557d4c8a6dc0,12,ArrayBufferPrototypeTransfer
code-creation,Builtin,3,7637,0x557d4c8a6e00,12,ArrayBufferPrototypeTransferToFixedLength
code-creation,Builtin,3,7658,0x557d4c8a6e40,12,ArrayBufferPrototypeTransferToImmutable
code-creation,Builtin,3,7690,0x557d4c8a6e80,12,ArrayBufferPrototypeSliceToImmutable
code-creation,Builtin,3,7718,0x557d4c8a6ec0,952,AsyncFunctionEnter
code-creation,Builtin,3,7737,0x557d4c8a7280,40,AsyncFunctionReject
code-creation,Builtin,3,7759,0x557d4c8a72c0,36,AsyncFunctionResolve
code-creation,Builtin,3,7778,0x557d4c8a7300,12,AsyncFunctionLazyDeoptContinuation
code-creation,Builtin,3,7817,0x557d4c8a7340,2036,AsyncFunctionAwait
code-creation,Builtin,3,7824,0x557d4c8a7b40,104,AsyncFunctionAwaitRejectClosure
code-creation,Builtin,3,7842,0x557d4c8a7bc0,104,AsyncFunctionAwaitResolveClosure
code-creation,Builtin,3,7849,0x557d4c8a7c40,12,BigIntConstructor
code-creation,Builtin,3,7852,0x557d4c8a7c80,12,BigIntAsUintN
code-creation,Builtin,3,7855,0x557d4c8a7cc0,12,BigIntAsIntN
code-creation,Builtin,3,7857,0x557d4c8a7d00,12,BigIntPrototypeToLocaleString
code-creation,Builtin,3,7881,0x557d4c8a7d40,12,BigIntPrototypeToString
code-creation,Builtin,3,7904,0x557d4c8a7d80,12,BigIntPrototypeValueOf
code-creation,Builtin,3,7927,0x557d4c8a7dc0,12,CallSitePrototypeGetColumnNumber
code-creation,Builtin,3,7955,0x557d4c8a7e00,12,CallSitePrototypeGetEnclosingColumnNumber
code-creation,Builtin,3,7978,0x557d4c8a7e40,12,CallSitePrototypeGetEnclosingLineNumber
code-creation,Builtin,3,7998,0x557d4c8a7e80,12,CallSitePrototypeGetEvalOrigin
code-creation,Builtin,3,8021,0x557d4c8a7ec0,12,CallSitePrototypeGetFileName
code-creation,Builtin,3,8043,0x557d4c8a7f00,12,CallSitePrototypeGetFunction
code-creation,Builtin,3,8062,0x557d4c8a7f40,12,CallSitePrototypeGetFunctionName
code-creation,Builtin,3,8086,0x557d4c8a7f80,12,CallSitePrototypeGetLineNumber
code-creation,Builtin,3,8109,0x557d4c8a7fc0,12,CallSitePrototypeGetMethodName
code-creation,Builtin,3,8132,0x557d4c8a8000,12,CallSitePrototypeGetPosition
code-creation,Builtin,3,8155,0x557d4c8a8040,12,CallSitePrototypeGetPromiseIndex
code-creation,Builtin,3,8175,0x557d4c8a8080,12,CallSitePrototypeGetScriptHash
code-creation,Builtin,3,8198,0x557d4c8a80c0,12,CallSitePrototypeGetScriptNameOrSourceURL
code-creation,Builtin,3,8222,0x557d4c8a8100,12,CallSitePrototypeGetThis
code-creation,Builtin,3,8245,0x557d4c8a8140,12,CallSitePrototypeGetTypeName
code-creation,Builtin,3,8271,0x557d4c8a8180,12,CallSitePrototypeIsAsync
code-creation,Builtin,3,8290,0x557d4c8a81c0,12,CallSitePrototypeIsConstructor
code-creation,Builtin,3,8309,0x557d4c8a8200,12,CallSitePrototypeIsEval
code-creation,Builtin,3,8328,0x557d4c8a8240,12,CallSitePrototypeIsNative
code-creation,Builtin,3,8353,0x557d4c8a8280,12,CallSitePrototypeIsPromiseAll
code-creation,Builtin,3,8375,0x557d4c8a82c0,12,CallSitePrototypeIsToplevel
code-creation,Builtin,3,8402,0x557d4c8a8300,12,CallSitePrototypeToString
code-creation,Builtin,3,8427,0x557d4c8a8340,12,ConsoleDebug
code-creation,Builtin,3,8450,0x557d4c8a8380,12,ConsoleError
code-creation,Builtin,3,8476,0x557d4c8a83c0,12,ConsoleInfo
code-creation,Builtin,3,8502,0x557d4c8a8400,12,ConsoleLog
code-creation,Builtin,3,8523,0x557d4c8a8440,12,ConsoleWarn
code-creation,Builtin,3,8545,0x557d4c8a8480,12,ConsoleDir
code-creation,Builtin,3,8567,0x557d4c8a84c0,12,ConsoleDirXml
code-creation,Builtin,3,8584,0x557d4c8a8500,12,ConsoleTable
code-creation,Builtin,3,8603,0x557d4c8a8540,12,ConsoleTrace
code-creation,Builtin,3,8622,0x557d4c8a8580,12,ConsoleGroup
code-creation,Builtin,3,8643,0x557d4c8a85c0,12,ConsoleGroupCollapsed
code-creation,Builtin,3,8664,0x557d4c8a8600,12,ConsoleGroupEnd
code-creation,Builtin,3,8684,0x557d4c8a8640,12,ConsoleClear
code-creation,Builtin,3,8710,0x557d4c8a8680,12,ConsoleCount
code-creation,Builtin,3,8728,0x557d4c8a86c0,12,ConsoleCountReset
code-creation,Builtin,3,8747,0x557d4c8a8700,12,ConsoleAssert
code-creation,Builtin,3,8767,0x557d4c8a8740,12,ConsoleProfile
code-creation,Builtin,3,8805,0x557d4c8a8780,12,ConsoleProfileEnd
code-creation,Builtin,3,8813,0x557d4c8a87c0,12,ConsoleTime
code-creation,Builtin,3,8831,0x557d4c8a8800,12,ConsoleTimeLog
code-creation,Builtin,3,8851,0x557d4c8a8840,12,ConsoleTimeEnd
code-creation,Builtin,3,8874,0x557d4c8a8880,12,ConsoleTimeStamp
code-creation,Builtin,3,8897,0x557d4c8a88c0,12,ConsoleContext
code-creation,Builtin,3,8920,0x557d4c8a8900,12,DataViewConstructor
code-creation,Builtin,3,8932,0x557d4c8a8940,12,DateConstructor
code-creation,Builtin,3,8955,0x557d4c8a8980,216,DatePrototypeGetDate
code-creation,Builtin,3,8975,0x557d4c8a8a80,216,DatePrototypeGetDay
code-creation,Builtin,3,8996,0x557d4c8a8b80,212,DatePrototypeGetFullYear
code-creation,Builtin,3,9023,0x557d4c8a8c80,216,DatePrototypeGetHours
code-creation,Builtin,3,9041,0x557d4c8a8d80,204,DatePrototypeGetMilliseconds
code-creation,Builtin,3,9063,0x557d4c8a8e80,216,DatePrototypeGetMinutes
code-creation,Builtin,3,9087,0x557d4c8a8f80,216,DatePrototypeGetMonth
code-creation,Builtin,3,9106,0x557d4c8a9080,216,DatePrototypeGetSeconds
code-creation,Builtin,3,9125,0x557d4c8a9180,256,DatePrototypeGetTime
code-creation,Builtin,3,9153,0x557d4c8a92c0,204,DatePrototypeGetTimezoneOffset
code-creation,Builtin,3,9177,0x557d4c8a93c0,204,DatePrototypeGetUTCDate
code-creation,Builtin,3,9199,0x557d4c8a94c0,204,DatePrototypeGetUTCDay
code-creation,Builtin,3,9223,0x557d4c8a95c0,204,DatePrototypeGetUTCFullYear
code-creation,Builtin,3,9246,0x557d4c8a96c0,204,DatePrototypeGetUTCHours
code-creation,Builtin,3,9268,0x557d4c8a97c0,204,DatePrototypeGetUTCMilliseconds
code-creation,Builtin,3,9289,0x557d4c8a98c0,204,DatePrototypeGetUTCMinutes
code-creation,Builtin,3,9310,0x557d4c8a99c0,204,DatePrototypeGetUTCMonth
code-creation,Builtin,3,9333,0x557d4c8a9ac0,204,DatePrototypeGetUTCSeconds
code-creation,Builtin,3,9362,0x557d4c8a9bc0,256,DatePrototypeValueOf
code-creation,Builtin,3,9384,0x557d4c8a9d00,440,DatePrototypeToPrimitive
code-creation,Builtin,3,9407,0x557d4c8a9ec0,12,DatePrototypeGetYear
code-creation,Builtin,3,9429,0x557d4c8a9f00,12,DatePrototypeSetYear
code-creation,Builtin,3,9451,0x557d4c8a9f40,12,DateNow
code-creation,Builtin,3,9475,0x557d4c8a9f80,12,DateParse
code-creation,Builtin,3,9495,0x557d4c8a9fc0,12,DatePrototypeSetDate
code-creation,Builtin,3,9517,0x557d4c8aa000,12,DatePrototypeSetFullYear
code-creation,Builtin,3,9539,0x557d4c8aa040,12,DatePrototypeSetHours
code-creation,Builtin,3,9558,0x557d4c8aa080,12,DatePrototypeSetMilliseconds
code-creation,Builtin,3,9580,0x557d4c8aa0c0,12,DatePrototypeSetMinutes
code-creation,Builtin,3,9587,0x557d4c8aa100,12,DatePrototypeSetMonth
code-creation,Builtin,3,9607,0x557d4c8aa140,12,DatePrototypeSetSeconds
code-creation,Builtin,3,9631,0x557d4c8aa180,12,DatePrototypeSetTime
code-creation,Builtin,3,9651,0x557d4c8aa1c0,12,DatePrototypeSetUTCDate
code-creation,Builtin,3,9675,0x557d4c8aa200,12,DatePrototypeSetUTCFullYear
code-creation,Builtin,3,9699,0x557d4c8aa240,12,DatePrototypeSetUTCHours
code-creation,Builtin,3,9723,0x557d4c8aa280,12,DatePrototypeSetUTCMilliseconds
code-creation,Builtin,3,9747,0x557d4c8aa2c0,12,DatePrototypeSetUTCMinutes
code-creation,Builtin,3,9768,0x557d4c8aa300,12,DatePrototypeSetUTCMonth
code-creation,Builtin,3,9808,0x557d4c8aa340,12,DatePrototypeSetUTCSeconds
code-creation,Builtin,3,9818,0x557d4c8aa380,12,DatePrototypeToDateString
code-creation,Builtin,3,9831,0x557d4c8aa3c0,12,DatePrototypeToISOString
code-creation,Builtin,3,9846,0x557d4c8aa400,12,DatePrototypeToUTCString
code-creation,Builtin,3,9852,0x557d4c8aa440,12,DatePrototypeToString
code-creation,Builtin,3,9855,0x557d4c8aa480,12,DatePrototypeToTimeString
code-creation,Builtin,3,9864,0x557d4c8aa4c0,12,DatePrototypeToJson
code-creation,Builtin,3,9867,0x557d4c8aa500,12,DateUTC
code-creation,Builtin,3,10016,0x557d4c8aa540,12,DisposableStackConstructor
code-creation,Builtin,3,10041,0x557d4c8aa580,12,DisposableStackPrototypeUse
code-creation,Builtin,3,10063,0x557d4c8aa5c0,12,DisposableStackPrototypeDispose
code-creation,Builtin,3,10084,0x557d4c8aa600,12,DisposableStackPrototypeGetDisposed
code-creation,Builtin,3,10106,0x557d4c8aa640,12,DisposableStackPrototypeAdopt
code-creation,Builtin,3,10130,0x557d4c8aa680,12,DisposableStackPrototypeDefer
code-creation,Builtin,3,10150,0x557d4c8aa6c0,12,DisposableStackPrototypeMove
code-creation,Builtin,3,10173,0x557d4c8aa700,12,AsyncDisposableStackOnFulfilled
code-creation,Builtin,3,10201,0x557d4c8aa740,12,AsyncDisposableStackOnRejected
code-creation,Builtin,3,10229,0x557d4c8aa780,12,AsyncDisposeFromSyncDispose
code-creation,Builtin,3,10252,0x557d4c8aa7c0,12,AsyncDisposableStackConstructor
code-creation,Builtin,3,10278,0x557d4c8aa800,12,AsyncDisposableStackPrototypeUse
code-creation,Builtin,3,10304,0x557d4c8aa840,12,AsyncDisposableStackPrototypeDisposeAsync
code-creation,Builtin,3,10325,0x557d4c8aa880,12,AsyncDisposableStackPrototypeGetDisposed
code-creation,Builtin,3,10349,0x557d4c8aa8c0,12,AsyncDisposableStackPrototypeAdopt
code-creation,Builtin,3,10372,0x557d4c8aa900,12,AsyncDisposableStackPrototypeDefer
code-creation,Builtin,3,10396,0x557d4c8aa940,12,AsyncDisposableStackPrototypeMove
code-creation,Builtin,3,10421,0x557d4c8aa980,12,ErrorConstructor
code-creation,Builtin,3,10446,0x557d4c8aa9c0,12,ErrorCaptureStackTrace
code-creation,Builtin,3,10468,0x557d4c8aaa00,12,ErrorPrototypeToString
code-creation,Builtin,3,10498,0x557d4c8aaa40,12,ErrorIsError
code-creation,Builtin,3,10517,0x557d4c8aaa80,12,FunctionConstructor
code-creation,Builtin,3,10537,0x557d4c8aaac0,248,FunctionPrototypeApply
code-creation,Builtin,3,10557,0x557d4c8aabc0,12,FunctionPrototypeBind
code-creation,Builtin,3,10579,0x557d4c8aac00,260,WasmConstructorWrapper
code-creation,Builtin,3,10601,0x557d4c8aad40,112,WasmMethodWrapper
code-creation,Builtin,3,10630,0x557d4c8aadc0,216,FunctionPrototypeCall
code-creation,Builtin,3,10651,0x557d4c8aaec0,12,FunctionPrototypeToString
code-creation,Builtin,3,10676,0x557d4c8aaf00,12,FunctionPrototypeLegacyArgumentsGetter
code-creation,Builtin,3,10703,0x557d4c8aaf40,12,FunctionPrototypeLegacyArgumentsSetter
code-creation,Builtin,3,10727,0x557d4c8aaf80,12,FunctionPrototypeLegacyCallerGetter
code-creation,Builtin,3,10743,0x557d4c8aafc0,12,FunctionPrototypeLegacyCallerSetter
code-creation,Builtin,3,10767,0x557d4c8ab000,340,CreateIterResultObject
code-creation,Builtin,3,10809,0x557d4c8ab180,1328,CreateGeneratorObject
code-creation,Builtin,3,10815,0x557d4c8ab6c0,12,GeneratorFunctionConstructor
code-creation,Builtin,3,10833,0x557d4c8ab700,356,GeneratorPrototypeNext
code-creation,Builtin,3,10857,0x557d4c8ab880,352,GeneratorPrototypeReturn
code-creation,Builtin,3,10879,0x557d4c8aba00,360,GeneratorPrototypeThrow
code-creation,Builtin,3,10902,0x557d4c8abb80,12,AsyncFunctionConstructor
code-creation,Builtin,3,10924,0x557d4c8abbc0,464,SuspendGeneratorBaseline
code-creation,Builtin,3,10944,0x557d4c8abdc0,116,ResumeGeneratorBaseline
code-creation,Builtin,3,10969,0x557d4c8abe40,36,GetIteratorWithFeedbackLazyDeoptContinuation
code-creation,Builtin,3,10992,0x557d4c8abe80,76,CallIteratorWithFeedbackLazyDeoptContinuation
code-creation,Builtin,3,11012,0x557d4c8abf00,340,ForOfNextResultDeoptContinuation
code-creation,Builtin,3,11034,0x557d4c8ac080,268,ForOfNextLoadDoneLazyDeoptContinuation
code-creation,Builtin,3,11054,0x557d4c8ac1c0,32,ForOfNextLoadValueEagerDeoptContinuation
code-creation,Builtin,3,11078,0x557d4c8ac200,12,ForOfNextLoadValueLazyDeoptContinuation
code-creation,Builtin,3,11104,0x557d4c8ac240,12,GlobalDecodeURI
code-creation,Builtin,3,11125,0x557d4c8ac280,12,GlobalDecodeURIComponent
code-creation,Builtin,3,11147,0x557d4c8ac2c0,12,GlobalEncodeURI
code-creation,Builtin,3,11176,0x557d4c8ac300,12,GlobalEncodeURIComponent
code-creation,Builtin,3,11196,0x557d4c8ac340,12,GlobalEscape
code-creation,Builtin,3,11221,0x557d4c8ac380,12,GlobalUnescape
code-creation,Builtin,3,11245,0x557d4c8ac3c0,12,GlobalEval
code-creation,Builtin,3,11265,0x557d4c8ac400,176,GlobalIsFinite
code-creation,Builtin,3,11286,0x557d4c8ac4c0,168,GlobalIsNaN
code-creation,Builtin,3,11309,0x557d4c8ac580,12,JsonParse
code-creation,Builtin,3,11335,0x557d4c8ac5c0,12,JsonStringify
code-creation,Builtin,3,11345,0x557d4c8ac600,12,JsonRawJson
code-creation,Builtin,3,11364,0x557d4c8ac640,12,JsonIsRawJson
code-creation,Builtin,3,11386,0x557d4c8ac680,4420,LoadIC
code-creation,Builtin,3,11409,0x557d4c8ad800,3436,LoadIC_Megamorphic
code-creation,Builtin,3,11428,0x557d4c8ae580,4028,LoadIC_Noninlined
code-creation,Builtin,3,11450,0x557d4c8af540,44,LoadICTrampoline
code-creation,Builtin,3,11473,0x557d4c8af580,88,LoadICUninitializedBaseline
code-creation,Builtin,3,11500,0x557d4c8af600,120,LoadICInObjectNonDoubleFieldBaseline
code-creation,Builtin,3,11523,0x557d4c8af680,96,LoadICInObjectNonDoubleField0Baseline
code-creation,Builtin,3,11533,0x557d4c8af700,96,LoadICInObjectNonDoubleField1Baseline
code-creation,Builtin,3,11550,0x557d4c8af780,96,LoadICInObjectNonDoubleField2Baseline
code-creation,Builtin,3,11560,0x557d4c8af800,96,LoadICInObjectNonDoubleField3Baseline
code-creation,Builtin,3,11578,0x557d4c8af880,96,LoadICInObjectNonDoubleField4Baseline
code-creation,Builtin,3,11604,0x557d4c8af900,96,LoadICInObjectNonDoubleField5Baseline
code-creation,Builtin,3,11628,0x557d4c8af980,96,LoadICInObjectNonDoubleField6Baseline
code-creation,Builtin,3,11646,0x557d4c8afa00,96,LoadICInObjectNonDoubleField7Baseline
code-creation,Builtin,3,11670,0x557d4c8afa80,124,LoadICOutOfObjectNonDoubleFieldBaseline
code-creation,Builtin,3,11693,0x557d4c8afb00,100,LoadICOutOfObjectNonDoubleField0Baseline
code-creation,Builtin,3,11720,0x557d4c8afb80,100,LoadICOutOfObjectNonDoubleField1Baseline
code-creation,Builtin,3,11744,0x557d4c8afc00,100,LoadICOutOfObjectNonDoubleField2Baseline
code-creation,Builtin,3,11765,0x557d4c8afc80,100,LoadICOutOfObjectNonDoubleField3Baseline
code-creation,Builtin,3,11807,0x557d4c8afd00,260,LoadICDoubleFieldBaseline
code-creation,Builtin,3,11813,0x557d4c8afe40,164,LoadICConstantFromPrototypeBaseline
code-creation,Builtin,3,11816,0x557d4c8aff00,196,LoadICConstantFromStringPrototypeBaseline
code-creation,Builtin,3,11819,0x557d4c8b0000,108,LoadICStringLengthBaseline
code-creation,Builtin,3,11823,0x557d4c8b0080,4460,LoadICGenericBaseline
code-creation,Builtin,3,11839,0x557d4c8b1200,44,LoadICTrampoline_Megamorphic
code-creation,Builtin,3,11849,0x557d4c8b1240,9844,LoadSuperIC
code-creation,Builtin,3,11852,0x557d4c8b38c0,20,LoadSuperICBaseline
code-creation,Builtin,3,11855,0x557d4c8b3900,8580,KeyedLoadIC
code-creation,Builtin,3,11858,0x557d4c8b5ac0,9036,EnumeratedKeyedLoadIC
code-creation,Builtin,3,11861,0x557d4c8b7e40,16796,KeyedLoadIC_Megamorphic
code-creation,Builtin,3,11885,0x557d4c8bc000,44,KeyedLoadICTrampoline
code-creation,Builtin,3,11894,0x557d4c8bc040,20,KeyedLoadICBaseline
code-creation,Builtin,3,11913,0x557d4c8bc080,28,EnumeratedKeyedLoadICBaseline
code-creation,Builtin,3,11933,0x557d4c8bc0c0,44,KeyedLoadICTrampoline_Megamorphic
code-creation,Builtin,3,11957,0x557d4c8bc100,9152,StoreGlobalIC
code-creation,Builtin,3,11979,0x557d4c8be500,44,StoreGlobalICTrampoline
code-creation,Builtin,3,12002,0x557d4c8be540,20,StoreGlobalICBaseline
code-creation,Builtin,3,12021,0x557d4c8be580,7088,StoreIC
code-creation,Builtin,3,12044,0x557d4c8c0140,6944,StoreIC_Megamorphic
code-creation,Builtin,3,12063,0x557d4c8c1c80,48,StoreICTrampoline
code-creation,Builtin,3,12086,0x557d4c8c1cc0,48,StoreICTrampoline_Megamorphic
code-creation,Builtin,3,12109,0x557d4c8c1d00,20,StoreICBaseline
code-creation,Builtin,3,12131,0x557d4c8c1d40,6972,DefineNamedOwnIC
code-creation,Builtin,3,12154,0x557d4c8c3880,48,DefineNamedOwnICTrampoline
code-creation,Builtin,3,12175,0x557d4c8c38c0,20,DefineNamedOwnICBaseline
code-creation,Builtin,3,12193,0x557d4c8c3900,15748,KeyedStoreIC
code-creation,Builtin,3,12199,0x557d4c8c76c0,48,KeyedStoreICTrampoline
code-creation,Builtin,3,12216,0x557d4c8c7700,48,KeyedStoreICTrampoline_Megamorphic
code-creation,Builtin,3,12242,0x557d4c8c7740,20,KeyedStoreICBaseline
code-creation,Builtin,3,12261,0x557d4c8c7780,15076,DefineKeyedOwnIC
code-creation,Builtin,3,12281,0x557d4c8cb280,52,DefineKeyedOwnICTrampoline
code-creation,Builtin,3,12302,0x557d4c8cb2c0,28,DefineKeyedOwnICBaseline
code-creation,Builtin,3,12323,0x557d4c8cb300,484,StoreInArrayLiteralIC
code-creation,Builtin,3,12343,0x557d4c8cb500,20,StoreInArrayLiteralICBaseline
code-creation,Builtin,3,12363,0x557d4c8cb540,180,LookupContextNoCellTrampoline
code-creation,Builtin,3,12385,0x557d4c8cb600,428,LookupContextTrampoline
code-creation,Builtin,3,12395,0x557d4c8cb7c0,180,LookupContextNoCellBaseline
code-creation,Builtin,3,12417,0x557d4c8cb880,428,LookupScriptContextBaseline
code-creation,Builtin,3,12448,0x557d4c8cba40,180,LookupContextNoCellInsideTypeofTrampoline
code-creation,Builtin,3,12470,0x557d4c8cbb00,428,LookupContextInsideTypeofTrampoline
code-creation,Builtin,3,12493,0x557d4c8cbcc0,180,LookupContextNoCellInsideTypeofBaseline
code-creation,Builtin,3,12510,0x557d4c8cbd80,428,LookupContextInsideTypeofBaseline
code-creation,Builtin,3,12534,0x557d4c8cbf40,2672,LoadGlobalIC
code-creation,Builtin,3,12557,0x557d4c8cc9c0,2608,LoadGlobalICInsideTypeof
code-creation,Builtin,3,12582,0x557d4c8cd400,44,LoadGlobalICTrampoline
code-creation,Builtin,3,12608,0x557d4c8cd440,20,LoadGlobalICBaseline
code-creation,Builtin,3,12629,0x557d4c8cd480,44,LoadGlobalICInsideTypeofTrampoline
code-creation,Builtin,3,12652,0x557d4c8cd4c0,20,LoadGlobalICInsideTypeofBaseline
code-creation,Builtin,3,12676,0x557d4c8cd500,172,LookupGlobalIC
code-creation,Builtin,3,12700,0x557d4c8cd5c0,204,LookupGlobalICTrampoline
code-creation,Builtin,3,12723,0x557d4c8cd6c0,172,LookupGlobalICBaseline
code-creation,Builtin,3,12745,0x557d4c8cd780,172,LookupGlobalICInsideTypeof
code-creation,Builtin,3,12764,0x557d4c8cd840,204,LookupGlobalICInsideTypeofTrampoline
code-creation,Builtin,3,12802,0x557d4c8cd940,172,LookupGlobalICInsideTypeofBaseline
code-creation,Builtin,3,12824,0x557d4c8cda00,3820,CloneObjectIC
code-creation,Builtin,3,12830,0x557d4c8ce900,20,CloneObjectICBaseline
code-creation,Builtin,3,12847,0x557d4c8ce940,3008,CloneObjectIC_Slow
code-creation,Builtin,3,12867,0x557d4c8cf540,3540,KeyedHasIC
code-creation,Builtin,3,12889,0x557d4c8d0340,20,KeyedHasICBaseline
code-creation,Builtin,3,12908,0x557d4c8d0380,3672,KeyedHasIC_Megamorphic
code-creation,Builtin,3,12932,0x557d4c8d1200,2468,AddLhsIsStringConstantInternalizeWithVector
code-creation,Builtin,3,12958,0x557d4c8d1bc0,2660,AddLhsIsStringConstantInternalizeTrampoline
code-creation,Builtin,3,12978,0x557d4c8d2640,2468,AddRhsIsStringConstantInternalizeWithVector
code-creation,Builtin,3,13000,0x557d4c8d3000,2660,AddRhsIsStringConstantInternalizeTrampoline
code-creation,Builtin,3,13022,0x557d4c8d3a80,2104,IterableToList
code-creation,Builtin,3,13043,0x557d4c8d42c0,1820,IterableToFixedArray
code-creation,Builtin,3,13066,0x557d4c8d4a00,808,IterableToListWithSymbolLookup
code-creation,Builtin,3,13085,0x557d4c8d4d40,56,IterableToFixedArrayWithSymbolLookupSlow
code-creation,Builtin,3,13109,0x557d4c8d4d80,108,IterableToListMayPreserveHoles
code-creation,Builtin,3,13129,0x557d4c8d4e00,108,IterableToListConvertHoles
code-creation,Builtin,3,13148,0x557d4c8d4e80,1392,IterableToFixedArrayForWasm
code-creation,Builtin,3,13172,0x557d4c8d5400,1920,StringListFromIterable
code-creation,Builtin,3,13196,0x557d4c8d5bc0,1464,FindOrderedHashMapEntry
code-creation,Builtin,3,13214,0x557d4c8d6180,5012,MapConstructor
code-creation,Builtin,3,13234,0x557d4c8d7540,2072,MapPrototypeSet
code-creation,Builtin,3,13257,0x557d4c8d7d80,1684,MapPrototypeDelete
code-creation,Builtin,3,13280,0x557d4c8d8440,200,MapPrototypeGet
code-creation,Builtin,3,13303,0x557d4c8d8540,164,MapPrototypeHas
code-creation,Builtin,3,13324,0x557d4c8d8600,12,MapPrototypeClear
code-creation,Builtin,3,13346,0x557d4c8d8640,2004,MapPrototypeGetOrInsert
code-creation,Builtin,3,13368,0x557d4c8d8e40,2328,MapPrototypeGetOrInsertComputed
code-creation,Builtin,3,13390,0x557d4c8d9780,276,MapPrototypeEntries
code-creation,Builtin,3,13408,0x557d4c8d98c0,144,MapPrototypeGetSize
code-creation,Builtin,3,13414,0x557d4c8d9980,560,MapPrototypeForEach
code-creation,Builtin,3,13433,0x557d4c8d9bc0,276,MapPrototypeKeys
code-creation,Builtin,3,13454,0x557d4c8d9d00,276,MapPrototypeValues
code-creation,Builtin,3,13477,0x557d4c8d9e40,888,MapIteratorPrototypeNext
code-creation,Builtin,3,13483,0x557d4c8da1c0,1360,MapIteratorToList
code-creation,Builtin,3,13502,0x557d4c8da740,12,NumberPrototypeToExponential
code-creation,Builtin,3,13524,0x557d4c8da780,12,NumberPrototypeToFixed
code-creation,Builtin,3,13530,0x557d4c8da7c0,12,NumberPrototypeToLocaleString
code-creation,Builtin,3,13548,0x557d4c8da800,12,NumberPrototypeToPrecision
code-creation,Builtin,3,13557,0x557d4c8da840,12,MathSumPrecise
code-creation,Builtin,3,13580,0x557d4c8da880,376,SameValue
code-creation,Builtin,3,13585,0x557d4c8daa00,208,SameValueNumbersOnly
code-creation,Builtin,3,13589,0x557d4c8dab00,1976,Add_Generic_Baseline
code-creation,Builtin,3,13604,0x557d4c8db2c0,12,Add_None_Baseline
code-creation,Builtin,3,13609,0x557d4c8db300,40,Add_SignedSmall_Baseline
code-creation,Builtin,3,13626,0x557d4c8db340,232,Add_Number_Baseline
code-creation,Builtin,3,13634,0x557d4c8db440,64,Add_String_Baseline
code-creation,Builtin,3,13637,0x557d4c8db4c0,1972,AddAndTryPatchCode
code-creation,Builtin,3,13650,0x557d4c8dbc80,1352,Subtract_Generic_Baseline
code-creation,Builtin,3,13658,0x557d4c8dc200,12,Subtract_None_Baseline
code-creation,Builtin,3,13661,0x557d4c8dc240,40,Subtract_SignedSmall_Baseline
code-creation,Builtin,3,13676,0x557d4c8dc280,232,Subtract_Number_Baseline
code-creation,Builtin,3,13684,0x557d4c8dc380,1556,SubtractAndTryPatchCode
code-creation,Builtin,3,13701,0x557d4c8dc9c0,1560,Multiply_Generic_Baseline
code-creation,Builtin,3,13709,0x557d4c8dd000,12,Multiply_None_Baseline
code-creation,Builtin,3,13712,0x557d4c8dd040,348,Multiply_SignedSmall_Baseline
code-creation,Builtin,3,13729,0x557d4c8dd1c0,264,Multiply_Number_Baseline
code-creation,Builtin,3,13745,0x557d4c8dd300,1736,MultiplyAndTryPatchCode
code-creation,Builtin,3,13754,0x557d4c8dda00,1544,Divide_Generic_Baseline
code-creation,Builtin,3,13769,0x557d4c8de040,12,Divide_None_Baseline
code-creation,Builtin,3,13777,0x557d4c8de080,404,Divide_SignedSmall_Baseline
code-creation,Builtin,3,13812,0x557d4c8de240,308,Divide_Number_Baseline
code-creation,Builtin,3,13837,0x557d4c8de380,1744,DivideAndTryPatchCode
code-creation,Builtin,3,13842,0x557d4c8dea80,1584,Modulus_Generic_Baseline
code-creation,Builtin,3,13851,0x557d4c8df0c0,12,Modulus_None_Baseline
code-creation,Builtin,3,13858,0x557d4c8df100,408,Modulus_SignedSmall_Baseline
code-creation,Builtin,3,13938,0x557d4c8df2c0,428,Modulus_Number_Baseline
code-creation,Builtin,3,13961,0x557d4c8df480,1764,ModulusAndTryPatchCode
code-creation,Builtin,3,13966,0x557d4c8dfb80,852,Exponentiate_Generic_Baseline
code-creation,Builtin,3,13982,0x557d4c8dff00,12,Exponentiate_None_Baseline
code-creation,Builtin,3,14002,0x557d4c8dff40,792,Exponentiate_Number_Baseline
code-creation,Builtin,3,14019,0x557d4c8e0280,1148,ExponentiateAndTryPatchCode
code-creation,Builtin,3,14028,0x557d4c8e0700,1924,BitwiseAnd_Generic_Baseline
code-creation,Builtin,3,14047,0x557d4c8e0ec0,12,BitwiseAnd_None_Baseline
code-creation,Builtin,3,14065,0x557d4c8e0f00,36,BitwiseAnd_SignedSmall_Baseline
code-creation,Builtin,3,14084,0x557d4c8e0f40,2044,BitwiseAndAndTryPatchCode
code-creation,Builtin,3,14106,0x557d4c8e1740,1924,BitwiseOr_Generic_Baseline
code-creation,Builtin,3,14128,0x557d4c8e1f00,12,BitwiseOr_None_Baseline
code-creation,Builtin,3,14150,0x557d4c8e1f40,36,BitwiseOr_SignedSmall_Baseline
code-creation,Builtin,3,14173,0x557d4c8e1f80,2044,BitwiseOrAndTryPatchCode
code-creation,Builtin,3,14191,0x557d4c8e2780,1924,BitwiseXor_Generic_Baseline
code-creation,Builtin,3,14208,0x557d4c8e2f40,12,BitwiseXor_None_Baseline
code-creation,Builtin,3,14225,0x557d4c8e2f80,36,BitwiseXor_SignedSmall_Baseline
code-creation,Builtin,3,14243,0x557d4c8e2fc0,2044,BitwiseXorAndTryPatchCode
code-creation,Builtin,3,14249,0x557d4c8e37c0,1440,ShiftLeft_Generic_Baseline
code-creation,Builtin,3,14263,0x557d4c8e3d80,12,ShiftLeft_None_Baseline
code-creation,Builtin,3,14272,0x557d4c8e3dc0,352,ShiftLeft_SignedSmall_Baseline
code-creation,Builtin,3,14290,0x557d4c8e3f40,1544,ShiftLeftAndTryPatchCode
code-creation,Builtin,3,14296,0x557d4c8e4580,1440,ShiftRight_Generic_Baseline
code-creation,Builtin,3,14313,0x557d4c8e4b40,12,ShiftRight_None_Baseline
code-creation,Builtin,3,14318,0x557d4c8e4b80,44,ShiftRight_SignedSmall_Baseline
code-creation,Builtin,3,14321,0x557d4c8e4bc0,1544,ShiftRightAndTryPatchCode
code-creation,Builtin,3,14324,0x557d4c8e5200,1388,ShiftRightLogical_Generic_Baseline
code-creation,Builtin,3,14337,0x557d4c8e5780,12,ShiftRightLogical_None_Baseline
code-creation,Builtin,3,14341,0x557d4c8e57c0,356,ShiftRightLogical_SignedSmall_Baseline
code-creation,Builtin,3,14369,0x557d4c8e5940,1404,ShiftRightLogicalAndTryPatchCode
code-creation,Builtin,3,14377,0x557d4c8e5ec0,1488,AddSmi_Generic_Baseline
code-creation,Builtin,3,14389,0x557d4c8e64c0,1088,SubtractSmi_Generic_Baseline
code-creation,Builtin,3,14394,0x557d4c8e6940,1296,MultiplySmi_Generic_Baseline
code-creation,Builtin,3,14413,0x557d4c8e6e80,1308,DivideSmi_Generic_Baseline
code-creation,Builtin,3,14425,0x557d4c8e73c0,1300,ModulusSmi_Generic_Baseline
code-creation,Builtin,3,14429,0x557d4c8e7900,744,ExponentiateSmi_Generic_Baseline
code-creation,Builtin,3,14449,0x557d4c8e7c00,612,BitwiseAndSmi_Generic_Baseline
code-creation,Builtin,3,14469,0x557d4c8e7e80,612,BitwiseOrSmi_Generic_Baseline
code-creation,Builtin,3,14475,0x557d4c8e8100,612,BitwiseXorSmi_Generic_Baseline
code-creation,Builtin,3,14477,0x557d4c8e8380,760,ShiftLeftSmi_Generic_Baseline
code-creation,Builtin,3,14497,0x557d4c8e8680,636,ShiftRightSmi_Generic_Baseline
code-creation,Builtin,3,14518,0x557d4c8e8900,772,ShiftRightLogicalSmi_Generic_Baseline
code-creation,Builtin,3,14536,0x557d4c8e8c40,1952,Add_WithFeedback
code-creation,Builtin,3,14542,0x557d4c8e9400,1328,Subtract_WithFeedback
code-creation,Builtin,3,14559,0x557d4c8e9940,1500,Multiply_WithFeedback
code-creation,Builtin,3,14565,0x557d4c8e9f40,1508,Divide_WithFeedback
code-creation,Builtin,3,14584,0x557d4c8ea540,1548,Modulus_WithFeedback
code-creation,Builtin,3,14603,0x557d4c8eab80,808,Exponentiate_WithFeedback
code-creation,Builtin,3,14609,0x557d4c8eaec0,1792,BitwiseAnd_WithFeedback
code-creation,Builtin,3,14622,0x557d4c8eb600,1792,BitwiseOr_WithFeedback
code-creation,Builtin,3,14627,0x557d4c8ebd40,1792,BitwiseXor_WithFeedback
code-creation,Builtin,3,14641,0x557d4c8ec480,1320,ShiftLeft_WithFeedback
code-creation,Builtin,3,14645,0x557d4c8ec9c0,1320,ShiftRight_WithFeedback
code-creation,Builtin,3,14664,0x557d4c8ecf00,1268,ShiftRightLogical_WithFeedback
code-creation,Builtin,3,14683,0x557d4c8ed400,2468,Add_LhsIsStringConstant_Internalize_WithFeedback
code-creation,Builtin,3,14706,0x557d4c8eddc0,2492,Add_LhsIsStringConstant_Internalize_Baseline
code-creation,Builtin,3,14725,0x557d4c8ee780,2468,Add_RhsIsStringConstant_Internalize_WithFeedback
code-creation,Builtin,3,14746,0x557d4c8ef140,2492,Add_RhsIsStringConstant_Internalize_Baseline
code-creation,Builtin,3,14763,0x557d4c8efb00,2156,Equal_Generic_Baseline
code-creation,Builtin,3,14783,0x557d4c8f0380,1076,Equal_Any_Baseline
code-creation,Builtin,3,14823,0x557d4c8f07c0,208,Equal_Number_Baseline
code-creation,Builtin,3,14840,0x557d4c8f08c0,92,Equal_String_Baseline
code-creation,Builtin,3,14848,0x557d4c8f0940,72,Equal_InternalizedString_Baseline
code-creation,Builtin,3,14866,0x557d4c8f09c0,72,Equal_Receiver_Baseline
code-creation,Builtin,3,14883,0x557d4c8f0a40,40,Equal_SignedSmall_Baseline
code-creation,Builtin,3,14891,0x557d4c8f0a80,12,Equal_None_Baseline
code-creation,Builtin,3,14905,0x557d4c8f0ac0,2400,EqualAndTryPatchCode
code-creation,Builtin,3,14925,0x557d4c8f1440,1068,StrictEqual_Generic_Baseline
code-creation,Builtin,3,14945,0x557d4c8f1880,484,StrictEqual_Any_Baseline
code-creation,Builtin,3,14964,0x557d4c8f1a80,60,StrictEqual_Symbol_Baseline
code-creation,Builtin,3,14969,0x557d4c8f1ac0,208,StrictEqual_Number_Baseline
code-creation,Builtin,3,14986,0x557d4c8f1bc0,72,StrictEqual_Receiver_Baseline
code-creation,Builtin,3,14991,0x557d4c8f1c40,92,StrictEqual_String_Baseline
code-creation,Builtin,3,15010,0x557d4c8f1cc0,72,StrictEqual_InternalizedString_Baseline
code-creation,Builtin,3,15031,0x557d4c8f1d40,40,StrictEqual_SignedSmall_Baseline
code-creation,Builtin,3,15040,0x557d4c8f1d80,12,StrictEqual_None_Baseline
code-creation,Builtin,3,15054,0x557d4c8f1dc0,1316,StrictEqualAndTryPatchCode
code-creation,Builtin,3,15063,0x557d4c8f2300,1712,LessThan_Generic_Baseline
code-creation,Builtin,3,15077,0x557d4c8f29c0,1712,GreaterThan_Generic_Baseline
code-creation,Builtin,3,15082,0x557d4c8f3080,1712,LessThanOrEqual_Generic_Baseline
code-creation,Builtin,3,15089,0x557d4c8f3740,1712,GreaterThanOrEqual_Generic_Baseline
code-creation,Builtin,3,15109,0x557d4c8f3e00,132,LessThan_Number_Baseline
code-creation,Builtin,3,15115,0x557d4c8f3ec0,40,LessThan_SignedSmall_Baseline
code-creation,Builtin,3,15133,0x557d4c8f3f00,12,LessThan_None_Baseline
code-creation,Builtin,3,15153,0x557d4c8f3f40,2192,LessThanAndTryPatchCode
code-creation,Builtin,3,15173,0x557d4c8f4800,132,GreaterThan_Number_Baseline
code-creation,Builtin,3,15194,0x557d4c8f48c0,40,GreaterThan_SignedSmall_Baseline
code-creation,Builtin,3,15215,0x557d4c8f4900,12,GreaterThan_None_Baseline
code-creation,Builtin,3,15235,0x557d4c8f4940,2192,GreaterThanAndTryPatchCode
code-creation,Builtin,3,15241,0x557d4c8f5200,132,LessThanOrEqual_Number_Baseline
code-creation,Builtin,3,15243,0x557d4c8f52c0,40,LessThanOrEqual_SignedSmall_Baseline
code-creation,Builtin,3,15251,0x557d4c8f5300,12,LessThanOrEqual_None_Baseline
code-creation,Builtin,3,15259,0x557d4c8f5340,2192,LessThanOrEqualAndTryPatchCode
code-creation,Builtin,3,15276,0x557d4c8f5c00,132,GreaterThanOrEqual_Number_Baseline
code-creation,Builtin,3,15297,0x557d4c8f5cc0,40,GreaterThanOrEqual_SignedSmall_Baseline
code-creation,Builtin,3,15317,0x557d4c8f5d00,12,GreaterThanOrEqual_None_Baseline
code-creation,Builtin,3,15331,0x557d4c8f5d40,2192,GreaterThanOrEqualAndTryPatchCode
code-creation,Builtin,3,15352,0x557d4c8f6600,2244,Equal_WithEmbeddedFeedback
code-creation,Builtin,3,15361,0x557d4c8f6f00,1076,StrictEqual_WithEmbeddedFeedback
code-creation,Builtin,3,15365,0x557d4c8f7340,1768,LessThan_WithEmbeddedFeedback
code-creation,Builtin,3,15372,0x557d4c8f7a40,1768,GreaterThan_WithEmbeddedFeedback
code-creation,Builtin,3,15388,0x557d4c8f8140,1768,LessThanOrEqual_WithEmbeddedFeedback
code-creation,Builtin,3,15407,0x557d4c8f8840,1768,GreaterThanOrEqual_WithEmbeddedFeedback
code-creation,Builtin,3,15413,0x557d4c8f8f40,576,BitwiseNot_Generic_Baseline
code-creation,Builtin,3,15434,0x557d4c8f91c0,12,BitwiseNot_None_Baseline
code-creation,Builtin,3,15440,0x557d4c8f9200,36,BitwiseNot_SignedSmall_Baseline
code-creation,Builtin,3,15443,0x557d4c8f9240,896,BitwiseNotAndTryPatchCode
code-creation,Builtin,3,15463,0x557d4c8f9600,584,Decrement_Generic_Baseline
code-creation,Builtin,3,15480,0x557d4c8f9880,12,Decrement_None_Baseline
code-creation,Builtin,3,15498,0x557d4c8f98c0,32,Decrement_SignedSmall_Baseline
code-creation,Builtin,3,15504,0x557d4c8f9900,972,DecrementAndTryPatchCode
code-creation,Builtin,3,15520,0x557d4c8f9d00,584,Increment_Generic_Baseline
code-creation,Builtin,3,15528,0x557d4c8f9f80,12,Increment_None_Baseline
code-creation,Builtin,3,15540,0x557d4c8f9fc0,32,Increment_SignedSmall_Baseline
code-creation,Builtin,3,15560,0x557d4c8fa000,972,IncrementAndTryPatchCode
code-creation,Builtin,3,15568,0x557d4c8fa400,608,Negate_Generic_Baseline
code-creation,Builtin,3,15584,0x557d4c8fa680,12,Negate_None_Baseline
code-creation,Builtin,3,15589,0x557d4c8fa6c0,40,Negate_SignedSmall_Baseline
code-creation,Builtin,3,15608,0x557d4c8fa700,268,Negate_Number_Baseline
code-creation,Builtin,3,15629,0x557d4c8fa840,996,NegateAndTryPatchCode
code-creation,Builtin,3,15638,0x557d4c8fac40,576,BitwiseNot_WithFeedback
code-creation,Builtin,3,15657,0x557d4c8faec0,584,Decrement_WithFeedback
code-creation,Builtin,3,15675,0x557d4c8fb140,584,Increment_WithFeedback
code-creation,Builtin,3,15681,0x557d4c8fb3c0,608,Negate_WithFeedback
code-creation,Builtin,3,15701,0x557d4c8fb640,4700,ObjectAssign
code-creation,Builtin,3,15718,0x557d4c8fc8c0,1372,ObjectCreate
code-creation,Builtin,3,15721,0x557d4c8fce40,12,ObjectDefineGetter
code-creation,Builtin,3,15739,0x557d4c8fce80,12,ObjectDefineProperties
code-creation,Builtin,3,15759,0x557d4c8fcec0,12,ObjectDefineProperty
code-creation,Builtin,3,15764,0x557d4c8fcf00,12,ObjectDefineSetter
code-creation,Builtin,3,15774,0x557d4c8fcf40,1616,ObjectEntries
code-creation,Builtin,3,15778,0x557d4c8fd5c0,12,ObjectFreeze
code-creation,Builtin,3,15803,0x557d4c8fd600,4680,ObjectGetOwnPropertyDescriptor
code-creation,Builtin,3,15815,0x557d4c8fe880,12,ObjectGetOwnPropertyDescriptors
code-creation,Builtin,3,15820,0x557d4c8fe8c0,968,ObjectGetOwnPropertyNames
code-creation,Builtin,3,15837,0x557d4c8fecc0,12,ObjectGetOwnPropertySymbols
code-creation,Builtin,3,15854,0x557d4c8fed00,160,ObjectHasOwn
code-creation,Builtin,3,15858,0x557d4c8fedc0,484,ObjectIs
code-creation,Builtin,3,15860,0x557d4c8fefc0,12,ObjectIsFrozen
code-creation,Builtin,3,15862,0x557d4c8ff000,12,ObjectIsSealed
code-creation,Builtin,3,15864,0x557d4c8ff040,936,ObjectKeys
code-creation,Builtin,3,15871,0x557d4c8ff400,12,ObjectLookupGetter
code-creation,Builtin,3,15878,0x557d4c8ff440,12,ObjectLookupSetter
code-creation,Builtin,3,15891,0x557d4c8ff480,3728,ObjectPrototypeHasOwnProperty
code-creation,Builtin,3,15899,0x557d4c900340,228,ObjectPrototypeIsPrototypeOf
code-creation,Builtin,3,15915,0x557d4c900440,12,ObjectPrototypePropertyIsEnumerable
code-creation,Builtin,3,15931,0x557d4c900480,12,ObjectPrototypeGetProto
code-creation,Builtin,3,15935,0x557d4c9004c0,12,ObjectPrototypeSetProto
code-creation,Builtin,3,15952,0x557d4c900500,12,ObjectSeal
code-creation,Builtin,3,15957,0x557d4c900540,1360,ObjectToString
code-creation,Builtin,3,15968,0x557d4c900ac0,1416,ObjectValues
code-creation,Builtin,3,15972,0x557d4c901080,316,OrdinaryHasInstance
code-creation,Builtin,3,15982,0x557d4c9011c0,348,InstanceOf
code-creation,Builtin,3,15986,0x557d4c901340,760,InstanceOf_WithFeedback
code-creation,Builtin,3,15997,0x557d4c901640,748,InstanceOf_Baseline
code-creation,Builtin,3,16001,0x557d4c901940,292,ForInEnumerate
code-creation,Builtin,3,16015,0x557d4c901a80,124,ForInPrepare
code-creation,Builtin,3,16023,0x557d4c901b00,3576,ForInFilter
code-creation,Builtin,3,16037,0x557d4c902900,52,ReflectApply
code-creation,Builtin,3,16044,0x557d4c902940,60,ReflectConstruct
code-creation,Builtin,3,16059,0x557d4c902980,12,ReflectDefineProperty
code-creation,Builtin,3,16077,0x557d4c9029c0,12,ReflectOwnKeys
code-creation,Builtin,3,16083,0x557d4c902a00,12,ReflectSet
code-creation,Builtin,3,16088,0x557d4c902a40,12,RegExpCapture1Getter
code-creation,Builtin,3,16103,0x557d4c902a80,12,RegExpCapture2Getter
code-creation,Builtin,3,16121,0x557d4c902ac0,12,RegExpCapture3Getter
code-creation,Builtin,3,16126,0x557d4c902b00,12,RegExpCapture4Getter
code-creation,Builtin,3,16145,0x557d4c902b40,12,RegExpCapture5Getter
code-creation,Builtin,3,16161,0x557d4c902b80,12,RegExpCapture6Getter
code-creation,Builtin,3,16165,0x557d4c902bc0,12,RegExpCapture7Getter
code-creation,Builtin,3,16182,0x557d4c902c00,12,RegExpCapture8Getter
code-creation,Builtin,3,16187,0x557d4c902c40,12,RegExpCapture9Getter
code-creation,Builtin,3,16207,0x557d4c902c80,2452,RegExpConstructor
code-creation,Builtin,3,16214,0x557d4c903640,12,RegExpInputGetter
code-creation,Builtin,3,16228,0x557d4c903680,12,RegExpInputSetter
code-creation,Builtin,3,16232,0x557d4c9036c0,12,RegExpLastMatchGetter
code-creation,Builtin,3,16251,0x557d4c903700,12,RegExpLastParenGetter
code-creation,Builtin,3,16269,0x557d4c903740,12,RegExpLeftContextGetter
code-creation,Builtin,3,16275,0x557d4c903780,956,RegExpPrototypeCompile
code-creation,Builtin,3,16293,0x557d4c903b40,12,RegExpPrototypeToString
code-creation,Builtin,3,16305,0x557d4c903b80,12,RegExpRightContextGetter
code-creation,Builtin,3,16310,0x557d4c903bc0,12,RegExpEscape
code-creation,Builtin,3,16320,0x557d4c903c00,304,RegExpExecAtom
code-creation,Builtin,3,16324,0x557d4c903d40,8,RegExpInterpreterTrampoline
code-creation,Builtin,3,16342,0x557d4c903d80,8,RegExpExperimentalTrampoline
code-creation,Builtin,3,16355,0x557d4c903dc0,1460,FindOrderedHashSetEntry
code-creation,Builtin,3,16360,0x557d4c904380,5828,SetConstructor
code-creation,Builtin,3,16372,0x557d4c905a80,164,SetPrototypeHas
code-creation,Builtin,3,16391,0x557d4c905b40,1896,SetPrototypeAdd
code-creation,Builtin,3,16400,0x557d4c9062c0,1684,SetPrototypeDelete
code-creation,Builtin,3,16415,0x557d4c906980,12,SetPrototypeClear
code-creation,Builtin,3,16421,0x557d4c9069c0,280,SetPrototypeEntries
code-creation,Builtin,3,16423,0x557d4c906b00,148,SetPrototypeGetSize
code-creation,Builtin,3,16442,0x557d4c906bc0,536,SetPrototypeForEach
code-creation,Builtin,3,16461,0x557d4c906e00,280,SetPrototypeValues
code-creation,Builtin,3,16481,0x557d4c906f40,836,SetIteratorPrototypeNext
code-creation,Builtin,3,16504,0x557d4c9072c0,1024,SetOrSetIteratorToList
code-creation,Builtin,3,16509,0x557d4c907700,12,ShadowRealmConstructor
code-creation,Builtin,3,16512,0x557d4c907740,804,ShadowRealmGetWrappedValue
code-creation,Builtin,3,16532,0x557d4c907a80,12,ShadowRealmPrototypeEvaluate
code-creation,Builtin,3,16553,0x557d4c907ac0,820,ShadowRealmPrototypeImportValue
code-creation,Builtin,3,16572,0x557d4c907e00,248,ShadowRealmImportValueFulfilled
code-creation,Builtin,3,16580,0x557d4c907f00,68,ShadowRealmImportValueRejected
code-creation,Builtin,3,16598,0x557d4c907f80,12,SharedArrayBufferPrototypeGetByteLength
code-creation,Builtin,3,16615,0x557d4c907fc0,12,SharedArrayBufferPrototypeSlice
code-creation,Builtin,3,16621,0x557d4c908000,12,SharedArrayBufferPrototypeGrow
code-creation,Builtin,3,16624,0x557d4c908040,2144,AtomicsLoad
code-creation,Builtin,3,16643,0x557d4c9088c0,2304,AtomicsStore
code-creation,Builtin,3,16661,0x557d4c909200,2936,AtomicsExchange
code-creation,Builtin,3,16667,0x557d4c909d80,3344,AtomicsCompareExchange
code-creation,Builtin,3,16687,0x557d4c90aac0,2936,AtomicsAdd
code-creation,Builtin,3,16699,0x557d4c90b640,2936,AtomicsSub
code-creation,Builtin,3,16717,0x557d4c90c1c0,2936,AtomicsAnd
code-creation,Builtin,3,16733,0x557d4c90cd40,2936,AtomicsOr
code-creation,Builtin,3,16742,0x557d4c90d8c0,2936,AtomicsXor
code-creation,Builtin,3,16755,0x557d4c90e440,12,AtomicsNotify
code-creation,Builtin,3,16771,0x557d4c90e480,12,AtomicsIsLockFree
code-creation,Builtin,3,16805,0x557d4c90e4c0,12,AtomicsWait
code-creation,Builtin,3,16820,0x557d4c90e500,12,AtomicsWaitAsync
code-creation,Builtin,3,16825,0x557d4c90e540,12,AtomicsPause
code-creation,Builtin,3,16827,0x557d4c90e580,12,StringFromCodePoint
code-creation,Builtin,3,16845,0x557d4c90e5c0,1552,StringFromCharCode
code-creation,Builtin,3,16849,0x557d4c90ec00,12,StringPrototypeLastIndexOf
code-creation,Builtin,3,16868,0x557d4c90ec40,5092,StringPrototypeMatchAll
code-creation,Builtin,3,16873,0x557d4c910040,1164,StringPrototypeReplace
code-creation,Builtin,3,16875,0x557d4c910500,2936,StringPrototypeSplit
code-creation,Builtin,3,16889,0x557d4c911080,12,StringRaw
code-creation,Builtin,3,16896,0x557d4c9110c0,12,SymbolConstructor
code-creation,Builtin,3,16908,0x557d4c911100,12,SymbolFor
code-creation,Builtin,3,16912,0x557d4c911140,12,SymbolKeyFor
code-creation,Builtin,3,16926,0x557d4c911180,80,TypedArrayBaseConstructor
code-creation,Builtin,3,16931,0x557d4c911200,252,TypedArrayConstructor
code-creation,Builtin,3,16945,0x557d4c911300,12,TypedArrayPrototypeBuffer
code-creation,Builtin,3,16953,0x557d4c911340,700,TypedArrayPrototypeByteLength
code-creation,Builtin,3,16970,0x557d4c911600,384,TypedArrayPrototypeByteOffset
code-creation,Builtin,3,16975,0x557d4c9117c0,612,TypedArrayPrototypeLength
code-creation,Builtin,3,16985,0x557d4c911a40,12,TypedArrayPrototypeCopyWithin
code-creation,Builtin,3,16989,0x557d4c911a80,12,TypedArrayPrototypeFill
code-creation,Builtin,3,17000,0x557d4c911ac0,12,TypedArrayPrototypeIncludes
code-creation,Builtin,3,17007,0x557d4c911b00,12,TypedArrayPrototypeIndexOf
code-creation,Builtin,3,17023,0x557d4c911b40,12,TypedArrayPrototypeLastIndexOf
code-creation,Builtin,3,17043,0x557d4c911b80,12,TypedArrayPrototypeReverse
code-creation,Builtin,3,17056,0x557d4c911bc0,464,TypedArrayPrototypeToStringTag
code-creation,Builtin,3,17061,0x557d4c911dc0,31888,TypedArrayPrototypeMap
code-creation,Builtin,3,17071,0x557d4c919a80,12,Uint8ArrayFromBase64
code-creation,Builtin,3,17076,0x557d4c919ac0,12,Uint8ArrayPrototypeSetFromBase64
code-creation,Builtin,3,17086,0x557d4c919b00,12,Uint8ArrayFromHex
code-creation,Builtin,3,17091,0x557d4c919b40,12,Uint8ArrayPrototypeSetFromHex
code-creation,Builtin,3,17101,0x557d4c919b80,12,Uint8ArrayPrototypeToBase64
code-creation,Builtin,3,17105,0x557d4c919bc0,12,Uint8ArrayPrototypeToHex
code-creation,Builtin,3,17122,0x557d4c919c00,216,JSToWasmWrapperAsm
code-creation,Builtin,3,17142,0x557d4c919d00,856,WasmReturnPromiseOnSuspendAsm
code-creation,Builtin,3,17158,0x557d4c91a080,612,JSToWasmStressSwitchStacksAsm
code-creation,Builtin,3,17184,0x557d4c91a300,56,WasmToJsWrapperAsm
code-creation,Builtin,3,17198,0x557d4c91a340,4732,WasmToJsWrapperCSA
code-creation,Builtin,3,17202,0x557d4c91b5c0,28,WasmToJsWrapperInvalidSig
code-creation,Builtin,3,17220,0x557d4c91b600,204,WasmSuspend
code-creation,Builtin,3,17225,0x557d4c91b700,260,WasmResume
code-creation,Builtin,3,17238,0x557d4c91b840,108,WasmFXResume
code-creation,Builtin,3,17254,0x557d4c91b8c0,216,WasmFXResumeThrow
code-creation,Builtin,3,17258,0x557d4c91b9c0,196,WasmFXResumeThrowRef
code-creation,Builtin,3,17275,0x557d4c91bac0,152,WasmFXSuspend
code-creation,Builtin,3,17295,0x557d4c91bb80,164,WasmFXSwitch
code-creation,Builtin,3,17301,0x557d4c91bc40,96,WasmFXReturn
code-creation,Builtin,3,17318,0x557d4c91bcc0,280,WasmReject
code-creation,Builtin,3,17322,0x557d4c91be00,12,WasmTrapHandlerLandingPad
code-creation,Builtin,3,17338,0x557d4c91be40,156,WasmCompileLazy
code-creation,Builtin,3,17357,0x557d4c91bf00,200,WasmLiftoffFrameSetup
code-creation,Builtin,3,17377,0x557d4c91c000,192,WasmDebugBreak
code-creation,Builtin,3,17398,0x557d4c91c100,124,WasmDebugTrap
code-creation,Builtin,3,17417,0x557d4c91c180,16,WasmOnStackReplace
code-creation,Builtin,3,17433,0x557d4c91c1c0,160,WasmHandleStackOverflow
code-creation,Builtin,3,17453,0x557d4c91c280,128,WasmFloat32ToNumber
code-creation,Builtin,3,17472,0x557d4c91c340,132,WasmFloat64ToNumber
code-creation,Builtin,3,17480,0x557d4c91c400,124,WasmFloat64ToString
code-creation,Builtin,3,17498,0x557d4c91c480,12,JSToWasmLazyDeoptContinuation
code-creation,Builtin,3,17515,0x557d4c91c4c0,1520,WasmGetOwnProperty
code-creation,Builtin,3,17533,0x557d4c91cac0,5388,WeakMapConstructor
code-creation,Builtin,3,17553,0x557d4c91e000,492,WeakMapLookupHashIndex
code-creation,Builtin,3,17571,0x557d4c91e200,200,WeakMapPrototypeGet
code-creation,Builtin,3,17592,0x557d4c91e300,168,WeakMapPrototypeHas
code-creation,Builtin,3,17597,0x557d4c91e3c0,288,WeakMapPrototypeSet
code-creation,Builtin,3,17613,0x557d4c91e500,1244,WeakMapPrototypeGetOrInsert
code-creation,Builtin,3,17622,0x557d4c91ea00,456,WeakMapPrototypeGetOrInsertComputed
code-creation,Builtin,3,17642,0x557d4c91ec00,176,WeakMapPrototypeDelete
code-creation,Builtin,3,17648,0x557d4c91ecc0,4124,WeakSetConstructor
code-creation,Builtin,3,17655,0x557d4c91fd00,168,WeakSetPrototypeHas
code-creation,Builtin,3,17670,0x557d4c91fdc0,288,WeakSetPrototypeAdd
code-creation,Builtin,3,17675,0x557d4c91ff00,176,WeakSetPrototypeDelete
code-creation,Builtin,3,17692,0x557d4c91ffc0,672,WeakCollectionDelete
code-creation,Builtin,3,17702,0x557d4c920280,1164,WeakCollectionSet
code-creation,Builtin,3,17720,0x557d4c920740,12,SharedSpaceJSObjectHasInstance
code-creation,Builtin,3,17741,0x557d4c920780,12,SharedStructTypeConstructor
code-creation,Builtin,3,17758,0x557d4c9207c0,12,SharedStructTypeIsSharedStruct
code-creation,Builtin,3,17767,0x557d4c920800,12,SharedStructConstructor
code-creation,Builtin,3,17783,0x557d4c920840,12,SharedArrayConstructor
code-creation,Builtin,3,17803,0x557d4c920880,12,SharedArrayIsSharedArray
code-creation,Builtin,3,17822,0x557d4c9208c0,12,AtomicsMutexConstructor
code-creation,Builtin,3,17827,0x557d4c920900,12,AtomicsMutexIsMutex
code-creation,Builtin,3,17829,0x557d4c920940,12,AtomicsMutexLock
code-creation,Builtin,3,17830,0x557d4c920980,12,AtomicsMutexLockWithTimeout
code-creation,Builtin,3,17848,0x557d4c9209c0,12,AtomicsMutexTryLock
code-creation,Builtin,3,17853,0x557d4c920a00,12,AtomicsConditionConstructor
code-creation,Builtin,3,17856,0x557d4c920a40,12,AtomicsConditionIsCondition
code-creation,Builtin,3,17859,0x557d4c920a80,12,AtomicsConditionWait
code-creation,Builtin,3,17862,0x557d4c920ac0,12,AtomicsConditionNotify
code-creation,Builtin,3,17865,0x557d4c920b00,316,AsyncGeneratorResolve
code-creation,Builtin,3,17906,0x557d4c920c40,104,AsyncGeneratorReject
code-creation,Builtin,3,17927,0x557d4c920cc0,1752,AsyncGeneratorYieldWithAwait
code-creation,Builtin,3,17946,0x557d4c9213c0,1924,AsyncGeneratorReturn
code-creation,Builtin,3,17962,0x557d4c921b80,276,AsyncGeneratorResumeNext
code-creation,Builtin,3,17978,0x557d4c921cc0,12,AsyncGeneratorFunctionConstructor
code-creation,Builtin,3,18008,0x557d4c921d00,840,AsyncGeneratorPrototypeNext
code-creation,Builtin,3,18018,0x557d4c922080,840,AsyncGeneratorPrototypeReturn
code-creation,Builtin,3,18034,0x557d4c922400,840,AsyncGeneratorPrototypeThrow
code-creation,Builtin,3,18038,0x557d4c922780,1544,AsyncGeneratorAwait
code-creation,Builtin,3,18053,0x557d4c922dc0,120,AsyncGeneratorAwaitResolveClosure
code-creation,Builtin,3,18069,0x557d4c922e40,120,AsyncGeneratorAwaitRejectClosure
code-creation,Builtin,3,18075,0x557d4c922ec0,116,AsyncGeneratorYieldWithAwaitResolveClosure
code-creation,Builtin,3,18093,0x557d4c922f40,116,AsyncGeneratorReturnClosedResolveClosure
code-creation,Builtin,3,18098,0x557d4c922fc0,112,AsyncGeneratorReturnClosedRejectClosure
code-creation,Builtin,3,18114,0x557d4c923040,120,AsyncGeneratorReturnResolveClosure
code-creation,Builtin,3,18131,0x557d4c9230c0,1452,AsyncFromSyncIteratorPrototypeNext
code-creation,Builtin,3,18139,0x557d4c923680,1736,AsyncFromSyncIteratorPrototypeThrow
code-creation,Builtin,3,18153,0x557d4c923d80,1176,AsyncFromSyncIteratorPrototypeReturn
code-creation,Builtin,3,18159,0x557d4c924240,228,AsyncFromSyncIteratorCloseSyncAndRethrow
code-creation,Builtin,3,18175,0x557d4c924340,92,AsyncIteratorValueUnwrap
code-creation,Builtin,3,18181,0x557d4c9243c0,168,CEntry_Return1_ArgvInRegister_NoBuiltinExit
code-creation,Builtin,3,18197,0x557d4c924480,180,CEntry_Return1_ArgvOnStack_BuiltinExit
code-creation,Builtin,3,18216,0x557d4c924540,180,CEntry_Return1_ArgvOnStack_NoBuiltinExit
code-creation,Builtin,3,18233,0x557d4c924600,168,CEntry_Return2_ArgvInRegister_NoBuiltinExit
code-creation,Builtin,3,18240,0x557d4c9246c0,180,CEntry_Return2_ArgvOnStack_NoBuiltinExit
code-creation,Builtin,3,18252,0x557d4c924780,316,WasmCEntry
code-creation,Builtin,3,18256,0x557d4c9248c0,4,DirectCEntry
code-creation,Builtin,3,18268,0x557d4c924900,1824,StringAdd_NoMapCheck
code-creation,Builtin,3,18274,0x557d4c925040,1824,WasmStringAdd_NoMapCheck
code-creation,Builtin,3,18290,0x557d4c925780,3896,SubString
code-creation,Builtin,3,18295,0x557d4c9266c0,84,DoubleToI
code-creation,Builtin,3,18309,0x557d4c926740,3232,GetProperty
code-creation,Builtin,3,18318,0x557d4c927400,3528,GetPropertyWithReceiver
code-creation,Builtin,3,18335,0x557d4c928200,23296,SetProperty
code-creation,Builtin,3,18343,0x557d4c92dd40,19512,CreateDataProperty
code-creation,Builtin,3,18359,0x557d4c932980,52,GetOwnPropertyDescriptor
code-creation,Builtin,3,18379,0x557d4c9329c0,220,FindNonDefaultConstructorOrConstruct
code-creation,Builtin,3,18396,0x557d4c932ac0,3156,OrdinaryGetOwnPropertyDescriptor
code-creation,Builtin,3,18414,0x557d4c933740,4232,CheckMaglevType
code-creation,Builtin,3,18419,0x557d4c934800,12,IsTraceCategoryEnabled
code-creation,Builtin,3,18434,0x557d4c934840,12,Trace
code-creation,Builtin,3,18439,0x557d4c934880,12,FinalizationRegistryUnregister
code-creation,Builtin,3,18454,0x557d4c9348c0,356,AsyncModuleEvaluate
code-creation,Builtin,3,18474,0x557d4c934a40,12,CallAsyncModuleFulfilled
code-creation,Builtin,3,18491,0x557d4c934a80,12,CallAsyncModuleRejected
code-creation,Builtin,3,18510,0x557d4c934ac0,276,AggregateErrorConstructor
code-creation,Builtin,3,18519,0x557d4c934c00,836,ArrayPrototypeAt
code-creation,Builtin,3,18535,0x557d4c934f80,596,ArrayPrototypeConcat
code-creation,Builtin,3,18552,0x557d4c935200,8200,ArrayPrototypeCopyWithin
code-creation,Builtin,3,18572,0x557d4c937240,232,ArrayEveryLoopEagerDeoptContinuation
code-creation,Builtin,3,18592,0x557d4c937340,560,ArrayEveryLoopLazyDeoptContinuation
code-creation,Builtin,3,18601,0x557d4c937580,4248,ArrayEveryLoopContinuation
code-creation,Builtin,3,18620,0x557d4c938640,1604,ArrayEvery
code-creation,Builtin,3,18638,0x557d4c938cc0,296,ArrayFilterLoopEagerDeoptContinuation
code-creation,Builtin,3,18647,0x557d4c938e00,928,ArrayFilterLoopLazyDeoptContinuation
code-creation,Builtin,3,18665,0x557d4c9391c0,4568,ArrayFilterLoopContinuation
code-creation,Builtin,3,18674,0x557d4c93a3c0,4856,ArrayFilter
code-creation,Builtin,3,18689,0x557d4c93b6c0,220,ArrayFindLoopEagerDeoptContinuation
code-creation,Builtin,3,18709,0x557d4c93b7c0,32,ArrayFindLoopLazyDeoptContinuation
code-creation,Builtin,3,18714,0x557d4c93b800,408,ArrayFindLoopAfterCallbackLazyDeoptContinuation
code-creation,Builtin,3,18724,0x557d4c93b9c0,580,ArrayFindLoopContinuation
code-creation,Builtin,3,18728,0x557d4c93bc40,1608,ArrayPrototypeFind
code-creation,Builtin,3,18743,0x557d4c93c2c0,220,ArrayFindIndexLoopEagerDeoptContinuation
code-creation,Builtin,3,18749,0x557d4c93c3c0,32,ArrayFindIndexLoopLazyDeoptContinuation
code-creation,Builtin,3,18766,0x557d4c93c400,408,ArrayFindIndexLoopAfterCallbackLazyDeoptContinuation
code-creation,Builtin,3,18776,0x557d4c93c5c0,584,ArrayFindIndexLoopContinuation
code-creation,Builtin,3,18808,0x557d4c93c840,1608,ArrayPrototypeFindIndex
code-creation,Builtin,3,18825,0x557d4c93cec0,500,ArrayFindLastLoopContinuation
code-creation,Builtin,3,18841,0x557d4c93d0c0,1704,ArrayPrototypeFindLast
code-creation,Builtin,3,18845,0x557d4c93d780,504,ArrayFindLastIndexLoopContinuation
code-creation,Builtin,3,18860,0x557d4c93d980,1784,ArrayPrototypeFindLastIndex
code-creation,Builtin,3,18876,0x557d4c93e080,2932,FlattenIntoArrayWithoutMapFn
code-creation,Builtin,3,18888,0x557d4c93ec00,2964,FlattenIntoArrayWithMapFn
code-creation,Builtin,3,18903,0x557d4c93f7c0,11792,ArrayPrototypeFlat
code-creation,Builtin,3,18908,0x557d4c942600,732,ArrayPrototypeFlatMap
code-creation,Builtin,3,18911,0x557d4c942900,232,ArrayForEachLoopEagerDeoptContinuation
code-creation,Builtin,3,18925,0x557d4c942a00,232,ArrayForEachLoopLazyDeoptContinuation
code-creation,Builtin,3,18930,0x557d4c942b00,4152,ArrayForEachLoopContinuation
code-creation,Builtin,3,18948,0x557d4c943b40,1476,ArrayForEach
code-creation,Builtin,3,18953,0x557d4c944140,7076,ArrayFromAsyncIterableOnFulfilled
code-creation,Builtin,3,18970,0x557d4c945d00,7140,ArrayFromAsyncIterableOnRejected
code-creation,Builtin,3,18976,0x557d4c947900,3576,ArrayFromAsyncArrayLikeOnFulfilled
code-creation,Builtin,3,18990,0x557d4c948700,3576,ArrayFromAsyncArrayLikeOnRejected
code-creation,Builtin,3,19006,0x557d4c949500,15188,ArrayFromAsync
code-creation,Builtin,3,19010,0x557d4c94d080,5612,ArrayFrom
code-creation,Builtin,3,19022,0x557d4c94e680,152,ArrayIsArray
code-creation,Builtin,3,19027,0x557d4c94e740,472,LoadJoinElement_DictionaryElements_0
code-creation,Builtin,3,19042,0x557d4c94e940,36,LoadJoinElement_FastSmiOrObjectElements_0
code-creation,Builtin,3,19051,0x557d4c94e980,152,LoadJoinElement_FastDoubleElements_0
code-creation,Builtin,3,19068,0x557d4c94ea40,184,ConvertToLocaleString
code-creation,Builtin,3,19077,0x557d4c94eb00,744,JoinStackPush
code-creation,Builtin,3,19092,0x557d4c94ee00,292,JoinStackPop
code-creation,Builtin,3,19098,0x557d4c94ef40,848,ArrayPrototypeJoin
code-creation,Builtin,3,19114,0x557d4c94f2c0,35976,ArrayPrototypeJoinImpl
code-creation,Builtin,3,19119,0x557d4c957f80,6136,ArrayPrototypeToLocaleString
code-creation,Builtin,3,19133,0x557d4c959780,256,ArrayPrototypeToString
code-creation,Builtin,3,19149,0x557d4c9598c0,9824,TypedArrayPrototypeJoin
code-creation,Builtin,3,19153,0x557d4c95bf40,5944,TypedArrayPrototypeToLocaleString
code-creation,Builtin,3,19165,0x557d4c95d680,3824,ArrayPrototypeLastIndexOf
code-creation,Builtin,3,19174,0x557d4c95e580,240,ArrayMapPreLoopLazyDeoptContinuation
code-creation,Builtin,3,19187,0x557d4c95e680,264,ArrayMapLoopEagerDeoptContinuation
code-creation,Builtin,3,19207,0x557d4c95e7c0,520,ArrayMapLoopLazyDeoptContinuation
code-creation,Builtin,3,19224,0x557d4c95ea00,4168,ArrayMapLoopContinuation
code-creation,Builtin,3,19244,0x557d4c95fa80,4184,ArrayMap
code-creation,Builtin,3,19262,0x557d4c960b00,1800,ArrayOf
code-creation,Builtin,3,19266,0x557d4c961240,412,ArrayReduceRightPreLoopEagerDeoptContinuation
code-creation,Builtin,3,19281,0x557d4c961400,220,ArrayReduceRightLoopEagerDeoptContinuation
code-creation,Builtin,3,19300,0x557d4c961500,220,ArrayReduceRightLoopLazyDeoptContinuation
code-creation,Builtin,3,19314,0x557d4c961600,4104,ArrayReduceRightLoopContinuation
code-creation,Builtin,3,19323,0x557d4c962640,1948,ArrayReduceRight
code-creation,Builtin,3,19345,0x557d4c962e00,204,ArrayReducePreLoopEagerDeoptContinuation
code-creation,Builtin,3,19365,0x557d4c962f00,220,ArrayReduceLoopEagerDeoptContinuation
code-creation,Builtin,3,19386,0x557d4c963000,220,ArrayReduceLoopLazyDeoptContinuation
code-creation,Builtin,3,19404,0x557d4c963100,4208,ArrayReduceLoopContinuation
code-creation,Builtin,3,19412,0x557d4c964180,1588,ArrayReduce
code-creation,Builtin,3,19428,0x557d4c9647c0,3696,ArrayPrototypeReverse
code-creation,Builtin,3,19448,0x557d4c965640,3948,ArrayPrototypeShift
code-creation,Builtin,3,19468,0x557d4c9665c0,5728,ArrayPrototypeSlice
code-creation,Builtin,3,19484,0x557d4c967c40,232,ArraySomeLoopEagerDeoptContinuation
code-creation,Builtin,3,19496,0x557d4c967d40,576,ArraySomeLoopLazyDeoptContinuation
code-creation,Builtin,3,19511,0x557d4c967fc0,4280,ArraySomeLoopContinuation
code-creation,Builtin,3,19516,0x557d4c969080,1608,ArraySome
code-creation,Builtin,3,19532,0x557d4c969700,14884,ArrayPrototypeSplice
code-creation,Builtin,3,19537,0x557d4c96d140,2148,GenericArrayToReversed
code-creation,Builtin,3,19553,0x557d4c96d9c0,3016,ArrayPrototypeToReversed
code-creation,Builtin,3,19559,0x557d4c96e5c0,8732,ArrayPowerSortIntoCopy
code-creation,Builtin,3,19574,0x557d4c970800,1748,ArrayPrototypeToSorted
code-creation,Builtin,3,19582,0x557d4c970f00,9080,ArrayPrototypeToSpliced
code-creation,Builtin,3,19600,0x557d4c973280,2936,ArrayPrototypeUnshift
code-creation,Builtin,3,19606,0x557d4c973e00,1476,GenericArrayWith
code-creation,Builtin,3,19620,0x557d4c974400,1164,ArrayPrototypeWith
code-creation,Builtin,3,19628,0x557d4c9748c0,4792,ArraySortContinueFromSnapshotEagerDeoptContinuation
code-creation,Builtin,3,19649,0x557d4c975b80,4792,ArraySortContinueFromSnapshotLazyDeoptContinuation
code-creation,Builtin,3,19668,0x557d4c976e40,316,ArrayBufferPrototypeGetByteLength
code-creation,Builtin,3,19674,0x557d4c976f80,792,ArrayBufferPrototypeGetMaxByteLength
code-creation,Builtin,3,19690,0x557d4c9772c0,208,ArrayBufferPrototypeGetResizable
code-creation,Builtin,3,19702,0x557d4c9773c0,208,ArrayBufferPrototypeGetDetached
code-creation,Builtin,3,19716,0x557d4c9774c0,208,ArrayBufferPrototypeGetImmutable
code-creation,Builtin,3,19725,0x557d4c9775c0,632,SharedArrayBufferPrototypeGetMaxByteLength
code-creation,Builtin,3,19741,0x557d4c977840,208,SharedArrayBufferPrototypeGetGrowable
code-creation,Builtin,3,19758,0x557d4c977940,104,ArrayBufferIsView
code-creation,Builtin,3,19763,0x557d4c9779c0,432,ToInteger
code-creation,Builtin,3,19780,0x557d4c977b80,4408,FastCreateDataProperty
code-creation,Builtin,3,19813,0x557d4c978cc0,1256,BooleanConstructor
code-creation,Builtin,3,19817,0x557d4c9791c0,220,BooleanPrototypeToString
code-creation,Builtin,3,19820,0x557d4c9792c0,212,BooleanPrototypeValueOf
code-creation,Builtin,3,19821,0x557d4c9793c0,1088,BigIntAddNoThrow
code-creation,Builtin,3,19823,0x557d4c979840,1132,BigIntAdd
code-creation,Builtin,3,19825,0x557d4c979cc0,1072,BigIntSubtractNoThrow
code-creation,Builtin,3,19830,0x557d4c97a100,1132,BigIntSubtract
code-creation,Builtin,3,19832,0x557d4c97a580,424,BigIntMultiplyNoThrow
code-creation,Builtin,3,19834,0x557d4c97a740,580,BigIntMultiply
code-creation,Builtin,3,19836,0x557d4c97a9c0,520,BigIntDivideNoThrow
code-creation,Builtin,3,19838,0x557d4c97ac00,700,BigIntDivide
code-creation,Builtin,3,19840,0x557d4c97aec0,464,BigIntModulusNoThrow
code-creation,Builtin,3,19842,0x557d4c97b0c0,640,BigIntModulus
code-creation,Builtin,3,19844,0x557d4c97b380,948,BigIntBitwiseAndNoThrow
code-creation,Builtin,3,19846,0x557d4c97b740,1080,BigIntBitwiseAnd
code-creation,Builtin,3,19847,0x557d4c97bb80,940,BigIntBitwiseOrNoThrow
code-creation,Builtin,3,19857,0x557d4c97bf40,1048,BigIntBitwiseOr
code-creation,Builtin,3,19862,0x557d4c97c380,968,BigIntBitwiseXorNoThrow
code-creation,Builtin,3,19877,0x557d4c97c780,1096,BigIntBitwiseXor
code-creation,Builtin,3,19893,0x557d4c97cc00,1244,BigIntShiftLeftNoThrow
code-creation,Builtin,3,19897,0x557d4c97d100,1312,BigIntShiftLeft
code-creation,Builtin,3,19914,0x557d4c97d640,1248,BigIntShiftRightNoThrow
code-creation,Builtin,3,19930,0x557d4c97db40,1316,BigIntShiftRight
code-creation,Builtin,3,19953,0x557d4c97e080,100,BigIntEqual
code-creation,Builtin,3,19969,0x557d4c97e100,204,BigIntLessThan
code-creation,Builtin,3,19973,0x557d4c97e200,204,BigIntGreaterThan
code-creation,Builtin,3,19989,0x557d4c97e300,204,BigIntLessThanOrEqual
code-creation,Builtin,3,20003,0x557d4c97e400,204,BigIntGreaterThanOrEqual
code-creation,Builtin,3,20007,0x557d4c97e500,324,BigIntUnaryMinus
code-creation,Builtin,3,20023,0x557d4c97e680,2516,ToString
code-creation,Builtin,3,20040,0x557d4c97f080,2540,ToStringConvertSymbol
code-creation,Builtin,3,20057,0x557d4c97fa80,212,StringPrototypeToString
code-creation,Builtin,3,20062,0x557d4c97fb80,212,StringPrototypeValueOf
code-creation,Builtin,3,20075,0x557d4c97fc80,2248,StringToList
code-creation,Builtin,3,20091,0x557d4c980580,748,StringPrototypeCharAt
code-creation,Builtin,3,20095,0x557d4c980880,652,StringPrototypeCharCodeAt
code-creation,Builtin,3,20112,0x557d4c980b40,1152,StringPrototypeCodePointAt
code-creation,Builtin,3,20128,0x557d4c981000,432,StringPrototypeConcat
code-creation,Builtin,3,20136,0x557d4c9811c0,1380,StringConstructor
code-creation,Builtin,3,20149,0x557d4c981740,936,StringCreateLazyDeoptContinuation
code-creation,Builtin,3,20155,0x557d4c981b00,2544,StringAddConvertLeft
code-creation,Builtin,3,20171,0x557d4c982500,2600,StringAddConvertRight
code-creation,Builtin,3,20188,0x557d4c982f40,556,StringCharAt
code-creation,Builtin,3,20192,0x557d4c983180,16,FastNewClosureBaseline
code-creation,Builtin,3,20211,0x557d4c9831c0,312,FastNewFunctionContextEval
code-creation,Builtin,3,20227,0x557d4c983300,312,FastNewFunctionContextFunction
code-creation,Builtin,3,20243,0x557d4c983440,696,FastNewFunctionContextFunctionWithCells
code-creation,Builtin,3,20255,0x557d4c983700,284,CreateRegExpLiteral
code-creation,Builtin,3,20268,0x557d4c983840,1444,CreateShallowArrayLiteral
code-creation,Builtin,3,20272,0x557d4c983e00,468,CreateEmptyArrayLiteral
code-creation,Builtin,3,20288,0x557d4c984000,2480,CreateShallowObjectLiteral
code-creation,Builtin,3,20305,0x557d4c9849c0,488,ObjectConstructor
code-creation,Builtin,3,20313,0x557d4c984bc0,244,CreateEmptyLiteralObject
code-creation,Builtin,3,20326,0x557d4c984cc0,560,NumberConstructor
code-creation,Builtin,3,20345,0x557d4c984f00,64,GenericLazyDeoptContinuation
code-creation,Builtin,3,20349,0x557d4c984f80,56,StringToNumber
code-creation,Builtin,3,20366,0x557d4c984fc0,196,NonNumberToNumber
code-creation,Builtin,3,20387,0x557d4c9850c0,256,NonNumberToNumeric
code-creation,Builtin,3,20403,0x557d4c985200,36,ToNumeric
code-creation,Builtin,3,20411,0x557d4c985240,1216,NumberToString
code-creation,Builtin,3,20422,0x557d4c985740,916,SmiToString
code-creation,Builtin,3,20426,0x557d4c985b00,1560,Int32ToString
code-creation,Builtin,3,20441,0x557d4c986140,124,Float64ToString
code-creation,Builtin,3,20462,0x557d4c9861c0,124,ToBoolean
code-creation,Builtin,3,20468,0x557d4c986240,84,ToBooleanForBaselineJump
code-creation,Builtin,3,20484,0x557d4c9862c0,600,ToLength
code-creation,Builtin,3,20489,0x557d4c986540,1312,ToName
code-creation,Builtin,3,20505,0x557d4c986a80,1088,ToObject
code-creation,Builtin,3,20525,0x557d4c986f00,844,NonPrimitiveToPrimitive_Default
code-creation,Builtin,3,20545,0x557d4c987280,432,NonPrimitiveToPrimitive_Number
code-creation,Builtin,3,20565,0x557d4c987440,1200,NonPrimitiveToPrimitive_String
code-creation,Builtin,3,20586,0x557d4c987900,20,OrdinaryToPrimitive_Number
code-creation,Builtin,3,20591,0x557d4c987940,324,OrdinaryToPrimitive_Number_Inline
code-creation,Builtin,3,20611,0x557d4c987ac0,324,OrdinaryToPrimitive_String
code-creation,Builtin,3,20617,0x557d4c987c40,316,FastConsoleAssert
code-creation,Builtin,3,20632,0x557d4c987d80,184,DataViewPrototypeGetBuffer
code-creation,Builtin,3,20638,0x557d4c987e40,764,DataViewPrototypeGetByteLength
code-creation,Builtin,3,20654,0x557d4c988140,432,DataViewPrototypeGetByteOffset
code-creation,Builtin,3,20659,0x557d4c988300,784,DataViewPrototypeGetUint8
code-creation,Builtin,3,20675,0x557d4c988640,784,DataViewPrototypeGetInt8
code-creation,Builtin,3,20680,0x557d4c988980,1020,DataViewPrototypeGetUint16
code-creation,Builtin,3,20706,0x557d4c988d80,1016,DataViewPrototypeGetInt16
code-creation,Builtin,3,20723,0x557d4c989180,1148,DataViewPrototypeGetUint32
code-creation,Builtin,3,20727,0x557d4c989600,1144,DataViewPrototypeGetInt32
code-creation,Builtin,3,20743,0x557d4c989a80,1256,DataViewPrototypeGetFloat16
code-creation,Builtin,3,20763,0x557d4c989f80,1184,DataViewPrototypeGetFloat32
code-creation,Builtin,3,20784,0x557d4c98a440,1256,DataViewPrototypeGetFloat64
code-creation,Builtin,3,20819,0x557d4c98a940,1292,DataViewPrototypeGetBigUint64
code-creation,Builtin,3,20836,0x557d4c98ae80,1324,DataViewPrototypeGetBigInt64
code-creation,Builtin,3,20851,0x557d4c98b3c0,1248,DataViewPrototypeSetUint8
code-creation,Builtin,3,20856,0x557d4c98b8c0,1248,DataViewPrototypeSetInt8
code-creation,Builtin,3,20871,0x557d4c98bdc0,1484,DataViewPrototypeSetUint16
code-creation,Builtin,3,20886,0x557d4c98c3c0,1484,DataViewPrototypeSetInt16
code-creation,Builtin,3,20906,0x557d4c98c9c0,1516,DataViewPrototypeSetUint32
code-creation,Builtin,3,20924,0x557d4c98cfc0,1516,DataViewPrototypeSetInt32
code-creation,Builtin,3,20937,0x557d4c98d5c0,1584,DataViewPrototypeSetFloat16
code-creation,Builtin,3,20942,0x557d4c98dc00,1480,DataViewPrototypeSetFloat32
code-creation,Builtin,3,20959,0x557d4c98e200,1544,DataViewPrototypeSetFloat64
code-creation,Builtin,3,20975,0x557d4c98e840,1372,DataViewPrototypeSetBigUint64
code-creation,Builtin,3,20980,0x557d4c98edc0,1372,DataViewPrototypeSetBigInt64
code-creation,Builtin,3,20992,0x557d4c98f340,1248,FinalizationRegistryConstructor
code-creation,Builtin,3,20997,0x557d4c98f840,908,FinalizationRegistryRegister
code-creation,Builtin,3,21013,0x557d4c98fc00,376,FunctionPrototypeHasInstance
code-creation,Builtin,3,21019,0x557d4c98fd80,1040,FastFunctionPrototypeBind
code-creation,Builtin,3,21035,0x557d4c9901c0,420,GeneratorPrototypeNextLazyDeoptContinuation
code-creation,Builtin,3,21052,0x557d4c990380,152,IncBlockCounter
code-creation,Builtin,3,21066,0x557d4c990440,232,GetTemplateObject
code-creation,Builtin,3,21071,0x557d4c990540,96,ForInNext
code-creation,Builtin,3,21082,0x557d4c9905c0,136,GetImportMetaObjectBaseline
code-creation,Builtin,3,21087,0x557d4c990680,128,GetIteratorWithFeedback
code-creation,Builtin,3,21103,0x557d4c990740,92,GetIteratorBaseline
code-creation,Builtin,3,21120,0x557d4c9907c0,320,CreateAsyncFromSyncIteratorBaseline
code-creation,Builtin,3,21138,0x557d4c990940,3064,ForOfNext
code-creation,Builtin,3,21144,0x557d4c991540,3064,ForOfNextBaseline
code-creation,Builtin,3,21146,0x557d4c992140,1248,CallIteratorWithFeedback
code-creation,Builtin,3,21162,0x557d4c992640,144,IteratorClose
code-creation,Builtin,3,21167,0x557d4c992700,1072,IteratorConstructor
code-creation,Builtin,3,21181,0x557d4c992b40,72,IteratorPrototypeGetToStringTag
code-creation,Builtin,3,21186,0x557d4c992bc0,340,IteratorPrototypeSetToStringTag
code-creation,Builtin,3,21205,0x557d4c992d40,100,IteratorPrototypeGetConstructor
code-creation,Builtin,3,21223,0x557d4c992dc0,340,IteratorPrototypeSetConstructor
code-creation,Builtin,3,21231,0x557d4c992f40,188,IteratorPrototypeDispose
code-creation,Builtin,3,21245,0x557d4c993000,64,AsyncIteratorPrototypeAsyncDisposeResolveClosure
code-creation,Builtin,3,21254,0x557d4c993080,2000,AsyncIteratorPrototypeAsyncDispose
code-creation,Builtin,3,21268,0x557d4c993880,1684,ArrayDestructure
code-creation,Builtin,3,21276,0x557d4c993f40,1432,ArrayDestructureLazyDeoptContinuation
code-creation,Builtin,3,21290,0x557d4c994500,912,IteratorFrom
code-creation,Builtin,3,21298,0x557d4c9948c0,164,WrapForValidIteratorPrototypeNext
code-creation,Builtin,3,21312,0x557d4c994980,380,WrapForValidIteratorPrototypeReturn
code-creation,Builtin,3,21327,0x557d4c994b00,448,IteratorHelperPrototypeNext
code-creation,Builtin,3,21332,0x557d4c994d00,2640,IteratorHelperPrototypeReturn
code-creation,Builtin,3,21346,0x557d4c995780,480,IteratorPrototypeMap
code-creation,Builtin,3,21361,0x557d4c995980,1376,IteratorMapHelperNext
code-creation,Builtin,3,21365,0x557d4c995f00,480,IteratorPrototypeFilter
code-creation,Builtin,3,21384,0x557d4c996100,1524,IteratorFilterHelperNext
code-creation,Builtin,3,21403,0x557d4c996700,916,IteratorPrototypeTake
code-creation,Builtin,3,21419,0x557d4c996ac0,1564,IteratorTakeHelperNext
code-creation,Builtin,3,21427,0x557d4c997100,916,IteratorPrototypeDrop
code-creation,Builtin,3,21442,0x557d4c9974c0,1776,IteratorDropHelperNext
code-creation,Builtin,3,21458,0x557d4c997bc0,504,IteratorPrototypeFlatMap
code-creation,Builtin,3,21462,0x557d4c997dc0,2644,IteratorFlatMapHelperNext
code-creation,Builtin,3,21479,0x557d4c998840,1996,IteratorPrototypeReduce
code-creation,Builtin,3,21484,0x557d4c999040,1696,IteratorPrototypeToArray
code-creation,Builtin,3,21502,0x557d4c999700,1268,IteratorPrototypeForEach
code-creation,Builtin,3,21521,0x557d4c999c00,1524,IteratorPrototypeSome
code-creation,Builtin,3,21541,0x557d4c99a200,1512,IteratorPrototypeEvery
code-creation,Builtin,3,21563,0x557d4c99a800,1532,IteratorPrototypeFind
code-creation,Builtin,3,21584,0x557d4c99ae00,1068,IteratorConcat
code-creation,Builtin,3,21605,0x557d4c99b240,1676,IteratorConcatHelperNext
code-creation,Builtin,3,21624,0x557d4c99b900,1380,IteratorPrototypeJoin
code-creation,Builtin,3,21629,0x557d4c99be80,7868,IteratorZip
code-creation,Builtin,3,21631,0x557d4c99dd40,4508,IteratorZipHelperNext
code-creation,Builtin,3,21652,0x557d4c99ef00,6552,IteratorZipKeyed
code-creation,Builtin,3,21657,0x557d4c9a08c0,5528,IteratorZipKeyedHelperNext
code-creation,Builtin,3,21672,0x557d4c9a1e80,3328,IteratorPrototypeIncludes
code-creation,Builtin,3,21690,0x557d4c9a2bc0,8244,MapGroupBy
code-creation,Builtin,3,21715,0x557d4c9a4c00,304,MathAbs
code-creation,Builtin,3,21734,0x557d4c9a4d40,452,MathCeil
code-creation,Builtin,3,21739,0x557d4c9a4f40,456,MathFloor
code-creation,Builtin,3,21756,0x557d4c9a5140,504,MathRound
code-creation,Builtin,3,21773,0x557d4c9a5340,452,MathTrunc
code-creation,Builtin,3,21804,0x557d4c9a5540,408,MathPow
code-creation,Builtin,3,21809,0x557d4c9a5700,468,MathMax
code-creation,Builtin,3,21811,0x557d4c9a5900,468,MathMin
code-creation,Builtin,3,21813,0x557d4c9a5b00,312,MathAcos
code-creation,Builtin,3,21814,0x557d4c9a5c40,312,MathAcosh
code-creation,Builtin,3,21816,0x557d4c9a5d80,312,MathAsin
code-creation,Builtin,3,21821,0x557d4c9a5ec0,312,MathAsinh
code-creation,Builtin,3,21836,0x557d4c9a6000,312,MathAtan
code-creation,Builtin,3,21842,0x557d4c9a6140,396,MathAtan2
code-creation,Builtin,3,21845,0x557d4c9a6300,312,MathAtanh
code-creation,Builtin,3,21852,0x557d4c9a6440,312,MathCbrt
code-creation,Builtin,3,21854,0x557d4c9a6580,248,MathClz32
code-creation,Builtin,3,21855,0x557d4c9a6680,312,MathCos
code-creation,Builtin,3,21857,0x557d4c9a67c0,312,MathCosh
code-creation,Builtin,3,21858,0x557d4c9a6900,312,MathExp
code-creation,Builtin,3,21861,0x557d4c9a6a40,312,MathExpm1
code-creation,Builtin,3,21909,0x557d4c9a6b80,260,MathFround
code-creation,Builtin,3,21914,0x557d4c9a6cc0,552,MathF16round
code-creation,Builtin,3,21918,0x557d4c9a6f00,372,MathImul
code-creation,Builtin,3,21940,0x557d4c9a7080,312,MathLog
code-creation,Builtin,3,21945,0x557d4c9a71c0,312,MathLog1p
code-creation,Builtin,3,21961,0x557d4c9a7300,312,MathLog10
code-creation,Builtin,3,21967,0x557d4c9a7440,312,MathLog2
code-creation,Builtin,3,21986,0x557d4c9a7580,312,MathSin
code-creation,Builtin,3,22006,0x557d4c9a76c0,152,MathSign
code-creation,Builtin,3,22024,0x557d4c9a7780,312,MathSinh
code-creation,Builtin,3,22029,0x557d4c9a78c0,256,MathSqrt
code-creation,Builtin,3,22045,0x557d4c9a7a00,312,MathTan
code-creation,Builtin,3,22050,0x557d4c9a7b40,312,MathTanh
code-creation,Builtin,3,22064,0x557d4c9a7c80,2440,MathHypot
code-creation,Builtin,3,22068,0x557d4c9a8640,380,MathRandom
code-creation,Builtin,3,22085,0x557d4c9a87c0,2328,NumberPrototypeToString
code-creation,Builtin,3,22097,0x557d4c9a9100,116,NumberIsFinite
code-creation,Builtin,3,22103,0x557d4c9a9180,308,NumberIsInteger
code-creation,Builtin,3,22113,0x557d4c9a92c0,112,NumberIsNaN
code-creation,Builtin,3,22121,0x557d4c9a9340,352,NumberIsSafeInteger
code-creation,Builtin,3,22136,0x557d4c9a94c0,220,NumberPrototypeValueOf
code-creation,Builtin,3,22159,0x557d4c9a95c0,232,NumberParseFloat
code-creation,Builtin,3,22175,0x557d4c9a96c0,320,ParseInt
code-creation,Builtin,3,22192,0x557d4c9a9840,96,NumberParseInt
code-creation,Builtin,3,22196,0x557d4c9a98c0,1056,Add
code-creation,Builtin,3,22214,0x557d4c9a9d00,564,Subtract
code-creation,Builtin,3,22229,0x557d4c9a9f40,848,Multiply
code-creation,Builtin,3,22237,0x557d4c9aa2c0,620,Divide
code-creation,Builtin,3,22253,0x557d4c9aa540,916,Modulus
code-creation,Builtin,3,22271,0x557d4c9aa900,556,Exponentiate
code-creation,Builtin,3,22276,0x557d4c9aab40,464,Negate
code-creation,Builtin,3,22278,0x557d4c9aad40,264,BitwiseNot
code-creation,Builtin,3,22295,0x557d4c9aae80,148,Decrement
code-creation,Builtin,3,22304,0x557d4c9aaf40,148,Increment
code-creation,Builtin,3,22318,0x557d4c9ab000,676,ShiftLeft
code-creation,Builtin,3,22326,0x557d4c9ab2c0,676,ShiftRight
code-creation,Builtin,3,22339,0x557d4c9ab580,612,ShiftRightLogical
code-creation,Builtin,3,22357,0x557d4c9ab800,428,BitwiseAnd
code-creation,Builtin,3,22364,0x557d4c9ab9c0,428,BitwiseOr
code-creation,Builtin,3,22380,0x557d4c9abb80,428,BitwiseXor
code-creation,Builtin,3,22385,0x557d4c9abd40,888,LessThan
code-creation,Builtin,3,22399,0x557d4c9ac0c0,888,LessThanOrEqual
code-creation,Builtin,3,22407,0x557d4c9ac440,888,GreaterThan
code-creation,Builtin,3,22423,0x557d4c9ac7c0,888,GreaterThanOrEqual
code-creation,Builtin,3,22427,0x557d4c9acb40,1036,Equal
code-creation,Builtin,3,22443,0x557d4c9acf80,472,StrictEqual
code-creation,Builtin,3,22459,0x557d4c9ad180,3656,ObjectFromEntries
code-creation,Builtin,3,22465,0x557d4c9ae000,4164,GroupByGeneric
code-creation,Builtin,3,22467,0x557d4c9af080,8760,ObjectGroupBy
code-creation,Builtin,3,22478,0x557d4c9b12c0,964,CreateObjectWithoutProperties
code-creation,Builtin,3,22483,0x557d4c9b16c0,140,ObjectIsExtensible
code-creation,Builtin,3,22500,0x557d4c9b1780,144,ObjectPreventExtensions
code-creation,Builtin,3,22516,0x557d4c9b1840,152,ObjectGetPrototypeOf
code-creation,Builtin,3,22532,0x557d4c9b1900,276,ObjectSetPrototypeOf
code-creation,Builtin,3,22540,0x557d4c9b1a40,88,ObjectPrototypeToString
code-creation,Builtin,3,22555,0x557d4c9b1ac0,100,ObjectPrototypeValueOf
code-creation,Builtin,3,22566,0x557d4c9b1b40,176,ObjectPrototypeToLocaleString
code-creation,Builtin,3,22580,0x557d4c9b1c00,1448,FulfillPromise
code-creation,Builtin,3,22588,0x557d4c9b21c0,1752,RejectPromise
code-creation,Builtin,3,22603,0x557d4c9b28c0,1320,NewPromiseCapability
code-creation,Builtin,3,22617,0x557d4c9b2e00,124,PromiseCapabilityDefaultReject
code-creation,Builtin,3,22621,0x557d4c9b2e80,108,PromiseCapabilityDefaultResolve
code-creation,Builtin,3,22630,0x557d4c9b2f00,1500,PerformPromiseThenFunction
code-creation,Builtin,3,22648,0x557d4c9b3500,1324,PerformPromiseThen
code-creation,Builtin,3,22669,0x557d4c9b3a40,484,PromiseReject
code-creation,Builtin,3,22686,0x557d4c9b3c40,280,PromiseGetCapabilitiesExecutor
code-creation,Builtin,3,22714,0x557d4c9b3d80,124,PromiseConstructorLazyDeoptContinuation
code-creation,Builtin,3,22732,0x557d4c9b3e00,4128,PromiseAll
code-creation,Builtin,3,22738,0x557d4c9b4e40,4180,PromiseAllSettled
code-creation,Builtin,3,22740,0x557d4c9b5ec0,980,PromiseAllResolveElementClosure
code-creation,Builtin,3,22758,0x557d4c9b62c0,1404,PromiseAllSettledResolveElementClosure
code-creation,Builtin,3,22776,0x557d4c9b6840,1404,PromiseAllSettledRejectElementClosure
code-creation,Builtin,3,22782,0x557d4c9b6dc0,1076,PromiseAnyRejectElementClosure
code-creation,Builtin,3,22810,0x557d4c9b7200,2472,PromiseAny
code-creation,Builtin,3,22815,0x557d4c9b7bc0,2104,PromiseConstructor
code-creation,Builtin,3,22834,0x557d4c9b8400,268,PromisePrototypeCatch
code-creation,Builtin,3,22839,0x557d4c9b8540,84,PromiseValueThunkFinally
code-creation,Builtin,3,22851,0x557d4c9b85c0,76,PromiseThrowerFinally
code-creation,Builtin,3,22857,0x557d4c9b8640,604,PromiseCatchFinally
code-creation,Builtin,3,22870,0x557d4c9b88c0,604,PromiseThenFinally
code-creation,Builtin,3,22875,0x557d4c9b8b40,1000,PromisePrototypeFinally
code-creation,Builtin,3,22892,0x557d4c9b8f40,660,PromiseResolveThenableJob
code-creation,Builtin,3,22908,0x557d4c9b9200,160,GetContinuationPreservedEmbedderData
code-creation,Builtin,3,22913,0x557d4c9b92c0,88,SetContinuationPreservedEmbedderData
code-creation,Builtin,3,22923,0x557d4c9b9340,184,AsyncAwaitNonThenableFastPath
code-creation,Builtin,3,22928,0x557d4c9b9400,1676,PromiseRace
code-creation,Builtin,3,22939,0x557d4c9b9ac0,440,PromiseFulfillReactionJob
code-creation,Builtin,3,22943,0x557d4c9b9c80,536,PromiseRejectReactionJob
code-creation,Builtin,3,22959,0x557d4c9b9ec0,148,PromiseResolveTrampoline
code-creation,Builtin,3,22972,0x557d4c9b9f80,568,PromiseResolve
code-creation,Builtin,3,22977,0x557d4c9ba1c0,776,ResolvePromise
code-creation,Builtin,3,22992,0x557d4c9ba500,1972,PromisePrototypeThen
code-creation,Builtin,3,23012,0x557d4c9bacc0,1876,PromiseTry
code-creation,Builtin,3,23017,0x557d4c9bb440,348,PromiseWithResolvers
code-creation,Builtin,3,23019,0x557d4c9bb5c0,616,ProxyConstructor
code-creation,Builtin,3,23021,0x557d4c9bb840,2852,ProxyDeleteProperty
code-creation,Builtin,3,23027,0x557d4c9bc380,2948,ProxyGetProperty
code-creation,Builtin,3,23034,0x557d4c9bcf40,1068,ProxyGetPrototypeOf
code-creation,Builtin,3,23037,0x557d4c9bd380,2672,ProxyHasProperty
code-creation,Builtin,3,23039,0x557d4c9bde00,768,ProxyIsExtensible
code-creation,Builtin,3,23057,0x557d4c9be140,808,ProxyPreventExtensions
code-creation,Builtin,3,23063,0x557d4c9be480,656,ProxyRevocable
code-creation,Builtin,3,23077,0x557d4c9be740,120,ProxyRevoke
code-creation,Builtin,3,23084,0x557d4c9be7c0,3512,ProxySetProperty
code-creation,Builtin,3,23089,0x557d4c9bf580,1320,ProxySetPrototypeOf
code-creation,Builtin,3,23102,0x557d4c9bfac0,176,ReflectIsExtensible
code-creation,Builtin,3,23107,0x557d4c9bfb80,180,ReflectPreventExtensions
code-creation,Builtin,3,23121,0x557d4c9bfc40,176,ReflectGetPrototypeOf
code-creation,Builtin,3,23127,0x557d4c9bfd00,264,ReflectSetPrototypeOf
code-creation,Builtin,3,23142,0x557d4c9bfe40,344,ReflectGet
code-creation,Builtin,3,23148,0x557d4c9bffc0,152,ReflectDeleteProperty
code-creation,Builtin,3,23161,0x557d4c9c0080,148,ReflectHas
code-creation,Builtin,3,23169,0x557d4c9c0140,4680,ReflectGetOwnPropertyDescriptor
code-creation,Builtin,3,23182,0x557d4c9c13c0,8292,RegExpPrototypeExecSlow
code-creation,Builtin,3,23187,0x557d4c9c3440,8516,RegExpPrototypeExec
code-creation,Builtin,3,23191,0x557d4c9c55c0,2884,RegExpPrototypeMatchAll
code-creation,Builtin,3,23206,0x557d4c9c6140,12908,RegExpStringIteratorPrototypeNext
code-creation,Builtin,3,23226,0x557d4c9c93c0,16072,RegExpMatchFast
code-creation,Builtin,3,23241,0x557d4c9cd2c0,3292,RegExpPrototypeMatch
code-creation,Builtin,3,23249,0x557d4c9cdfc0,10804,RegExpReplace
code-creation,Builtin,3,23262,0x557d4c9d0a00,532,RegExpPrototypeReplace
code-creation,Builtin,3,23278,0x557d4c9d0c40,4532,RegExpSearchFast
code-creation,Builtin,3,23282,0x557d4c9d1e00,1528,RegExpPrototypeSearch
code-creation,Builtin,3,23295,0x557d4c9d2400,264,RegExpPrototypeSourceGetter
code-creation,Builtin,3,23311,0x557d4c9d2540,10624,RegExpSplit
code-creation,Builtin,3,23315,0x557d4c9d4f00,648,RegExpPrototypeSplit
code-creation,Builtin,3,23330,0x557d4c9d51c0,5352,RegExpPrototypeTest
code-creation,Builtin,3,23351,0x557d4c9d66c0,4484,RegExpPrototypeTestFast
code-creation,Builtin,3,23367,0x557d4c9d7880,220,RegExpPrototypeGlobalGetter
code-creation,Builtin,3,23376,0x557d4c9d7980,220,RegExpPrototypeIgnoreCaseGetter
code-creation,Builtin,3,23391,0x557d4c9d7a80,224,RegExpPrototypeMultilineGetter
code-creation,Builtin,3,23407,0x557d4c9d7b80,224,RegExpPrototypeHasIndicesGetter
code-creation,Builtin,3,23412,0x557d4c9d7c80,224,RegExpPrototypeLinearGetter
code-creation,Builtin,3,23429,0x557d4c9d7d80,224,RegExpPrototypeDotAllGetter
code-creation,Builtin,3,23434,0x557d4c9d7e80,244,RegExpPrototypeStickyGetter
code-creation,Builtin,3,23452,0x557d4c9d7f80,244,RegExpPrototypeUnicodeGetter
code-creation,Builtin,3,23456,0x557d4c9d8080,224,RegExpPrototypeUnicodeSetsGetter
code-creation,Builtin,3,23472,0x557d4c9d8180,2572,RegExpPrototypeFlagsGetter
code-creation,Builtin,3,23487,0x557d4c9d8bc0,12532,SetPrototypeDifference
code-creation,Builtin,3,23509,0x557d4c9dbcc0,13568,SetPrototypeIntersection
code-creation,Builtin,3,23514,0x557d4c9df200,3112,SetPrototypeIsDisjointFrom
code-creation,Builtin,3,23531,0x557d4c9dfe40,1860,SetPrototypeIsSubsetOf
code-creation,Builtin,3,23547,0x557d4c9e05c0,2320,SetPrototypeIsSupersetOf
code-creation,Builtin,3,23567,0x557d4c9e0f00,12216,SetPrototypeSymmetricDifference
code-creation,Builtin,3,23576,0x557d4c9e3ec0,9160,SetPrototypeUnion
code-creation,Builtin,3,23590,0x557d4c9e62c0,1260,StringPrototypeAt
code-creation,Builtin,3,23595,0x557d4c9e67c0,3804,StringPrototypeEndsWith
code-creation,Builtin,3,23610,0x557d4c9e76c0,484,CreateHTML
code-creation,Builtin,3,23613,0x557d4c9e78c0,296,StringPrototypeAnchor
code-creation,Builtin,3,23631,0x557d4c9e7a00,156,StringPrototypeBig
code-creation,Builtin,3,23648,0x557d4c9e7ac0,156,StringPrototypeBlink
code-creation,Builtin,3,23664,0x557d4c9e7b80,156,StringPrototypeBold
code-creation,Builtin,3,23682,0x557d4c9e7c40,296,StringPrototypeFontcolor
code-creation,Builtin,3,23703,0x557d4c9e7d80,296,StringPrototypeFontsize
code-creation,Builtin,3,23708,0x557d4c9e7ec0,156,StringPrototypeFixed
code-creation,Builtin,3,23710,0x557d4c9e7f80,156,StringPrototypeItalics
code-creation,Builtin,3,23712,0x557d4c9e8040,296,StringPrototypeLink
code-creation,Builtin,3,23714,0x557d4c9e8180,156,StringPrototypeSmall
code-creation,Builtin,3,23715,0x557d4c9e8240,156,StringPrototypeStrike
code-creation,Builtin,3,23717,0x557d4c9e8300,156,StringPrototypeSub
code-creation,Builtin,3,23720,0x557d4c9e83c0,156,StringPrototypeSup
code-creation,Builtin,3,23722,0x557d4c9e8480,972,StringPrototypeIncludes
code-creation,Builtin,3,23740,0x557d4c9e8880,644,StringPrototypeIndexOf
code-creation,Builtin,3,23759,0x557d4c9e8b40,668,StringPrototypeIsWellFormed
code-creation,Builtin,3,23771,0x557d4c9e8e00,324,StringPrototypeIterator
code-creation,Builtin,3,23776,0x557d4c9e8f80,1668,StringIteratorPrototypeNext
code-creation,Builtin,3,23798,0x557d4c9e9640,1676,StringPrototypeMatch
code-creation,Builtin,3,23802,0x557d4c9e9d00,1676,StringPrototypeSearch
code-creation,Builtin,3,23805,0x557d4c9ea3c0,796,StringPrototypePadStart
code-creation,Builtin,3,23807,0x557d4c9ea700,796,StringPrototypePadEnd
code-creation,Builtin,3,23809,0x557d4c9eaa40,156,StringRepeat
code-creation,Builtin,3,23810,0x557d4c9eab00,392,StringPrototypeRepeat
code-creation,Builtin,3,23812,0x557d4c9eacc0,14864,StringPrototypeReplaceAll
code-creation,Builtin,3,23814,0x557d4c9ee700,4632,StringPrototypeSlice
code-creation,Builtin,3,23830,0x557d4c9ef940,3804,StringPrototypeStartsWith
code-creation,Builtin,3,23845,0x557d4c9f0840,4492,StringPrototypeSubstr
code-creation,Builtin,3,23851,0x557d4c9f1a00,4448,StringPrototypeSubstring
code-creation,Builtin,3,23854,0x557d4c9f2b80,1028,StringPrototypeToWellFormed
code-creation,Builtin,3,23860,0x557d4c9f2fc0,9028,StringPrototypeTrim
code-creation,Builtin,3,23862,0x557d4c9f5340,8640,StringPrototypeTrimStart
code-creation,Builtin,3,23864,0x557d4c9f7540,8008,StringPrototypeTrimEnd
code-creation,Builtin,3,23867,0x557d4c9f94c0,300,SuppressedErrorConstructor
code-creation,Builtin,3,23882,0x557d4c9f9600,220,SymbolPrototypeDescriptionGetter
code-creation,Builtin,3,23900,0x557d4c9f9700,212,SymbolPrototypeToPrimitive
code-creation,Builtin,3,23917,0x557d4c9f9800,232,SymbolPrototypeToString
code-creation,Builtin,3,23921,0x557d4c9f9900,212,SymbolPrototypeValueOf
code-creation,Builtin,3,23937,0x557d4c9f9a00,1104,TypedArrayPrototypeAt
code-creation,Builtin,3,23950,0x557d4c9f9e80,12808,CreateTypedArray
code-creation,Builtin,3,23955,0x557d4c9fd0c0,1676,TypedArrayPrototypeEvery
code-creation,Builtin,3,23972,0x557d4c9fd780,412,TypedArrayPrototypeEntries
code-creation,Builtin,3,23977,0x557d4c9fd940,4232,TypedArrayPrototypeFilter
code-creation,Builtin,3,23996,0x557d4c9fea00,1676,TypedArrayPrototypeFind
code-creation,Builtin,3,24015,0x557d4c9ff0c0,1684,TypedArrayPrototypeFindIndex
code-creation,Builtin,3,24033,0x557d4c9ff780,1696,TypedArrayPrototypeFindLast
code-creation,Builtin,3,24051,0x557d4c9ffe40,1704,TypedArrayPrototypeFindLastIndex
code-creation,Builtin,3,24076,0x557d4ca00500,1552,TypedArrayPrototypeForEach
code-creation,Builtin,3,24084,0x557d4ca00b40,5076,TypedArrayFrom
code-creation,Builtin,3,24087,0x557d4ca01f40,412,TypedArrayPrototypeKeys
code-creation,Builtin,3,24100,0x557d4ca02100,1452,TypedArrayOf
code-creation,Builtin,3,24106,0x557d4ca026c0,1704,TypedArrayPrototypeReduce
code-creation,Builtin,3,24109,0x557d4ca02d80,1656,TypedArrayPrototypeReduceRight
code-creation,Builtin,3,24123,0x557d4ca03400,3816,TypedArrayPrototypeSet
code-creation,Builtin,3,24128,0x557d4ca04300,3816,TypedArrayPrototypeSlice
code-creation,Builtin,3,24143,0x557d4ca05200,1676,TypedArrayPrototypeSome
code-creation,Builtin,3,24150,0x557d4ca058c0,880,TypedArrayMergeSort
code-creation,Builtin,3,24163,0x557d4ca05c40,2204,TypedArrayPrototypeSort
code-creation,Builtin,3,24167,0x557d4ca06500,2792,TypedArrayPrototypeSubArray
code-creation,Builtin,3,24185,0x557d4ca07000,1560,TypedArrayPrototypeToReversed
code-creation,Builtin,3,24190,0x557d4ca07640,2984,TypedArrayPrototypeToSorted
code-creation,Builtin,3,24207,0x557d4ca08200,412,TypedArrayPrototypeValues
code-creation,Builtin,3,24213,0x557d4ca083c0,3528,TypedArrayPrototypeWith
code-creation,Builtin,3,24215,0x557d4ca091c0,1548,WeakRefConstructor
code-creation,Builtin,3,24231,0x557d4ca09800,184,WeakRefDeref
code-creation,Builtin,3,24236,0x557d4ca098c0,716,NewSloppyArgumentsElements
code-creation,Builtin,3,24240,0x557d4ca09bc0,288,NewStrictArgumentsElements
code-creation,Builtin,3,24260,0x557d4ca09d00,372,NewRestArgumentsElements
code-creation,Builtin,3,24272,0x557d4ca09e80,1396,FastNewSloppyArguments
code-creation,Builtin,3,24277,0x557d4ca0a400,504,FastNewStrictArguments
code-creation,Builtin,3,24281,0x557d4ca0a600,556,FastNewRestArguments
code-creation,Builtin,3,24284,0x557d4ca0a840,256,LoadFromContextCell
code-creation,Builtin,3,24295,0x557d4ca0a980,2372,StoreCurrentContextElementBaseline
code-creation,Builtin,3,24299,0x557d4ca0b300,2448,StoreContextElementBaseline
code-creation,Builtin,3,24303,0x557d4ca0bcc0,316,DetachContextCell
code-creation,Builtin,3,24313,0x557d4ca0be00,736,StringSlowFlatten
code-creation,Builtin,3,24317,0x557d4ca0c100,2744,StringIndexOf
code-creation,Builtin,3,24331,0x557d4ca0cbc0,1896,TestTurbofanType
code-creation,Builtin,3,24339,0x557d4ca0d340,156,CheckTurbofanType
code-creation,Builtin,3,24342,0x557d4ca0d400,540,CheckTurboshaftWord32Type
code-creation,Builtin,3,24358,0x557d4ca0d640,928,CheckTurboshaftWord64Type
code-creation,Builtin,3,24363,0x557d4ca0da00,1012,CheckTurboshaftFloat32Type
code-creation,Builtin,3,24367,0x557d4ca0de00,1012,CheckTurboshaftFloat64Type
code-creation,Builtin,3,24374,0x557d4ca0e200,124,DebugPrintWord32
code-creation,Builtin,3,24391,0x557d4ca0e280,180,DebugPrintWord64
code-creation,Builtin,3,24397,0x557d4ca0e340,132,DebugPrintFloat32
code-creation,Builtin,3,24399,0x557d4ca0e400,176,DebugPrintFloat64
code-creation,Builtin,3,24414,0x557d4ca0e4c0,140,DebugPrintObject
code-creation,Builtin,3,24418,0x557d4ca0e580,4,GenericBuiltinTest_JSAny_0
code-creation,Builtin,3,24422,0x557d4ca0e5c0,8,TestHelperPlus1
code-creation,Builtin,3,24431,0x557d4ca0e600,8,TestHelperPlus2
code-creation,Builtin,3,24435,0x557d4ca0e640,16,ReturnTwoValues
code-creation,Builtin,3,24449,0x557d4ca0e680,28,ThrowAsBuiltin
code-creation,Builtin,3,24457,0x557d4ca0e6c0,84,TestCallNever
code-creation,Builtin,3,24459,0x557d4ca0e740,36,TestIncrementArraySpeciesModified
code-creation,Builtin,3,24470,0x557d4ca0e780,36,Load_FastSmiElements_0
code-creation,Builtin,3,24475,0x557d4ca0e7c0,36,Load_FastObjectElements_0
code-creation,Builtin,3,24486,0x557d4ca0e800,164,Load_FastDoubleElements_0
code-creation,Builtin,3,24490,0x557d4ca0e8c0,32,Store_FastSmiElements_0
code-creation,Builtin,3,24500,0x557d4ca0e900,96,Store_FastObjectElements_0
code-creation,Builtin,3,24505,0x557d4ca0e980,88,Store_FastDoubleElements_0
code-creation,Builtin,3,24520,0x557d4ca0ea00,40,Delete_FastSmiElements_0
code-creation,Builtin,3,24528,0x557d4ca0ea40,40,Delete_FastObjectElements_0
code-creation,Builtin,3,24543,0x557d4ca0ea80,44,Delete_FastDoubleElements_0
code-creation,Builtin,3,24551,0x557d4ca0eac0,196,SortCompareDefault
code-creation,Builtin,3,24563,0x557d4ca0ebc0,88,SortCompareUserFn
code-creation,Builtin,3,24567,0x557d4ca0ec40,8,CanUseSameAccessor_GenericElementsAccessor_0
code-creation,Builtin,3,24586,0x557d4ca0ec80,380,Copy
code-creation,Builtin,3,24591,0x557d4ca0ee00,6108,MergeAt
code-creation,Builtin,3,24607,0x557d4ca10600,904,GallopLeft
code-creation,Builtin,3,24615,0x557d4ca109c0,972,GallopRight
code-creation,Builtin,3,24631,0x557d4ca10dc0,7140,ArrayPowerSort
code-creation,Builtin,3,24635,0x557d4ca129c0,1764,ArrayPrototypeSort
code-creation,Builtin,3,24637,0x557d4ca130c0,4768,StringFastLocaleCompare
code-creation,Builtin,3,24640,0x557d4ca14380,3384,JSToWasmWrapper
code-creation,Builtin,3,24649,0x557d4ca150c0,3392,WasmPromising
code-creation,Builtin,3,24653,0x557d4ca15e40,3392,WasmStressSwitch
code-creation,Builtin,3,24666,0x557d4ca16bc0,2952,JSToWasmHandleReturns
code-creation,Builtin,3,24671,0x557d4ca17780,88,WasmInt32ToHeapNumber
code-creation,Builtin,3,24686,0x557d4ca17800,68,WasmInt32ToSharedHeapNumber
code-creation,Builtin,3,24691,0x557d4ca17880,116,WasmFuncRefToJS
code-creation,Builtin,3,24693,0x557d4ca17900,328,WasmTaggedNonSmiToInt32
code-creation,Builtin,3,24700,0x557d4ca17a80,308,WasmTaggedToFloat64
code-creation,Builtin,3,24710,0x557d4ca17bc0,100,WasmTaggedToFloat32
code-creation,Builtin,3,24714,0x557d4ca17c40,68,WasmMemoryGrow
code-creation,Builtin,3,24728,0x557d4ca17cc0,88,WasmTableInit
code-creation,Builtin,3,24733,0x557d4ca17d40,92,WasmTableCopy
code-creation,Builtin,3,24738,0x557d4ca17dc0,76,WasmTableFill
code-creation,Builtin,3,24750,0x557d4ca17e40,64,WasmTableGrow
code-creation,Builtin,3,24754,0x557d4ca17ec0,72,WasmTableGet
code-creation,Builtin,3,24768,0x557d4ca17f40,136,WasmTableSet
code-creation,Builtin,3,24806,0x557d4ca18000,148,WasmTableGetFuncRef
code-creation,Builtin,3,24813,0x557d4ca180c0,48,WasmFunctionTableGet
code-creation,Builtin,3,24815,0x557d4ca18100,92,WasmTableSetFuncRef
code-creation,Builtin,3,24820,0x557d4ca18180,68,WasmRefFunc
code-creation,Builtin,3,24822,0x557d4ca18200,32,WasmInternalFunctionCreateExternal
code-creation,Builtin,3,24824,0x557d4ca18240,224,WasmAllocateZeroedFixedArray
code-creation,Builtin,3,24826,0x557d4ca18340,148,WasmAllocateFixedArray
code-creation,Builtin,3,24828,0x557d4ca18400,36,WasmLiftoffDeoptFinish
code-creation,Builtin,3,24830,0x557d4ca18440,44,WasmThrow
code-creation,Builtin,3,24833,0x557d4ca18480,40,WasmRethrow
code-creation,Builtin,3,24844,0x557d4ca184c0,52,WasmThrowRef
code-creation,Builtin,3,24848,0x557d4ca18500,40,WasmRethrowExplicitContext
code-creation,Builtin,3,24859,0x557d4ca18540,40,WasmTriggerTierUp
code-creation,Builtin,3,24864,0x557d4ca18580,20,WasmGrowableStackGuard
code-creation,Builtin,3,24880,0x557d4ca185c0,44,WasmStackGuard
code-creation,Builtin,3,24898,0x557d4ca18600,28,WasmStackGuardLoop
code-creation,Builtin,3,24915,0x557d4ca18640,28,WasmStackOverflow
code-creation,Builtin,3,24924,0x557d4ca18680,28,WasmTraceGlobal
code-creation,Builtin,3,24941,0x557d4ca186c0,28,WasmTraceMemory
code-creation,Builtin,3,24950,0x557d4ca18700,28,WasmTraceEnter
code-creation,Builtin,3,24967,0x557d4ca18740,40,WasmTraceExit
code-creation,Builtin,3,24985,0x557d4ca18780,44,WasmConfigureAllPrototypesOpt
code-creation,Builtin,3,24991,0x557d4ca187c0,712,WasmAllocateJSArray
code-creation,Builtin,3,25001,0x557d4ca18ac0,92,WasmAllocateStructWithRtt
code-creation,Builtin,3,25006,0x557d4ca18b40,52,WasmAllocateDescriptorStruct
code-creation,Builtin,3,25026,0x557d4ca18b80,132,WasmAllocateSharedStructWithRtt
code-creation,Builtin,3,25047,0x557d4ca18c40,120,WasmAllocateArray_Uninitialized
code-creation,Builtin,3,25056,0x557d4ca18cc0,164,WasmAllocateSharedArray_Uninitialized
code-creation,Builtin,3,25070,0x557d4ca18d80,96,WasmArrayNewSegment
code-creation,Builtin,3,25076,0x557d4ca18e00,180,WasmArrayInitSegment
code-creation,Builtin,3,25092,0x557d4ca18ec0,136,WasmArrayCopy
code-creation,Builtin,3,25097,0x557d4ca18f80,100,WasmUint32ToNumber
code-creation,Builtin,3,25112,0x557d4ca19000,132,UintPtr53ToNumber
code-creation,Builtin,3,25147,0x557d4ca190c0,380,WasmI32AtomicWait
code-creation,Builtin,3,25156,0x557d4ca19240,288,WasmI64AtomicWait
code-creation,Builtin,3,25171,0x557d4ca19380,192,WasmManagedObjectWait32
code-creation,Builtin,3,25177,0x557d4ca19480,56,WasmManagedObjectWait64
code-creation,Builtin,3,25192,0x557d4ca194c0,56,WasmManagedObjectWaitRef
code-creation,Builtin,3,25203,0x557d4ca19500,28,WasmWaitqueueNew
code-creation,Builtin,3,25221,0x557d4ca19540,1156,CallRefIC
code-creation,Builtin,3,25229,0x557d4ca19a00,1020,CallIndirectIC
code-creation,Builtin,3,25243,0x557d4ca19e00,92,WasmTrap
code-creation,Builtin,3,25248,0x557d4ca19e80,12,ThrowWasmTrapUnreachable
code-creation,Builtin,3,25268,0x557d4ca19ec0,80,WasmTrapHandlerThrowTrap
code-creation,Builtin,3,25284,0x557d4ca19f40,20,WasmPropagateException
code-creation,Builtin,3,25288,0x557d4ca19f80,12,ThrowWasmTrapMemOutOfBounds
code-creation,Builtin,3,25291,0x557d4ca19fc0,12,ThrowWasmTrapUnalignedAccess
code-creation,Builtin,3,25311,0x557d4ca1a000,12,ThrowWasmTrapDivByZero
code-creation,Builtin,3,25319,0x557d4ca1a040,12,ThrowWasmTrapDivUnrepresentable
code-creation,Builtin,3,25336,0x557d4ca1a080,12,ThrowWasmTrapRemByZero
code-creation,Builtin,3,25342,0x557d4ca1a0c0,12,ThrowWasmTrapFloatUnrepresentable
code-creation,Builtin,3,25355,0x557d4ca1a100,12,ThrowWasmTrapFuncSigMismatch
code-creation,Builtin,3,25375,0x557d4ca1a140,12,ThrowWasmTrapNullFunc
code-creation,Builtin,3,25395,0x557d4ca1a180,12,ThrowWasmTrapDataSegmentOutOfBounds
code-creation,Builtin,3,25411,0x557d4ca1a1c0,12,ThrowWasmTrapElementSegmentOutOfBounds
code-creation,Builtin,3,25431,0x557d4ca1a200,12,ThrowWasmTrapTableOutOfBounds
code-creation,Builtin,3,25451,0x557d4ca1a240,12,ThrowWasmTrapRethrowNull
code-creation,Builtin,3,25469,0x557d4ca1a280,12,ThrowWasmTrapNullDereference
code-creation,Builtin,3,25474,0x557d4ca1a2c0,12,ThrowWasmTrapIllegalCast
code-creation,Builtin,3,25485,0x557d4ca1a300,12,ThrowWasmTrapArrayOutOfBounds
code-creation,Builtin,3,25499,0x557d4ca1a340,12,ThrowWasmTrapArrayTooLarge
code-creation,Builtin,3,25505,0x557d4ca1a380,12,ThrowWasmTrapStringOffsetOutOfBounds
code-creation,Builtin,3,25519,0x557d4ca1a3c0,24,WasmTypeAssertionFailed
code-creation,Builtin,3,25527,0x557d4ca1a400,12,ThrowWasmTrapResume
code-creation,Builtin,3,25542,0x557d4ca1a440,12,ThrowWasmTrapSuspend
code-creation,Builtin,3,25550,0x557d4ca1a480,12,ThrowWasmTrapSwitch
code-creation,Builtin,3,25568,0x557d4ca1a4c0,476,WasmStringNewWtf8
code-creation,Builtin,3,25588,0x557d4ca1a6c0,160,WasmStringNewWtf8Array
code-creation,Builtin,3,25601,0x557d4ca1a780,476,WasmStringNewWtf16
code-creation,Builtin,3,25606,0x557d4ca1a980,1292,WasmStringNewWtf16Array
code-creation,Builtin,3,25622,0x557d4ca1aec0,144,WasmStringFromDataSegment
code-creation,Builtin,3,25637,0x557d4ca1af80,240,WasmStringAsWtf16
code-creation,Builtin,3,25642,0x557d4ca1b080,44,WasmStringConst
code-creation,Builtin,3,25645,0x557d4ca1b0c0,96,WasmStringMeasureUtf8
code-creation,Builtin,3,25659,0x557d4ca1b140,96,WasmStringMeasureWtf8
code-creation,Builtin,3,25663,0x557d4ca1b1c0,276,WasmStringEncodeWtf8
code-creation,Builtin,3,25681,0x557d4ca1b300,324,WasmStringEncodeWtf8Array
code-creation,Builtin,3,25686,0x557d4ca1b480,48,WasmStringToUtf8Array
code-creation,Builtin,3,25706,0x557d4ca1b4c0,228,WasmStringEncodeWtf16
code-creation,Builtin,3,25724,0x557d4ca1b5c0,1228,WasmStringEncodeWtf16Array
code-creation,Builtin,3,25742,0x557d4ca1bac0,60,ThrowToLowerCaseCalledOnNull
code-creation,Builtin,3,25758,0x557d4ca1bb00,60,ThrowIndexOfCalledOnNull
code-creation,Builtin,3,25762,0x557d4ca1bb40,48,ThrowDataViewTypeError
code-creation,Builtin,3,25779,0x557d4ca1bb80,44,ThrowDataViewDetachedError
code-creation,Builtin,3,25810,0x557d4ca1bbc0,44,ThrowDataViewOutOfBounds
code-creation,Builtin,3,25815,0x557d4ca1bc00,20,WasmStringConcat
code-creation,Builtin,3,25818,0x557d4ca1bc40,44,WasmStringAdd_NoMapCheck_Shared
code-creation,Builtin,3,25833,0x557d4ca1bc80,264,WasmStringEqual
code-creation,Builtin,3,25850,0x557d4ca1bdc0,120,WasmStringIsUSVSequence
code-creation,Builtin,3,25856,0x557d4ca1be40,40,WasmStringAsWtf8
code-creation,Builtin,3,25939,0x557d4ca1be80,212,WasmStringViewWtf8Advance
code-creation,Builtin,3,25961,0x557d4ca1bf80,708,WasmStringViewWtf8Encode
code-creation,Builtin,3,25975,0x557d4ca1c280,524,WasmStringViewWtf8Slice
code-creation,Builtin,3,25979,0x557d4ca1c4c0,480,WasmStringViewWtf16GetCodeUnit
code-creation,Builtin,3,25989,0x557d4ca1c6c0,264,WasmStringViewWtf16Encode
code-creation,Builtin,3,25994,0x557d4ca1c800,6072,WasmStringViewWtf16Slice
code-creation,Builtin,3,26005,0x557d4ca1dfc0,76,WasmStringSliceShared
code-creation,Builtin,3,26010,0x557d4ca1e040,88,WasmStringAsIter
code-creation,Builtin,3,26020,0x557d4ca1e0c0,1032,WasmStringCodePointAt
code-creation,Builtin,3,26025,0x557d4ca1e500,1048,WasmStringViewIterNext
code-creation,Builtin,3,26039,0x557d4ca1e940,1084,WasmStringViewIterAdvance
code-creation,Builtin,3,26055,0x557d4ca1ed80,1144,WasmStringViewIterRewind
code-creation,Builtin,3,26059,0x557d4ca1f200,4716,WasmStringViewIterSlice
code-creation,Builtin,3,26069,0x557d4ca20480,2076,WasmIntToString
code-creation,Builtin,3,26073,0x557d4ca20cc0,504,WasmStringToDouble
code-creation,Builtin,3,26084,0x557d4ca20ec0,280,WasmStringFromCodePoint
code-creation,Builtin,3,26088,0x557d4ca21000,36,WasmStringHash
code-creation,Builtin,3,26100,0x557d4ca21040,56,WasmAnyConvertExtern
code-creation,Builtin,3,26106,0x557d4ca21080,56,WasmAnyConvertExternShared
code-creation,Builtin,3,26118,0x557d4ca210c0,456,WasmFastApiCallTypeCheckAndUpdateIC
code-creation,Builtin,3,26126,0x557d4ca212c0,3712,WasmStringIndexOf
code-creation,Builtin,3,26137,0x557d4ca22180,84,WasmLiftoffIsEqRefUnshared
code-creation,Builtin,3,26141,0x557d4ca22200,68,WasmLiftoffIsArrayRefUnshared
code-creation,Builtin,3,26151,0x557d4ca22280,68,WasmLiftoffIsStructRefUnshared
code-creation,Builtin,3,26156,0x557d4ca22300,84,WasmLiftoffCastEqRefUnshared
code-creation,Builtin,3,26170,0x557d4ca22380,60,WasmLiftoffCastArrayRefUnshared
code-creation,Builtin,3,26186,0x557d4ca223c0,60,WasmLiftoffCastStructRefUnshared
code-creation,Builtin,3,26191,0x557d4ca22400,116,WebAssemblyStringCast
code-creation,Builtin,3,26202,0x557d4ca22480,88,WebAssemblyStringTest
code-creation,Builtin,3,26207,0x557d4ca22500,364,WebAssemblyStringFromWtf16Array
code-creation,Builtin,3,26218,0x557d4ca22680,372,WebAssemblyStringFromWtf16ArrayShared
code-creation,Builtin,3,26234,0x557d4ca22800,376,WebAssemblyStringFromUtf8Array
code-creation,Builtin,3,26251,0x557d4ca22980,376,WebAssemblyStringFromUtf8ArrayShared
code-creation,Builtin,3,26263,0x557d4ca22b00,424,WebAssemblyStringIntoUtf8Array
code-creation,Builtin,3,26268,0x557d4ca22cc0,424,WebAssemblyStringIntoUtf8ArrayShared
code-creation,Builtin,3,26278,0x557d4ca22e80,136,WebAssemblyStringToUtf8Array
code-creation,Builtin,3,26283,0x557d4ca22f40,136,WebAssemblyStringToUtf8ArrayShared
code-creation,Builtin,3,26300,0x557d4ca23000,300,WebAssemblyStringToWtf16Array
code-creation,Builtin,3,26305,0x557d4ca23140,300,WebAssemblyStringToWtf16ArrayShared
code-creation,Builtin,3,26316,0x557d4ca23280,260,WebAssemblyStringFromCharCode
code-creation,Builtin,3,26320,0x557d4ca233c0,176,WebAssemblyStringFromCharCodeShared
code-creation,Builtin,3,26331,0x557d4ca23480,320,WebAssemblyStringFromCodePoint
code-creation,Builtin,3,26336,0x557d4ca23600,144,WebAssemblyStringFromCodePointShared
code-creation,Builtin,3,26346,0x557d4ca236c0,1160,WebAssemblyStringCodePointAt
code-creation,Builtin,3,26351,0x557d4ca23b80,648,WebAssemblyStringCharCodeAt
code-creation,Builtin,3,26367,0x557d4ca23e40,120,WebAssemblyStringLength
code-creation,Builtin,3,26374,0x557d4ca23ec0,132,WebAssemblyStringMeasureUtf8
code-creation,Builtin,3,26384,0x557d4ca23f80,144,WebAssemblyStringConcat
code-creation,Builtin,3,26389,0x557d4ca24040,376,WebAssemblyStringSubstring
code-creation,Builtin,3,26399,0x557d4ca241c0,264,WebAssemblyStringEquals
code-creation,Builtin,3,26404,0x557d4ca24300,144,WebAssemblyStringCompare
code-creation,Builtin,3,26418,0x557d4ca243c0,128,WebAssemblyConfigureAllPrototypes
code-creation,Builtin,3,26435,0x557d4ca24480,160,LoadJoinElement_GenericElementsAccessor_0
code-creation,Builtin,3,26451,0x557d4ca24540,120,LoadJoinTypedElement_Int32Elements_0
code-creation,Builtin,3,26456,0x557d4ca245c0,308,LoadJoinTypedElement_Float16Elements_0
code-creation,Builtin,3,26467,0x557d4ca24700,112,LoadJoinTypedElement_Float32Elements_0
code-creation,Builtin,3,26471,0x557d4ca24780,108,LoadJoinTypedElement_Float64Elements_0
code-creation,Builtin,3,26483,0x557d4ca24800,28,LoadJoinTypedElement_Uint8ClampedElements_0
code-creation,Builtin,3,26501,0x557d4ca24840,188,LoadJoinTypedElement_BigUint64Elements_0
code-creation,Builtin,3,26507,0x557d4ca24900,232,LoadJoinTypedElement_BigInt64Elements_0
code-creation,Builtin,3,26518,0x557d4ca24a00,28,LoadJoinTypedElement_Uint8Elements_0
code-creation,Builtin,3,26531,0x557d4ca24a40,28,LoadJoinTypedElement_Int8Elements_0
code-creation,Builtin,3,26536,0x557d4ca24a80,28,LoadJoinTypedElement_Uint16Elements_0
code-creation,Builtin,3,26546,0x557d4ca24ac0,28,LoadJoinTypedElement_Int16Elements_0
code-creation,Builtin,3,26552,0x557d4ca24b00,124,LoadJoinTypedElement_Uint32Elements_0
code-creation,Builtin,3,26570,0x557d4ca24b80,8,GenericBuiltinTest_Smi_0
code-creation,Builtin,3,26576,0x557d4ca24bc0,28,CanUseSameAccessor_FastDoubleElements_0
code-creation,Builtin,3,26587,0x557d4ca24c00,28,CanUseSameAccessor_FastSmiElements_0
code-creation,Builtin,3,26594,0x557d4ca24c40,28,CanUseSameAccessor_FastObjectElements_0
code-creation,Builtin,3,26606,0x557d4ca24c80,24,LoadNoHasPropertyCheck_GenericElementsAccessor_0
code-creation,Builtin,3,26611,0x557d4ca24cc0,3704,Load_GenericElementsAccessor_0
code-creation,Builtin,3,26621,0x557d4ca25b40,28,Store_GenericElementsAccessor_0
code-creation,Builtin,3,26626,0x557d4ca25b80,32,Delete_GenericElementsAccessor_0
code-creation,Builtin,3,26636,0x557d4ca25bc0,120,LoadTypedElement_Int32Elements_0
code-creation,Builtin,3,26641,0x557d4ca25c40,204,StoreTypedElementNumeric_Int32Elements_0
code-creation,Builtin,3,26659,0x557d4ca25d40,536,StoreTypedElementJSAny_Int32Elements_0
code-creation,Builtin,3,26673,0x557d4ca25f80,308,LoadTypedElement_Float16Elements_0
code-creation,Builtin,3,26686,0x557d4ca260c0,240,StoreTypedElementNumeric_Float16Elements_0
code-creation,Builtin,3,26691,0x557d4ca261c0,840,StoreTypedElementJSAny_Float16Elements_0
code-creation,Builtin,3,26694,0x557d4ca26540,112,LoadTypedElement_Float32Elements_0
code-creation,Builtin,3,26714,0x557d4ca265c0,36,StoreTypedElementNumeric_Float32Elements_0
code-creation,Builtin,3,26733,0x557d4ca26600,508,StoreTypedElementJSAny_Float32Elements_0
code-creation,Builtin,3,26747,0x557d4ca26800,108,LoadTypedElement_Float64Elements_0
code-creation,Builtin,3,26753,0x557d4ca26880,32,StoreTypedElementNumeric_Float64Elements_0
code-creation,Builtin,3,26770,0x557d4ca268c0,508,StoreTypedElementJSAny_Float64Elements_0
code-creation,Builtin,3,26804,0x557d4ca26ac0,28,LoadTypedElement_Uint8ClampedElements_0
code-creation,Builtin,3,26810,0x557d4ca26b00,28,StoreTypedElementNumeric_Uint8ClampedElements_0
code-creation,Builtin,3,26814,0x557d4ca26b40,956,StoreTypedElementJSAny_Uint8ClampedElements_0
code-creation,Builtin,3,26817,0x557d4ca26f00,188,LoadTypedElement_BigUint64Elements_0
code-creation,Builtin,3,26837,0x557d4ca26fc0,76,StoreTypedElementNumeric_BigUint64Elements_0
code-creation,Builtin,3,26858,0x557d4ca27040,528,StoreTypedElementJSAny_BigUint64Elements_0
code-creation,Builtin,3,26873,0x557d4ca27280,232,LoadTypedElement_BigInt64Elements_0
code-creation,Builtin,3,26896,0x557d4ca27380,76,StoreTypedElementNumeric_BigInt64Elements_0
code-creation,Builtin,3,26916,0x557d4ca27400,528,StoreTypedElementJSAny_BigInt64Elements_0
code-creation,Builtin,3,26923,0x557d4ca27640,28,LoadTypedElement_Uint8Elements_0
code-creation,Builtin,3,26936,0x557d4ca27680,28,StoreTypedElementNumeric_Uint8Elements_0
code-creation,Builtin,3,26941,0x557d4ca276c0,536,StoreTypedElementJSAny_Uint8Elements_0
code-creation,Builtin,3,26945,0x557d4ca27900,28,LoadTypedElement_Int8Elements_0
code-creation,Builtin,3,26956,0x557d4ca27940,28,StoreTypedElementNumeric_Int8Elements_0
code-creation,Builtin,3,26960,0x557d4ca27980,536,StoreTypedElementJSAny_Int8Elements_0
code-creation,Builtin,3,26975,0x557d4ca27bc0,28,LoadTypedElement_Uint16Elements_0
code-creation,Builtin,3,26980,0x557d4ca27c00,28,StoreTypedElementNumeric_Uint16Elements_0
code-creation,Builtin,3,26991,0x557d4ca27c40,536,StoreTypedElementJSAny_Uint16Elements_0
code-creation,Builtin,3,26996,0x557d4ca27e80,28,LoadTypedElement_Int16Elements_0
code-creation,Builtin,3,27002,0x557d4ca27ec0,28,StoreTypedElementNumeric_Int16Elements_0
code-creation,Builtin,3,27019,0x557d4ca27f00,536,StoreTypedElementJSAny_Int16Elements_0
code-creation,Builtin,3,27025,0x557d4ca28140,124,LoadTypedElement_Uint32Elements_0
code-creation,Builtin,3,27035,0x557d4ca281c0,204,StoreTypedElementNumeric_Uint32Elements_0
code-creation,Builtin,3,27055,0x557d4ca282c0,536,StoreTypedElementJSAny_Uint32Elements_0
code-creation,Builtin,3,27073,0x557d4ca28500,12,CollatorConstructor
code-creation,Builtin,3,27089,0x557d4ca28540,12,CollatorInternalCompare
code-creation,Builtin,3,27097,0x557d4ca28580,12,CollatorPrototypeCompare
code-creation,Builtin,3,27112,0x557d4ca285c0,12,CollatorSupportedLocalesOf
code-creation,Builtin,3,27131,0x557d4ca28600,12,CollatorPrototypeResolvedOptions
code-creation,Builtin,3,27148,0x557d4ca28640,12,DatePrototypeToLocaleDateString
code-creation,Builtin,3,27166,0x557d4ca28680,12,DatePrototypeToLocaleString
code-creation,Builtin,3,27186,0x557d4ca286c0,12,DatePrototypeToLocaleTimeString
code-creation,Builtin,3,27204,0x557d4ca28700,12,DateTimeFormatConstructor
code-creation,Builtin,3,27224,0x557d4ca28740,12,DateTimeFormatInternalFormat
code-creation,Builtin,3,27241,0x557d4ca28780,12,DateTimeFormatPrototypeFormat
code-creation,Builtin,3,27260,0x557d4ca287c0,12,DateTimeFormatPrototypeFormatRange
code-creation,Builtin,3,27278,0x557d4ca28800,12,DateTimeFormatPrototypeFormatRangeToParts
code-creation,Builtin,3,27296,0x557d4ca28840,12,DateTimeFormatPrototypeFormatToParts
code-creation,Builtin,3,27305,0x557d4ca28880,12,DateTimeFormatPrototypeResolvedOptions
code-creation,Builtin,3,27322,0x557d4ca288c0,12,DateTimeFormatSupportedLocalesOf
code-creation,Builtin,3,27342,0x557d4ca28900,12,DisplayNamesConstructor
code-creation,Builtin,3,27362,0x557d4ca28940,12,DisplayNamesPrototypeOf
code-creation,Builtin,3,27381,0x557d4ca28980,12,DisplayNamesPrototypeResolvedOptions
code-creation,Builtin,3,27391,0x557d4ca289c0,12,DisplayNamesSupportedLocalesOf
code-creation,Builtin,3,27405,0x557d4ca28a00,12,DurationFormatConstructor
code-creation,Builtin,3,27413,0x557d4ca28a40,12,DurationFormatPrototypeFormat
code-creation,Builtin,3,27430,0x557d4ca28a80,12,DurationFormatPrototypeFormatToParts
code-creation,Builtin,3,27453,0x557d4ca28ac0,12,DurationFormatPrototypeResolvedOptions
code-creation,Builtin,3,27472,0x557d4ca28b00,12,DurationFormatSupportedLocalesOf
code-creation,Builtin,3,27496,0x557d4ca28b40,12,IntlGetCanonicalLocales
code-creation,Builtin,3,27522,0x557d4ca28b80,12,IntlSupportedValuesOf
code-creation,Builtin,3,27546,0x557d4ca28bc0,12,ListFormatConstructor
code-creation,Builtin,3,27555,0x557d4ca28c00,212,ListFormatPrototypeFormat
code-creation,Builtin,3,27575,0x557d4ca28d00,212,ListFormatPrototypeFormatToParts
code-creation,Builtin,3,27594,0x557d4ca28e00,12,ListFormatPrototypeResolvedOptions
code-creation,Builtin,3,27615,0x557d4ca28e40,12,ListFormatSupportedLocalesOf
code-creation,Builtin,3,27623,0x557d4ca28e80,12,LocaleConstructor
code-creation,Builtin,3,27626,0x557d4ca28ec0,12,LocalePrototypeBaseName
code-creation,Builtin,3,27628,0x557d4ca28f00,12,LocalePrototypeCalendar
code-creation,Builtin,3,27649,0x557d4ca28f40,12,LocalePrototypeCaseFirst
code-creation,Builtin,3,27654,0x557d4ca28f80,12,LocalePrototypeCollation
code-creation,Builtin,3,27660,0x557d4ca28fc0,12,LocalePrototypeFirstDayOfWeek
code-creation,Builtin,3,27674,0x557d4ca29000,12,LocalePrototypeGetCalendars
code-creation,Builtin,3,27683,0x557d4ca29040,12,LocalePrototypeGetCollations
code-creation,Builtin,3,27703,0x557d4ca29080,12,LocalePrototypeGetHourCycles
code-creation,Builtin,3,27709,0x557d4ca290c0,12,LocalePrototypeGetNumberingSystems
code-creation,Builtin,3,27711,0x557d4ca29100,12,LocalePrototypeGetTimeZones
code-creation,Builtin,3,27726,0x557d4ca29140,12,LocalePrototypeGetTextInfo
code-creation,Builtin,3,27739,0x557d4ca29180,12,LocalePrototypeGetWeekInfo
code-creation,Builtin,3,27743,0x557d4ca291c0,12,LocalePrototypeHourCycle
code-creation,Builtin,3,27746,0x557d4ca29200,12,LocalePrototypeLanguage
code-creation,Builtin,3,27758,0x557d4ca29240,12,LocalePrototypeMaximize
code-creation,Builtin,3,27767,0x557d4ca29280,12,LocalePrototypeMinimize
code-creation,Builtin,3,27770,0x557d4ca292c0,12,LocalePrototypeNumeric
code-creation,Builtin,3,27782,0x557d4ca29300,12,LocalePrototypeNumberingSystem
code-creation,Builtin,3,27811,0x557d4ca29340,12,LocalePrototypeRegion
code-creation,Builtin,3,27826,0x557d4ca29380,12,LocalePrototypeScript
code-creation,Builtin,3,27831,0x557d4ca293c0,12,LocalePrototypeToString
code-creation,Builtin,3,27848,0x557d4ca29400,12,LocalePrototypeVariants
code-creation,Builtin,3,27854,0x557d4ca29440,12,NumberFormatConstructor
code-creation,Builtin,3,27856,0x557d4ca29480,12,NumberFormatInternalFormatNumber
code-creation,Builtin,3,27858,0x557d4ca294c0,12,NumberFormatPrototypeFormatNumber
code-creation,Builtin,3,27866,0x557d4ca29500,12,NumberFormatPrototypeFormatRange
code-creation,Builtin,3,27872,0x557d4ca29540,12,NumberFormatPrototypeFormatRangeToParts
code-creation,Builtin,3,27875,0x557d4ca29580,12,NumberFormatPrototypeFormatToParts
code-creation,Builtin,3,27889,0x557d4ca295c0,12,NumberFormatPrototypeResolvedOptions
code-creation,Builtin,3,27894,0x557d4ca29600,12,NumberFormatSupportedLocalesOf
code-creation,Builtin,3,27898,0x557d4ca29640,12,PluralRulesConstructor
code-creation,Builtin,3,27916,0x557d4ca29680,12,PluralRulesPrototypeResolvedOptions
code-creation,Builtin,3,27925,0x557d4ca296c0,12,PluralRulesPrototypeSelect
code-creation,Builtin,3,27941,0x557d4ca29700,12,PluralRulesPrototypeSelectRange
code-creation,Builtin,3,27946,0x557d4ca29740,12,PluralRulesSupportedLocalesOf
code-creation,Builtin,3,27963,0x557d4ca29780,12,RelativeTimeFormatConstructor
code-creation,Builtin,3,27968,0x557d4ca297c0,12,RelativeTimeFormatPrototypeFormat
code-creation,Builtin,3,27971,0x557d4ca29800,12,RelativeTimeFormatPrototypeFormatToParts
code-creation,Builtin,3,27988,0x557d4ca29840,12,RelativeTimeFormatPrototypeResolvedOptions
code-creation,Builtin,3,27994,0x557d4ca29880,12,RelativeTimeFormatSupportedLocalesOf
code-creation,Builtin,3,28008,0x557d4ca298c0,12,SegmenterConstructor
code-creation,Builtin,3,28012,0x557d4ca29900,12,SegmenterPrototypeResolvedOptions
code-creation,Builtin,3,28023,0x557d4ca29940,12,SegmenterPrototypeSegment
code-creation,Builtin,3,28028,0x557d4ca29980,12,SegmenterSupportedLocalesOf
code-creation,Builtin,3,28038,0x557d4ca299c0,12,SegmentIteratorPrototypeNext
code-creation,Builtin,3,28043,0x557d4ca29a00,12,SegmentsPrototypeContaining
code-creation,Builtin,3,28058,0x557d4ca29a40,12,SegmentsPrototypeIterator
code-creation,Builtin,3,28075,0x557d4ca29a80,12,StringPrototypeLocaleCompareIntl
code-creation,Builtin,3,28080,0x557d4ca29ac0,12,StringPrototypeNormalizeIntl
code-creation,Builtin,3,28090,0x557d4ca29b00,1956,StringPrototypeToLocaleLowerCase
code-creation,Builtin,3,28095,0x557d4ca2a2c0,12,StringPrototypeToLocaleUpperCase
code-creation,Builtin,3,28105,0x557d4ca2a300,196,StringPrototypeToLowerCaseIntl
code-creation,Builtin,3,28129,0x557d4ca2a400,12,StringPrototypeToUpperCaseIntl
code-creation,Builtin,3,28135,0x557d4ca2a440,872,StringToLowerCaseIntl
code-creation,Builtin,3,28147,0x557d4ca2a7c0,872,WasmStringToLowerCaseIntl
code-creation,Builtin,3,28151,0x557d4ca2ab40,12,V8BreakIteratorConstructor
code-creation,Builtin,3,28166,0x557d4ca2ab80,12,V8BreakIteratorInternalAdoptText
code-creation,Builtin,3,28182,0x557d4ca2abc0,12,V8BreakIteratorInternalBreakType
code-creation,Builtin,3,28202,0x557d4ca2ac00,12,V8BreakIteratorInternalCurrent
code-creation,Builtin,3,28207,0x557d4ca2ac40,12,V8BreakIteratorInternalFirst
code-creation,Builtin,3,28217,0x557d4ca2ac80,12,V8BreakIteratorInternalNext
code-creation,Builtin,3,28231,0x557d4ca2acc0,12,V8BreakIteratorPrototypeAdoptText
code-creation,Builtin,3,28243,0x557d4ca2ad00,12,V8BreakIteratorPrototypeBreakType
code-creation,Builtin,3,28265,0x557d4ca2ad40,12,V8BreakIteratorPrototypeCurrent
code-creation,Builtin,3,28271,0x557d4ca2ad80,12,V8BreakIteratorPrototypeFirst
code-creation,Builtin,3,28286,0x557d4ca2adc0,12,V8BreakIteratorPrototypeNext
code-creation,Builtin,3,28300,0x557d4ca2ae00,12,V8BreakIteratorPrototypeResolvedOptions
code-creation,Builtin,3,28304,0x557d4ca2ae40,12,V8BreakIteratorSupportedLocalesOf
code-creation,Builtin,3,28315,0x557d4ca2ae80,12,TemporalNowInstant
code-creation,Builtin,3,28319,0x557d4ca2aec0,12,TemporalNowTimeZoneId
code-creation,Builtin,3,28329,0x557d4ca2af00,12,TemporalNowPlainDateTimeISO
code-creation,Builtin,3,28334,0x557d4ca2af40,12,TemporalNowZonedDateTimeISO
code-creation,Builtin,3,28350,0x557d4ca2af80,12,TemporalNowPlainDateISO
code-creation,Builtin,3,28355,0x557d4ca2afc0,12,TemporalNowPlainTimeISO
code-creation,Builtin,3,28370,0x557d4ca2b000,12,TemporalPlainDateConstructor
code-creation,Builtin,3,28387,0x557d4ca2b040,12,TemporalPlainDateFrom
code-creation,Builtin,3,28392,0x557d4ca2b080,12,TemporalPlainDateCompare
code-creation,Builtin,3,28402,0x557d4ca2b0c0,12,TemporalPlainDatePrototypeCalendarId
code-creation,Builtin,3,28406,0x557d4ca2b100,12,TemporalPlainDatePrototypeEra
code-creation,Builtin,3,28417,0x557d4ca2b140,12,TemporalPlainDatePrototypeEraYear
code-creation,Builtin,3,28422,0x557d4ca2b180,12,TemporalPlainDatePrototypeYear
code-creation,Builtin,3,28436,0x557d4ca2b1c0,12,TemporalPlainDatePrototypeMonth
code-creation,Builtin,3,28457,0x557d4ca2b200,12,TemporalPlainDatePrototypeMonthCode
code-creation,Builtin,3,28473,0x557d4ca2b240,12,TemporalPlainDatePrototypeDay
code-creation,Builtin,3,28492,0x557d4ca2b280,12,TemporalPlainDatePrototypeDayOfWeek
code-creation,Builtin,3,28510,0x557d4ca2b2c0,12,TemporalPlainDatePrototypeDayOfYear
code-creation,Builtin,3,28526,0x557d4ca2b300,12,TemporalPlainDatePrototypeWeekOfYear
code-creation,Builtin,3,28544,0x557d4ca2b340,12,TemporalPlainDatePrototypeYearOfWeek
code-creation,Builtin,3,28550,0x557d4ca2b380,12,TemporalPlainDatePrototypeDaysInWeek
code-creation,Builtin,3,28564,0x557d4ca2b3c0,12,TemporalPlainDatePrototypeDaysInMonth
code-creation,Builtin,3,28583,0x557d4ca2b400,12,TemporalPlainDatePrototypeDaysInYear
code-creation,Builtin,3,28603,0x557d4ca2b440,12,TemporalPlainDatePrototypeMonthsInYear
code-creation,Builtin,3,28620,0x557d4ca2b480,12,TemporalPlainDatePrototypeInLeapYear
code-creation,Builtin,3,28636,0x557d4ca2b4c0,12,TemporalPlainDatePrototypeToPlainYearMonth
code-creation,Builtin,3,28646,0x557d4ca2b500,12,TemporalPlainDatePrototypeToPlainMonthDay
code-creation,Builtin,3,28661,0x557d4ca2b540,12,TemporalPlainDatePrototypeAdd
code-creation,Builtin,3,28666,0x557d4ca2b580,12,TemporalPlainDatePrototypeSubtract
code-creation,Builtin,3,28684,0x557d4ca2b5c0,12,TemporalPlainDatePrototypeWith
code-creation,Builtin,3,28689,0x557d4ca2b600,12,TemporalPlainDatePrototypeWithCalendar
code-creation,Builtin,3,28712,0x557d4ca2b640,12,TemporalPlainDatePrototypeUntil
code-creation,Builtin,3,28731,0x557d4ca2b680,12,TemporalPlainDatePrototypeSince
code-creation,Builtin,3,28749,0x557d4ca2b6c0,12,TemporalPlainDatePrototypeEquals
code-creation,Builtin,3,28765,0x557d4ca2b700,12,TemporalPlainDatePrototypeToPlainDateTime
code-creation,Builtin,3,28782,0x557d4ca2b740,12,TemporalPlainDatePrototypeToZonedDateTime
code-creation,Builtin,3,28807,0x557d4ca2b780,12,TemporalPlainDatePrototypeToString
code-creation,Builtin,3,28820,0x557d4ca2b7c0,12,TemporalPlainDatePrototypeToLocaleString
code-creation,Builtin,3,28825,0x557d4ca2b800,12,TemporalPlainDatePrototypeToJSON
code-creation,Builtin,3,28835,0x557d4ca2b840,12,TemporalPlainDatePrototypeValueOf
code-creation,Builtin,3,28840,0x557d4ca2b880,12,TemporalPlainTimeConstructor
code-creation,Builtin,3,28851,0x557d4ca2b8c0,12,TemporalPlainTimeFrom
code-creation,Builtin,3,28855,0x557d4ca2b900,12,TemporalPlainTimeCompare
code-creation,Builtin,3,28857,0x557d4ca2b940,12,TemporalPlainTimePrototypeHour
code-creation,Builtin,3,28874,0x557d4ca2b980,12,TemporalPlainTimePrototypeMinute
code-creation,Builtin,3,28890,0x557d4ca2b9c0,12,TemporalPlainTimePrototypeSecond
code-creation,Builtin,3,28912,0x557d4ca2ba00,12,TemporalPlainTimePrototypeMillisecond
code-creation,Builtin,3,28928,0x557d4ca2ba40,12,TemporalPlainTimePrototypeMicrosecond
code-creation,Builtin,3,28944,0x557d4ca2ba80,12,TemporalPlainTimePrototypeNanosecond
code-creation,Builtin,3,28948,0x557d4ca2bac0,12,TemporalPlainTimePrototypeAdd
code-creation,Builtin,3,28951,0x557d4ca2bb00,12,TemporalPlainTimePrototypeSubtract
code-creation,Builtin,3,28953,0x557d4ca2bb40,12,TemporalPlainTimePrototypeWith
code-creation,Builtin,3,28967,0x557d4ca2bb80,12,TemporalPlainTimePrototypeUntil
code-creation,Builtin,3,28983,0x557d4ca2bbc0,12,TemporalPlainTimePrototypeSince
code-creation,Builtin,3,28987,0x557d4ca2bc00,12,TemporalPlainTimePrototypeRound
code-creation,Builtin,3,29003,0x557d4ca2bc40,12,TemporalPlainTimePrototypeEquals
code-creation,Builtin,3,29021,0x557d4ca2bc80,12,TemporalPlainTimePrototypeToString
code-creation,Builtin,3,29026,0x557d4ca2bcc0,12,TemporalPlainTimePrototypeToLocaleString
code-creation,Builtin,3,29029,0x557d4ca2bd00,12,TemporalPlainTimePrototypeToJSON
code-creation,Builtin,3,29042,0x557d4ca2bd40,12,TemporalPlainTimePrototypeValueOf
code-creation,Builtin,3,29047,0x557d4ca2bd80,12,TemporalPlainDateTimeConstructor
code-creation,Builtin,3,29061,0x557d4ca2bdc0,12,TemporalPlainDateTimeFrom
code-creation,Builtin,3,29069,0x557d4ca2be00,12,TemporalPlainDateTimeCompare
code-creation,Builtin,3,29080,0x557d4ca2be40,12,TemporalPlainDateTimePrototypeCalendarId
code-creation,Builtin,3,29090,0x557d4ca2be80,12,TemporalPlainDateTimePrototypeEra
code-creation,Builtin,3,29106,0x557d4ca2bec0,12,TemporalPlainDateTimePrototypeEraYear
code-creation,Builtin,3,29125,0x557d4ca2bf00,12,TemporalPlainDateTimePrototypeYear
code-creation,Builtin,3,29144,0x557d4ca2bf40,12,TemporalPlainDateTimePrototypeMonth
code-creation,Builtin,3,29159,0x557d4ca2bf80,12,TemporalPlainDateTimePrototypeMonthCode
code-creation,Builtin,3,29165,0x557d4ca2bfc0,12,TemporalPlainDateTimePrototypeDay
code-creation,Builtin,3,29179,0x557d4ca2c000,12,TemporalPlainDateTimePrototypeHour
code-creation,Builtin,3,29200,0x557d4ca2c040,12,TemporalPlainDateTimePrototypeMinute
code-creation,Builtin,3,29217,0x557d4ca2c080,12,TemporalPlainDateTimePrototypeSecond
code-creation,Builtin,3,29237,0x557d4ca2c0c0,12,TemporalPlainDateTimePrototypeMillisecond
code-creation,Builtin,3,29254,0x557d4ca2c100,12,TemporalPlainDateTimePrototypeMicrosecond
code-creation,Builtin,3,29274,0x557d4ca2c140,12,TemporalPlainDateTimePrototypeNanosecond
code-creation,Builtin,3,29293,0x557d4ca2c180,12,TemporalPlainDateTimePrototypeDayOfWeek
code-creation,Builtin,3,29307,0x557d4ca2c1c0,12,TemporalPlainDateTimePrototypeDayOfYear
code-creation,Builtin,3,29311,0x557d4ca2c200,12,TemporalPlainDateTimePrototypeWeekOfYear
code-creation,Builtin,3,29322,0x557d4ca2c240,12,TemporalPlainDateTimePrototypeYearOfWeek
code-creation,Builtin,3,29326,0x557d4ca2c280,12,TemporalPlainDateTimePrototypeDaysInWeek
code-creation,Builtin,3,29337,0x557d4ca2c2c0,12,TemporalPlainDateTimePrototypeDaysInMonth
code-creation,Builtin,3,29342,0x557d4ca2c300,12,TemporalPlainDateTimePrototypeDaysInYear
code-creation,Builtin,3,29352,0x557d4ca2c340,12,TemporalPlainDateTimePrototypeMonthsInYear
code-creation,Builtin,3,29373,0x557d4ca2c380,12,TemporalPlainDateTimePrototypeInLeapYear
code-creation,Builtin,3,29388,0x557d4ca2c3c0,12,TemporalPlainDateTimePrototypeWith
code-creation,Builtin,3,29394,0x557d4ca2c400,12,TemporalPlainDateTimePrototypeWithPlainTime
code-creation,Builtin,3,29407,0x557d4ca2c440,12,TemporalPlainDateTimePrototypeWithCalendar
code-creation,Builtin,3,29417,0x557d4ca2c480,12,TemporalPlainDateTimePrototypeAdd
code-creation,Builtin,3,29433,0x557d4ca2c4c0,12,TemporalPlainDateTimePrototypeSubtract
code-creation,Builtin,3,29443,0x557d4ca2c500,12,TemporalPlainDateTimePrototypeUntil
code-creation,Builtin,3,29459,0x557d4ca2c540,12,TemporalPlainDateTimePrototypeSince
code-creation,Builtin,3,29465,0x557d4ca2c580,12,TemporalPlainDateTimePrototypeRound
code-creation,Builtin,3,29480,0x557d4ca2c5c0,12,TemporalPlainDateTimePrototypeEquals
code-creation,Builtin,3,29501,0x557d4ca2c600,12,TemporalPlainDateTimePrototypeToString
code-creation,Builtin,3,29520,0x557d4ca2c640,12,TemporalPlainDateTimePrototypeToJSON
code-creation,Builtin,3,29538,0x557d4ca2c680,12,TemporalPlainDateTimePrototypeToLocaleString
code-creation,Builtin,3,29557,0x557d4ca2c6c0,12,TemporalPlainDateTimePrototypeValueOf
code-creation,Builtin,3,29564,0x557d4ca2c700,12,TemporalPlainDateTimePrototypeToZonedDateTime
code-creation,Builtin,3,29578,0x557d4ca2c740,12,TemporalPlainDateTimePrototypeToPlainDate
code-creation,Builtin,3,29596,0x557d4ca2c780,12,TemporalPlainDateTimePrototypeToPlainTime
code-creation,Builtin,3,29614,0x557d4ca2c7c0,12,TemporalZonedDateTimeConstructor
code-creation,Builtin,3,29630,0x557d4ca2c800,12,TemporalZonedDateTimeFrom
code-creation,Builtin,3,29636,0x557d4ca2c840,12,TemporalZonedDateTimeCompare
code-creation,Builtin,3,29650,0x557d4ca2c880,12,TemporalZonedDateTimePrototypeTimeZoneId
code-creation,Builtin,3,29666,0x557d4ca2c8c0,12,TemporalZonedDateTimePrototypeCalendarId
code-creation,Builtin,3,29671,0x557d4ca2c900,12,TemporalZonedDateTimePrototypeEra
code-creation,Builtin,3,29688,0x557d4ca2c940,12,TemporalZonedDateTimePrototypeEraYear
code-creation,Builtin,3,29693,0x557d4ca2c980,12,TemporalZonedDateTimePrototypeYear
code-creation,Builtin,3,29716,0x557d4ca2c9c0,12,TemporalZonedDateTimePrototypeMonth
code-creation,Builtin,3,29732,0x557d4ca2ca00,12,TemporalZonedDateTimePrototypeMonthCode
code-creation,Builtin,3,29748,0x557d4ca2ca40,12,TemporalZonedDateTimePrototypeDay
code-creation,Builtin,3,29753,0x557d4ca2ca80,12,TemporalZonedDateTimePrototypeHour
code-creation,Builtin,3,29769,0x557d4ca2cac0,12,TemporalZonedDateTimePrototypeMinute
code-creation,Builtin,3,29775,0x557d4ca2cb00,12,TemporalZonedDateTimePrototypeSecond
code-creation,Builtin,3,29808,0x557d4ca2cb40,12,TemporalZonedDateTimePrototypeMillisecond
code-creation,Builtin,3,29823,0x557d4ca2cb80,12,TemporalZonedDateTimePrototypeMicrosecond
code-creation,Builtin,3,29830,0x557d4ca2cbc0,12,TemporalZonedDateTimePrototypeNanosecond
code-creation,Builtin,3,29842,0x557d4ca2cc00,12,TemporalZonedDateTimePrototypeEpochMilliseconds
code-creation,Builtin,3,29847,0x557d4ca2cc40,12,TemporalZonedDateTimePrototypeEpochNanoseconds
code-creation,Builtin,3,29854,0x557d4ca2cc80,12,TemporalZonedDateTimePrototypeDayOfWeek
code-creation,Builtin,3,29859,0x557d4ca2ccc0,12,TemporalZonedDateTimePrototypeDayOfYear
code-creation,Builtin,3,29862,0x557d4ca2cd00,12,TemporalZonedDateTimePrototypeWeekOfYear
code-creation,Builtin,3,29903,0x557d4ca2cd40,12,TemporalZonedDateTimePrototypeYearOfWeek
code-creation,Builtin,3,29909,0x557d4ca2cd80,12,TemporalZonedDateTimePrototypeHoursInDay
code-creation,Builtin,3,29912,0x557d4ca2cdc0,12,TemporalZonedDateTimePrototypeDaysInWeek
code-creation,Builtin,3,29921,0x557d4ca2ce00,12,TemporalZonedDateTimePrototypeDaysInMonth
code-creation,Builtin,3,29931,0x557d4ca2ce40,12,TemporalZonedDateTimePrototypeDaysInYear
code-creation,Builtin,3,29935,0x557d4ca2ce80,12,TemporalZonedDateTimePrototypeMonthsInYear
code-creation,Builtin,3,29952,0x557d4ca2cec0,12,TemporalZonedDateTimePrototypeInLeapYear
code-creation,Builtin,3,29968,0x557d4ca2cf00,12,TemporalZonedDateTimePrototypeOffsetNanoseconds
code-creation,Builtin,3,29985,0x557d4ca2cf40,12,TemporalZonedDateTimePrototypeOffset
code-creation,Builtin,3,29993,0x557d4ca2cf80,12,TemporalZonedDateTimePrototypeWith
code-creation,Builtin,3,30009,0x557d4ca2cfc0,12,TemporalZonedDateTimePrototypeWithPlainTime
code-creation,Builtin,3,30014,0x557d4ca2d000,12,TemporalZonedDateTimePrototypeWithTimeZone
code-creation,Builtin,3,30030,0x557d4ca2d040,12,TemporalZonedDateTimePrototypeWithCalendar
code-creation,Builtin,3,30047,0x557d4ca2d080,12,TemporalZonedDateTimePrototypeAdd
code-creation,Builtin,3,30055,0x557d4ca2d0c0,12,TemporalZonedDateTimePrototypeSubtract
code-creation,Builtin,3,30074,0x557d4ca2d100,12,TemporalZonedDateTimePrototypeUntil
code-creation,Builtin,3,30094,0x557d4ca2d140,12,TemporalZonedDateTimePrototypeSince
code-creation,Builtin,3,30115,0x557d4ca2d180,12,TemporalZonedDateTimePrototypeRound
code-creation,Builtin,3,30143,0x557d4ca2d1c0,12,TemporalZonedDateTimePrototypeEquals
code-creation,Builtin,3,30160,0x557d4ca2d200,12,TemporalZonedDateTimePrototypeToString
code-creation,Builtin,3,30172,0x557d4ca2d240,12,TemporalZonedDateTimePrototypeToJSON
code-creation,Builtin,3,30176,0x557d4ca2d280,12,TemporalZonedDateTimePrototypeToLocaleString
code-creation,Builtin,3,30187,0x557d4ca2d2c0,12,TemporalZonedDateTimePrototypeValueOf
code-creation,Builtin,3,30196,0x557d4ca2d300,12,TemporalZonedDateTimePrototypeStartOfDay
code-creation,Builtin,3,30213,0x557d4ca2d340,12,TemporalZonedDateTimePrototypeGetTimeZoneTransition
code-creation,Builtin,3,30218,0x557d4ca2d380,12,TemporalZonedDateTimePrototypeToInstant
code-creation,Builtin,3,30234,0x557d4ca2d3c0,12,TemporalZonedDateTimePrototypeToPlainDate
code-creation,Builtin,3,30248,0x557d4ca2d400,12,TemporalZonedDateTimePrototypeToPlainTime
code-creation,Builtin,3,30253,0x557d4ca2d440,12,TemporalZonedDateTimePrototypeToPlainDateTime
code-creation,Builtin,3,30272,0x557d4ca2d480,12,TemporalDurationConstructor
code-creation,Builtin,3,30276,0x557d4ca2d4c0,12,TemporalDurationFrom
code-creation,Builtin,3,30294,0x557d4ca2d500,12,TemporalDurationCompare
code-creation,Builtin,3,30298,0x557d4ca2d540,12,TemporalDurationPrototypeYears
code-creation,Builtin,3,30316,0x557d4ca2d580,12,TemporalDurationPrototypeMonths
code-creation,Builtin,3,30322,0x557d4ca2d5c0,12,TemporalDurationPrototypeWeeks
code-creation,Builtin,3,30332,0x557d4ca2d600,12,TemporalDurationPrototypeDays
code-creation,Builtin,3,30337,0x557d4ca2d640,12,TemporalDurationPrototypeHours
code-creation,Builtin,3,30351,0x557d4ca2d680,12,TemporalDurationPrototypeMinutes
code-creation,Builtin,3,30368,0x557d4ca2d6c0,12,TemporalDurationPrototypeSeconds
code-creation,Builtin,3,30372,0x557d4ca2d700,12,TemporalDurationPrototypeMilliseconds
code-creation,Builtin,3,30390,0x557d4ca2d740,12,TemporalDurationPrototypeMicroseconds
code-creation,Builtin,3,30395,0x557d4ca2d780,12,TemporalDurationPrototypeNanoseconds
code-creation,Builtin,3,30414,0x557d4ca2d7c0,12,TemporalDurationPrototypeSign
code-creation,Builtin,3,30434,0x557d4ca2d800,12,TemporalDurationPrototypeBlank
code-creation,Builtin,3,30451,0x557d4ca2d840,12,TemporalDurationPrototypeWith
code-creation,Builtin,3,30459,0x557d4ca2d880,12,TemporalDurationPrototypeNegated
code-creation,Builtin,3,30472,0x557d4ca2d8c0,12,TemporalDurationPrototypeAbs
code-creation,Builtin,3,30479,0x557d4ca2d900,12,TemporalDurationPrototypeAdd
code-creation,Builtin,3,30496,0x557d4ca2d940,12,TemporalDurationPrototypeSubtract
code-creation,Builtin,3,30501,0x557d4ca2d980,12,TemporalDurationPrototypeRound
code-creation,Builtin,3,30518,0x557d4ca2d9c0,12,TemporalDurationPrototypeTotal
code-creation,Builtin,3,30524,0x557d4ca2da00,12,TemporalDurationPrototypeToString
code-creation,Builtin,3,30543,0x557d4ca2da40,12,TemporalDurationPrototypeToJSON
code-creation,Builtin,3,30561,0x557d4ca2da80,12,TemporalDurationPrototypeToLocaleString
code-creation,Builtin,3,30567,0x557d4ca2dac0,12,TemporalDurationPrototypeValueOf
code-creation,Builtin,3,30583,0x557d4ca2db00,12,TemporalInstantConstructor
code-creation,Builtin,3,30589,0x557d4ca2db40,12,TemporalInstantFrom
code-creation,Builtin,3,30609,0x557d4ca2db80,12,TemporalInstantFromEpochMilliseconds
code-creation,Builtin,3,30628,0x557d4ca2dbc0,12,TemporalInstantFromEpochNanoseconds
code-creation,Builtin,3,30633,0x557d4ca2dc00,12,TemporalInstantCompare
code-creation,Builtin,3,30637,0x557d4ca2dc40,12,TemporalInstantPrototypeEpochMilliseconds
code-creation,Builtin,3,30656,0x557d4ca2dc80,12,TemporalInstantPrototypeEpochNanoseconds
code-creation,Builtin,3,30674,0x557d4ca2dcc0,12,TemporalInstantPrototypeAdd
code-creation,Builtin,3,30693,0x557d4ca2dd00,12,TemporalInstantPrototypeSubtract
code-creation,Builtin,3,30705,0x557d4ca2dd40,12,TemporalInstantPrototypeUntil
code-creation,Builtin,3,30717,0x557d4ca2dd80,12,TemporalInstantPrototypeSince
code-creation,Builtin,3,30722,0x557d4ca2ddc0,12,TemporalInstantPrototypeRound
code-creation,Builtin,3,30740,0x557d4ca2de00,12,TemporalInstantPrototypeEquals
code-creation,Builtin,3,30761,0x557d4ca2de40,12,TemporalInstantPrototypeToString
code-creation,Builtin,3,30767,0x557d4ca2de80,12,TemporalInstantPrototypeToJSON
code-creation,Builtin,3,30801,0x557d4ca2dec0,12,TemporalInstantPrototypeToLocaleString
code-creation,Builtin,3,30822,0x557d4ca2df00,12,TemporalInstantPrototypeValueOf
code-creation,Builtin,3,30826,0x557d4ca2df40,12,TemporalInstantPrototypeToZonedDateTimeISO
code-creation,Builtin,3,30842,0x557d4ca2df80,12,TemporalPlainYearMonthConstructor
code-creation,Builtin,3,30861,0x557d4ca2dfc0,12,TemporalPlainYearMonthFrom
code-creation,Builtin,3,30867,0x557d4ca2e000,12,TemporalPlainYearMonthCompare
code-creation,Builtin,3,30883,0x557d4ca2e040,12,TemporalPlainYearMonthPrototypeCalendarId
code-creation,Builtin,3,30902,0x557d4ca2e080,12,TemporalPlainYearMonthPrototypeEra
code-creation,Builtin,3,30916,0x557d4ca2e0c0,12,TemporalPlainYearMonthPrototypeEraYear
code-creation,Builtin,3,30920,0x557d4ca2e100,12,TemporalPlainYearMonthPrototypeYear
code-creation,Builtin,3,30935,0x557d4ca2e140,12,TemporalPlainYearMonthPrototypeMonth
code-creation,Builtin,3,30953,0x557d4ca2e180,12,TemporalPlainYearMonthPrototypeMonthCode
code-creation,Builtin,3,30959,0x557d4ca2e1c0,12,TemporalPlainYearMonthPrototypeDaysInYear
code-creation,Builtin,3,30961,0x557d4ca2e200,12,TemporalPlainYearMonthPrototypeDaysInMonth
code-creation,Builtin,3,30976,0x557d4ca2e240,12,TemporalPlainYearMonthPrototypeMonthsInYear
code-creation,Builtin,3,30981,0x557d4ca2e280,12,TemporalPlainYearMonthPrototypeInLeapYear
code-creation,Builtin,3,30999,0x557d4ca2e2c0,12,TemporalPlainYearMonthPrototypeWith
code-creation,Builtin,3,31018,0x557d4ca2e300,12,TemporalPlainYearMonthPrototypeAdd
code-creation,Builtin,3,31026,0x557d4ca2e340,12,TemporalPlainYearMonthPrototypeSubtract
code-creation,Builtin,3,31038,0x557d4ca2e380,12,TemporalPlainYearMonthPrototypeUntil
code-creation,Builtin,3,31042,0x557d4ca2e3c0,12,TemporalPlainYearMonthPrototypeSince
code-creation,Builtin,3,31061,0x557d4ca2e400,12,TemporalPlainYearMonthPrototypeEquals
code-creation,Builtin,3,31067,0x557d4ca2e440,12,TemporalPlainYearMonthPrototypeToString
code-creation,Builtin,3,31082,0x557d4ca2e480,12,TemporalPlainYearMonthPrototypeToJSON
code-creation,Builtin,3,31099,0x557d4ca2e4c0,12,TemporalPlainYearMonthPrototypeToLocaleString
code-creation,Builtin,3,31119,0x557d4ca2e500,12,TemporalPlainYearMonthPrototypeValueOf
code-creation,Builtin,3,31135,0x557d4ca2e540,12,TemporalPlainYearMonthPrototypeToPlainDate
code-creation,Builtin,3,31152,0x557d4ca2e580,12,TemporalPlainMonthDayConstructor
code-creation,Builtin,3,31170,0x557d4ca2e5c0,12,TemporalPlainMonthDayFrom
code-creation,Builtin,3,31188,0x557d4ca2e600,12,TemporalPlainMonthDayPrototypeCalendarId
code-creation,Builtin,3,31210,0x557d4ca2e640,12,TemporalPlainMonthDayPrototypeMonthCode
code-creation,Builtin,3,31223,0x557d4ca2e680,12,TemporalPlainMonthDayPrototypeDay
code-creation,Builtin,3,31228,0x557d4ca2e6c0,12,TemporalPlainMonthDayPrototypeWith
code-creation,Builtin,3,31242,0x557d4ca2e700,12,TemporalPlainMonthDayPrototypeEquals
code-creation,Builtin,3,31263,0x557d4ca2e740,12,TemporalPlainMonthDayPrototypeToString
code-creation,Builtin,3,31283,0x557d4ca2e780,12,TemporalPlainMonthDayPrototypeToJSON
code-creation,Builtin,3,31300,0x557d4ca2e7c0,12,TemporalPlainMonthDayPrototypeToLocaleString
code-creation,Builtin,3,31320,0x557d4ca2e800,12,TemporalPlainMonthDayPrototypeValueOf
code-creation,Builtin,3,31338,0x557d4ca2e840,12,TemporalPlainMonthDayPrototypeToPlainDate
code-creation,Builtin,3,31355,0x557d4ca2e880,12,DatePrototypeToTemporalInstant
code-creation,BytecodeHandler,0,31385,0x557d4ca2e8c0,24,Wide
code-creation,BytecodeHandler,0,31401,0x557d4ca2e900,24,ExtraWide
code-creation,BytecodeHandler,0,31406,0x557d4ca2e940,96,DebugBreakWide
code-creation,BytecodeHandler,0,31420,0x557d4ca2e9c0,96,DebugBreakExtraWide
code-creation,BytecodeHandler,0,31429,0x557d4ca2ea40,152,DebugBreak0
code-creation,BytecodeHandler,0,31448,0x557d4ca2eb00,96,DebugBreak1
code-creation,BytecodeHandler,0,31457,0x557d4ca2eb80,96,DebugBreak2
code-creation,BytecodeHandler,0,31475,0x557d4ca2ec00,96,DebugBreak3
code-creation,BytecodeHandler,0,31483,0x557d4ca2ec80,96,DebugBreak4
code-creation,BytecodeHandler,0,31495,0x557d4ca2ed00,96,DebugBreak5
code-creation,BytecodeHandler,0,31498,0x557d4ca2ed80,96,DebugBreak6
code-creation,BytecodeHandler,0,31501,0x557d4ca2ee00,36,Ldar
code-creation,BytecodeHandler,0,31518,0x557d4ca2ee40,64,LdaZero
code-creation,BytecodeHandler,0,31523,0x557d4ca2eec0,68,LdaSmi
code-creation,BytecodeHandler,0,31538,0x557d4ca2ef40,64,LdaUndefined
code-creation,BytecodeHandler,0,31546,0x557d4ca2efc0,64,LdaNull
code-creation,BytecodeHandler,0,31561,0x557d4ca2f040,72,LdaTheHole
code-creation,BytecodeHandler,0,31569,0x557d4ca2f0c0,72,LdaTdzHole
code-creation,BytecodeHandler,0,31572,0x557d4ca2f140,24,LdaTrue
code-creation,BytecodeHandler,0,31575,0x557d4ca2f180,24,LdaFalse
code-creation,BytecodeHandler,0,31592,0x557d4ca2f1c0,80,LdaConstant
code-creation,BytecodeHandler,0,31597,0x557d4ca2f240,160,LdaContextSlotNoCell
code-creation,BytecodeHandler,0,31614,0x557d4ca2f300,428,LdaContextSlot
code-creation,BytecodeHandler,0,31620,0x557d4ca2f4c0,160,LdaImmutableContextSlot
code-creation,BytecodeHandler,0,31623,0x557d4ca2f580,88,LdaCurrentContextSlotNoCell
code-creation,BytecodeHandler,0,31638,0x557d4ca2f600,356,LdaCurrentContextSlot
code-creation,BytecodeHandler,0,31647,0x557d4ca2f780,88,LdaImmutableCurrentContextSlot
code-creation,BytecodeHandler,0,31661,0x557d4ca2f800,36,Star
code-creation,BytecodeHandler,0,31669,0x557d4ca2f840,44,Mov
code-creation,BytecodeHandler,0,31684,0x557d4ca2f880,44,PushContext
code-creation,BytecodeHandler,0,31692,0x557d4ca2f8c0,40,PopContext
code-creation,BytecodeHandler,0,31712,0x557d4ca2f900,48,TestReferenceEqual
code-creation,BytecodeHandler,0,31717,0x557d4ca2f940,56,TestUndetectable
code-creation,BytecodeHandler,0,31719,0x557d4ca2f980,40,TestNull
code-creation,BytecodeHandler,0,31720,0x557d4ca2f9c0,40,TestUndefined
code-creation,BytecodeHandler,0,31722,0x557d4ca2fa00,312,TestTypeOf
code-creation,BytecodeHandler,0,31732,0x557d4ca2fb40,5012,LdaGlobal
code-creation,BytecodeHandler,0,31736,0x557d4ca30f00,3884,LdaGlobalInsideTypeof
code-creation,BytecodeHandler,0,31739,0x557d4ca31e40,132,StaGlobal
code-creation,BytecodeHandler,0,31754,0x557d4ca31f00,180,StaContextSlotNoCell
code-creation,BytecodeHandler,0,31759,0x557d4ca31fc0,112,StaCurrentContextSlotNoCell
code-creation,BytecodeHandler,0,31778,0x557d4ca32040,2588,StaContextSlot
code-creation,BytecodeHandler,0,31783,0x557d4ca32a80,2652,StaCurrentContextSlot
code-creation,BytecodeHandler,0,31826,0x557d4ca33500,124,LdaLookupSlot
code-creation,BytecodeHandler,0,31832,0x557d4ca33580,284,LdaLookupContextSlotNoCell
code-creation,BytecodeHandler,0,31835,0x557d4ca336c0,592,LdaLookupContextSlot
code-creation,BytecodeHandler,0,31854,0x557d4ca33940,4256,LdaLookupGlobalSlot
code-creation,BytecodeHandler,0,31860,0x557d4ca34a00,124,LdaLookupSlotInsideTypeof
code-creation,BytecodeHandler,0,31867,0x557d4ca34a80,284,LdaLookupContextSlotNoCellInsideTypeof
code-creation,BytecodeHandler,0,31871,0x557d4ca34bc0,592,LdaLookupContextSlotInsideTypeof
code-creation,BytecodeHandler,0,31874,0x557d4ca34e40,4124,LdaLookupGlobalSlotInsideTypeof
code-creation,BytecodeHandler,0,31882,0x557d4ca35e80,208,StaLookupSlot
code-creation,BytecodeHandler,0,31894,0x557d4ca35f80,4216,GetNamedProperty
code-creation,BytecodeHandler,0,31900,0x557d4ca37000,156,GetNamedPropertyFromSuper
code-creation,BytecodeHandler,0,31918,0x557d4ca370c0,152,GetKeyedProperty
code-creation,BytecodeHandler,0,31930,0x557d4ca37180,140,GetEnumeratedKeyedProperty
code-creation,BytecodeHandler,0,31942,0x557d4ca37240,212,GetPrivateField
code-creation,BytecodeHandler,0,31951,0x557d4ca37340,200,LdaModuleVariable
code-creation,BytecodeHandler,0,31970,0x557d4ca37440,312,StaModuleVariable
code-creation,BytecodeHandler,0,31990,0x557d4ca37580,152,SetNamedProperty
code-creation,BytecodeHandler,0,32011,0x557d4ca37640,152,DefineNamedOwnProperty
code-creation,BytecodeHandler,0,32030,0x557d4ca37700,136,SetKeyedProperty
code-creation,BytecodeHandler,0,32038,0x557d4ca377c0,144,DefineKeyedOwnProperty
code-creation,BytecodeHandler,0,32056,0x557d4ca37880,136,StaInArrayLiteral
code-creation,BytecodeHandler,0,32064,0x557d4ca37940,164,DefineKeyedOwnPropertyInLiteral
code-creation,BytecodeHandler,0,32082,0x557d4ca37a00,180,SetPrototypeProperties
code-creation,BytecodeHandler,0,32087,0x557d4ca37ac0,216,SetPrivateField
code-creation,BytecodeHandler,0,32103,0x557d4ca37bc0,2052,Add
code-creation,BytecodeHandler,0,32108,0x557d4ca38400,1508,Sub
code-creation,BytecodeHandler,0,32110,0x557d4ca38a00,1696,Mul
code-creation,BytecodeHandler,0,32112,0x557d4ca390c0,1608,Div
code-creation,BytecodeHandler,0,32126,0x557d4ca39740,1692,Mod
code-creation,BytecodeHandler,0,32131,0x557d4ca39e00,928,Exp
code-creation,BytecodeHandler,0,32148,0x557d4ca3a1c0,2080,BitwiseOr
code-creation,BytecodeHandler,0,32156,0x557d4ca3aa00,2080,BitwiseXor
code-creation,BytecodeHandler,0,32171,0x557d4ca3b240,2080,BitwiseAnd
code-creation,BytecodeHandler,0,32175,0x557d4ca3ba80,1496,ShiftLeft
code-creation,BytecodeHandler,0,32193,0x557d4ca3c080,1496,ShiftRight
code-creation,BytecodeHandler,0,32203,0x557d4ca3c680,1376,ShiftRightLogical
code-creation,BytecodeHandler,0,32219,0x557d4ca3cc00,3856,Add_StringConstant_Internalize
code-creation,BytecodeHandler,0,32223,0x557d4ca3db40,716,AddSmi
code-creation,BytecodeHandler,0,32240,0x557d4ca3de40,612,SubSmi
code-creation,BytecodeHandler,0,32259,0x557d4ca3e0c0,752,MulSmi
code-creation,BytecodeHandler,0,32265,0x557d4ca3e3c0,700,DivSmi
code-creation,BytecodeHandler,0,32281,0x557d4ca3e680,684,ModSmi
code-creation,BytecodeHandler,0,32297,0x557d4ca3e940,636,ExpSmi
code-creation,BytecodeHandler,0,32303,0x557d4ca3ebc0,660,BitwiseOrSmi
code-creation,BytecodeHandler,0,32305,0x557d4ca3ee80,660,BitwiseXorSmi
code-creation,BytecodeHandler,0,32317,0x557d4ca3f140,660,BitwiseAndSmi
code-creation,BytecodeHandler,0,32321,0x557d4ca3f400,804,ShiftLeftSmi
code-creation,BytecodeHandler,0,32338,0x557d4ca3f740,664,ShiftRightSmi
code-creation,BytecodeHandler,0,32354,0x557d4ca3fa00,812,ShiftRightLogicalSmi
code-creation,BytecodeHandler,0,32370,0x557d4ca3fd40,720,Inc
code-creation,BytecodeHandler,0,32374,0x557d4ca40040,724,Dec
code-creation,BytecodeHandler,0,32388,0x557d4ca40340,712,Negate
code-creation,BytecodeHandler,0,32393,0x557d4ca40640,676,BitwiseNot
code-creation,BytecodeHandler,0,32404,0x557d4ca40900,112,ToBooleanLogicalNot
code-creation,BytecodeHandler,0,32408,0x557d4ca40980,40,LogicalNot
code-creation,BytecodeHandler,0,32418,0x557d4ca409c0,592,TypeOf
code-creation,BytecodeHandler,0,32423,0x557d4ca40c40,108,DeletePropertyStrict
code-creation,BytecodeHandler,0,32433,0x557d4ca40cc0,104,DeletePropertySloppy
code-creation,BytecodeHandler,0,32437,0x557d4ca40d40,44,GetSuperConstructor
code-creation,BytecodeHandler,0,32448,0x557d4ca40d80,388,FindNonDefaultConstructorOrConstruct
code-creation,BytecodeHandler,0,32452,0x557d4ca40f40,1104,CallAnyReceiver
code-creation,BytecodeHandler,0,32463,0x557d4ca413c0,1104,CallProperty
code-creation,BytecodeHandler,0,32467,0x557d4ca41840,920,CallProperty0
code-creation,BytecodeHandler,0,32476,0x557d4ca41c00,932,CallProperty1
code-creation,BytecodeHandler,0,32481,0x557d4ca41fc0,940,CallProperty2
code-creation,BytecodeHandler,0,32491,0x557d4ca42380,972,CallUndefinedReceiver
code-creation,BytecodeHandler,0,32496,0x557d4ca42780,908,CallUndefinedReceiver0
code-creation,BytecodeHandler,0,32506,0x557d4ca42b40,932,CallUndefinedReceiver1
code-creation,BytecodeHandler,0,32511,0x557d4ca42f00,948,CallUndefinedReceiver2
code-creation,BytecodeHandler,0,32522,0x557d4ca432c0,1104,CallWithSpread
code-creation,BytecodeHandler,0,32525,0x557d4ca43740,124,CallRuntime
code-creation,BytecodeHandler,0,32535,0x557d4ca437c0,140,CallRuntimeForPair
code-creation,BytecodeHandler,0,32540,0x557d4ca43880,88,CallJSRuntime
code-creation,BytecodeHandler,0,32550,0x557d4ca43900,1380,InvokeIntrinsic
code-creation,BytecodeHandler,0,32554,0x557d4ca43e80,1164,Construct
code-creation,BytecodeHandler,0,32564,0x557d4ca44340,424,ConstructWithSpread
code-creation,BytecodeHandler,0,32569,0x557d4ca44500,988,ConstructForwardAllArgs
code-creation,BytecodeHandler,0,32583,0x557d4ca44900,2144,TestEqual
code-creation,BytecodeHandler,0,32587,0x557d4ca45180,1284,TestEqualStrict
code-creation,BytecodeHandler,0,32597,0x557d4ca456c0,2008,TestLessThan
code-creation,BytecodeHandler,0,32601,0x557d4ca45ec0,2008,TestGreaterThan
code-creation,BytecodeHandler,0,32611,0x557d4ca466c0,2008,TestLessThanOrEqual
code-creation,BytecodeHandler,0,32615,0x557d4ca46ec0,2008,TestGreaterThanOrEqual
code-creation,BytecodeHandler,0,32626,0x557d4ca476c0,1000,TestInstanceOf
code-creation,BytecodeHandler,0,32631,0x557d4ca47ac0,112,TestIn
code-creation,BytecodeHandler,0,32642,0x557d4ca47b40,84,ToName
code-creation,BytecodeHandler,0,32646,0x557d4ca47bc0,160,ToNumber
code-creation,BytecodeHandler,0,32656,0x557d4ca47c80,184,ToNumeric
code-creation,BytecodeHandler,0,32660,0x557d4ca47d40,104,ToObject
code-creation,BytecodeHandler,0,32670,0x557d4ca47dc0,112,ToString
code-creation,BytecodeHandler,0,32674,0x557d4ca47e40,112,ToBoolean
code-creation,BytecodeHandler,0,32684,0x557d4ca47ec0,412,CreateRegExpLiteral
code-creation,BytecodeHandler,0,32689,0x557d4ca48080,1848,CreateArrayLiteral
code-creation,BytecodeHandler,0,32703,0x557d4ca487c0,84,CreateArrayFromIterable
code-creation,BytecodeHandler,0,32708,0x557d4ca48840,724,CreateEmptyArrayLiteral
code-creation,BytecodeHandler,0,32718,0x557d4ca48b40,2880,CreateObjectLiteral
code-creation,BytecodeHandler,0,32723,0x557d4ca496c0,348,CreateEmptyObjectLiteral
code-creation,BytecodeHandler,0,32734,0x557d4ca49840,132,CloneObject
code-creation,BytecodeHandler,0,32738,0x557d4ca49900,176,GetTemplateObject
code-creation,BytecodeHandler,0,32748,0x557d4ca499c0,324,CreateClosure
code-creation,BytecodeHandler,0,32752,0x557d4ca49b40,124,CreateBlockContext
code-creation,BytecodeHandler,0,32763,0x557d4ca49bc0,136,CreateCatchContext
code-creation,BytecodeHandler,0,32768,0x557d4ca49c80,352,CreateFunctionContext
code-creation,BytecodeHandler,0,32778,0x557d4ca49e00,800,CreateFunctionContextWithCells
code-creation,BytecodeHandler,0,32782,0x557d4ca4a140,352,CreateEvalContext
code-creation,BytecodeHandler,0,32806,0x557d4ca4a2c0,136,CreateWithContext
code-creation,BytecodeHandler,0,32810,0x557d4ca4a380,1708,CreateMappedArguments
code-creation,BytecodeHandler,0,32812,0x557d4ca4aa40,576,CreateUnmappedArguments
code-creation,BytecodeHandler,0,32823,0x557d4ca4acc0,628,CreateRestParameter
code-creation,BytecodeHandler,0,32827,0x557d4ca4af40,1756,JumpLoop
code-creation,BytecodeHandler,0,32830,0x557d4ca4b640,24,Jump
code-creation,BytecodeHandler,0,32840,0x557d4ca4b680,44,JumpConstant
code-creation,BytecodeHandler,0,32844,0x557d4ca4b6c0,68,JumpIfNullConstant
code-creation,BytecodeHandler,0,32854,0x557d4ca4b740,68,JumpIfNotNullConstant
code-creation,BytecodeHandler,0,32858,0x557d4ca4b7c0,68,JumpIfUndefinedConstant
code-creation,BytecodeHandler,0,32869,0x557d4ca4b840,68,JumpIfNotUndefinedConstant
code-creation,BytecodeHandler,0,32873,0x557d4ca4b8c0,72,JumpIfUndefinedOrNullConstant
code-creation,BytecodeHandler,0,32883,0x557d4ca4b940,68,JumpIfTrueConstant
code-creation,BytecodeHandler,0,32887,0x557d4ca4b9c0,68,JumpIfFalseConstant
code-creation,BytecodeHandler,0,32898,0x557d4ca4ba40,84,JumpIfJSReceiverConstant
code-creation,BytecodeHandler,0,32902,0x557d4ca4bac0,88,JumpIfForInDoneConstant
code-creation,BytecodeHandler,0,32912,0x557d4ca4bb40,140,JumpIfToBooleanTrueConstant
code-creation,BytecodeHandler,0,32917,0x557d4ca4bc00,140,JumpIfToBooleanFalseConstant
code-creation,BytecodeHandler,0,32927,0x557d4ca4bcc0,120,JumpIfToBooleanTrue
code-creation,BytecodeHandler,0,32931,0x557d4ca4bd40,120,JumpIfToBooleanFalse
code-creation,BytecodeHandler,0,32941,0x557d4ca4bdc0,48,JumpIfTrue
code-creation,BytecodeHandler,0,32945,0x557d4ca4be00,48,JumpIfFalse
code-creation,BytecodeHandler,0,32955,0x557d4ca4be40,48,JumpIfNull
code-creation,BytecodeHandler,0,32960,0x557d4ca4be80,48,JumpIfNotNull
code-creation,BytecodeHandler,0,32970,0x557d4ca4bec0,48,JumpIfUndefined
code-creation,BytecodeHandler,0,32974,0x557d4ca4bf00,48,JumpIfNotUndefined
code-creation,BytecodeHandler,0,32985,0x557d4ca4bf40,52,JumpIfUndefinedOrNull
code-creation,BytecodeHandler,0,32998,0x557d4ca4bf80,64,JumpIfJSReceiver
code-creation,BytecodeHandler,0,33002,0x557d4ca4c000,64,JumpIfForInDone
code-creation,BytecodeHandler,0,33012,0x557d4ca4c080,104,SwitchOnSmiNoFeedback
code-creation,BytecodeHandler,0,33016,0x557d4ca4c100,484,ForInEnumerate
code-creation,BytecodeHandler,0,33027,0x557d4ca4c300,224,ForInPrepare
code-creation,BytecodeHandler,0,33031,0x557d4ca4c400,212,ForInNext
code-creation,BytecodeHandler,0,33040,0x557d4ca4c500,44,ForInStep
code-creation,BytecodeHandler,0,33044,0x557d4ca4c540,3104,ForOfNext
code-creation,BytecodeHandler,0,33055,0x557d4ca4d180,40,SetPendingMessage
code-creation,BytecodeHandler,0,33059,0x557d4ca4d1c0,88,Throw
code-creation,BytecodeHandler,0,33069,0x557d4ca4d240,88,ReThrow
code-creation,BytecodeHandler,0,33073,0x557d4ca4d2c0,16,Return
code-creation,BytecodeHandler,0,33083,0x557d4ca4d300,176,ThrowReferenceErrorIfTdzHole
code-creation,BytecodeHandler,0,33088,0x557d4ca4d3c0,112,ThrowSuperNotCalledIfTdzHole
code-creation,BytecodeHandler,0,33099,0x557d4ca4d440,112,ThrowSuperAlreadyCalledIfNotTdzHole
code-creation,BytecodeHandler,0,33111,0x557d4ca4d4c0,136,ThrowIfNotSuperConstructor
code-creation,BytecodeHandler,0,33116,0x557d4ca4d580,128,SwitchOnGeneratorState
code-creation,BytecodeHandler,0,33126,0x557d4ca4d640,456,SuspendGenerator
code-creation,BytecodeHandler,0,33130,0x557d4ca4d840,176,ResumeGenerator
code-creation,BytecodeHandler,0,33141,0x557d4ca4d900,128,GetIterator
code-creation,BytecodeHandler,0,33145,0x557d4ca4d9c0,104,ArrayDestructure
code-creation,BytecodeHandler,0,33155,0x557d4ca4da40,96,Debugger
code-creation,BytecodeHandler,0,33159,0x557d4ca4dac0,112,IncBlockCounter
code-creation,BytecodeHandler,0,33170,0x557d4ca4db40,48,Abort
code-creation,BytecodeHandler,0,33174,0x557d4ca4db80,36,Star0
code-creation,BytecodeHandler,0,33184,0x557d4ca4dbc0,68,Illegal
code-creation,BytecodeHandler,0,33188,0x557d4ca4dc40,96,DebugBreak1.Wide
code-creation,BytecodeHandler,0,33200,0x557d4ca4dcc0,96,DebugBreak2.Wide
code-creation,BytecodeHandler,0,33213,0x557d4ca4dd40,96,DebugBreak3.Wide
code-creation,BytecodeHandler,0,33217,0x557d4ca4ddc0,96,DebugBreak4.Wide
code-creation,BytecodeHandler,0,33227,0x557d4ca4de40,96,DebugBreak5.Wide
code-creation,BytecodeHandler,0,33231,0x557d4ca4dec0,96,DebugBreak6.Wide
code-creation,BytecodeHandler,0,33242,0x557d4ca4df40,36,Ldar.Wide
code-creation,BytecodeHandler,0,33247,0x557d4ca4df80,32,LdaSmi.Wide
code-creation,BytecodeHandler,0,33250,0x557d4ca4dfc0,48,LdaConstant.Wide
code-creation,BytecodeHandler,0,33260,0x557d4ca4e000,128,LdaContextSlotNoCell.Wide
code-creation,BytecodeHandler,0,33264,0x557d4ca4e0c0,428,LdaContextSlot.Wide
code-creation,BytecodeHandler,0,33275,0x557d4ca4e280,128,LdaImmutableContextSlot.Wide
code-creation,BytecodeHandler,0,33279,0x557d4ca4e340,56,LdaCurrentContextSlotNoCell.Wide
code-creation,BytecodeHandler,0,33290,0x557d4ca4e380,356,LdaCurrentContextSlot.Wide
code-creation,BytecodeHandler,0,33295,0x557d4ca4e500,56,LdaImmutableCurrentContextSlot.Wide
code-creation,BytecodeHandler,0,33306,0x557d4ca4e540,36,Star.Wide
code-creation,BytecodeHandler,0,33311,0x557d4ca4e580,44,Mov.Wide
code-creation,BytecodeHandler,0,33328,0x557d4ca4e5c0,44,PushContext.Wide
code-creation,BytecodeHandler,0,33345,0x557d4ca4e600,40,PopContext.Wide
code-creation,BytecodeHandler,0,33353,0x557d4ca4e640,48,TestReferenceEqual.Wide
code-creation,BytecodeHandler,0,33371,0x557d4ca4e680,4056,LdaGlobal.Wide
code-creation,BytecodeHandler,0,33391,0x557d4ca4f680,3924,LdaGlobalInsideTypeof.Wide
code-creation,BytecodeHandler,0,33412,0x557d4ca50600,132,StaGlobal.Wide
code-creation,BytecodeHandler,0,33425,0x557d4ca506c0,180,StaContextSlotNoCell.Wide
code-creation,BytecodeHandler,0,33430,0x557d4ca50780,112,StaCurrentContextSlotNoCell.Wide
code-creation,BytecodeHandler,0,33443,0x557d4ca50800,2604,StaContextSlot.Wide
code-creation,BytecodeHandler,0,33461,0x557d4ca51240,2668,StaCurrentContextSlot.Wide
code-creation,BytecodeHandler,0,33466,0x557d4ca51cc0,128,LdaLookupSlot.Wide
code-creation,BytecodeHandler,0,33476,0x557d4ca51d80,288,LdaLookupContextSlotNoCell.Wide
code-creation,BytecodeHandler,0,33492,0x557d4ca51ec0,596,LdaLookupContextSlot.Wide
code-creation,BytecodeHandler,0,33497,0x557d4ca52140,4300,LdaLookupGlobalSlot.Wide
code-creation,BytecodeHandler,0,33507,0x557d4ca53240,128,LdaLookupSlotInsideTypeof.Wide
code-creation,BytecodeHandler,0,33520,0x557d4ca53300,288,LdaLookupContextSlotNoCellInsideTypeof.Wide
code-creation,BytecodeHandler,0,33525,0x557d4ca53440,596,LdaLookupContextSlotInsideTypeof.Wide
code-creation,BytecodeHandler,0,33536,0x557d4ca536c0,4164,LdaLookupGlobalSlotInsideTypeof.Wide
code-creation,BytecodeHandler,0,33548,0x557d4ca54740,216,StaLookupSlot.Wide
code-creation,BytecodeHandler,0,33554,0x557d4ca54840,4232,GetNamedProperty.Wide
code-creation,BytecodeHandler,0,33564,0x557d4ca55900,152,GetNamedPropertyFromSuper.Wide
code-creation,BytecodeHandler,0,33577,0x557d4ca559c0,112,GetKeyedProperty.Wide
code-creation,BytecodeHandler,0,33582,0x557d4ca55a40,140,GetEnumeratedKeyedProperty.Wide
code-creation,BytecodeHandler,0,33592,0x557d4ca55b00,216,GetPrivateField.Wide
code-creation,BytecodeHandler,0,33597,0x557d4ca55c00,200,LdaModuleVariable.Wide
code-creation,BytecodeHandler,0,33607,0x557d4ca55d00,312,StaModuleVariable.Wide
code-creation,BytecodeHandler,0,33612,0x557d4ca55e40,152,SetNamedProperty.Wide
code-creation,BytecodeHandler,0,33622,0x557d4ca55f00,152,DefineNamedOwnProperty.Wide
code-creation,BytecodeHandler,0,33627,0x557d4ca55fc0,132,SetKeyedProperty.Wide
code-creation,BytecodeHandler,0,33638,0x557d4ca56080,144,DefineKeyedOwnProperty.Wide
code-creation,BytecodeHandler,0,33642,0x557d4ca56140,132,StaInArrayLiteral.Wide
code-creation,BytecodeHandler,0,33646,0x557d4ca56200,164,DefineKeyedOwnPropertyInLiteral.Wide
code-creation,BytecodeHandler,0,33657,0x557d4ca562c0,184,SetPrototypeProperties.Wide
code-creation,BytecodeHandler,0,33662,0x557d4ca56380,220,SetPrivateField.Wide
code-creation,BytecodeHandler,0,33673,0x557d4ca56480,2020,Add.Wide
code-creation,BytecodeHandler,0,33676,0x557d4ca56c80,1476,Sub.Wide
code-creation,BytecodeHandler,0,33678,0x557d4ca57280,1664,Mul.Wide
code-creation,BytecodeHandler,0,33681,0x557d4ca57940,1616,Div.Wide
code-creation,BytecodeHandler,0,33691,0x557d4ca57fc0,1700,Mod.Wide
code-creation,BytecodeHandler,0,33694,0x557d4ca58680,932,Exp.Wide
code-creation,BytecodeHandler,0,33710,0x557d4ca58a40,2088,BitwiseOr.Wide
code-creation,BytecodeHandler,0,33714,0x557d4ca59280,2088,BitwiseXor.Wide
code-creation,BytecodeHandler,0,33725,0x557d4ca59ac0,2088,BitwiseAnd.Wide
code-creation,BytecodeHandler,0,33729,0x557d4ca5a300,1504,ShiftLeft.Wide
code-creation,BytecodeHandler,0,33740,0x557d4ca5a900,1504,ShiftRight.Wide
code-creation,BytecodeHandler,0,33744,0x557d4ca5af00,1444,ShiftRightLogical.Wide
code-creation,BytecodeHandler,0,33754,0x557d4ca5b4c0,3872,Add_StringConstant_Internalize.Wide
code-creation,BytecodeHandler,0,33767,0x557d4ca5c400,684,AddSmi.Wide
code-creation,BytecodeHandler,0,33771,0x557d4ca5c6c0,584,SubSmi.Wide
code-creation,BytecodeHandler,0,33781,0x557d4ca5c940,752,MulSmi.Wide
code-creation,BytecodeHandler,0,33798,0x557d4ca5cc40,704,DivSmi.Wide
code-creation,BytecodeHandler,0,33810,0x557d4ca5cf40,684,ModSmi.Wide
code-creation,BytecodeHandler,0,33814,0x557d4ca5d200,640,ExpSmi.Wide
code-creation,BytecodeHandler,0,33816,0x557d4ca5d4c0,664,BitwiseOrSmi.Wide
code-creation,BytecodeHandler,0,33818,0x557d4ca5d780,664,BitwiseXorSmi.Wide
code-creation,BytecodeHandler,0,33828,0x557d4ca5da40,664,BitwiseAndSmi.Wide
code-creation,BytecodeHandler,0,33832,0x557d4ca5dd00,808,ShiftLeftSmi.Wide
code-creation,BytecodeHandler,0,33835,0x557d4ca5e040,668,ShiftRightSmi.Wide
code-creation,BytecodeHandler,0,33846,0x557d4ca5e300,816,ShiftRightLogicalSmi.Wide
code-creation,BytecodeHandler,0,33850,0x557d4ca5e640,556,TypeOf.Wide
code-creation,BytecodeHandler,0,33852,0x557d4ca5e880,108,DeletePropertyStrict.Wide
code-creation,BytecodeHandler,0,33855,0x557d4ca5e900,108,DeletePropertySloppy.Wide
code-creation,BytecodeHandler,0,33857,0x557d4ca5e980,44,GetSuperConstructor.Wide
code-creation,BytecodeHandler,0,33859,0x557d4ca5e9c0,388,FindNonDefaultConstructorOrConstruct.Wide
code-creation,BytecodeHandler,0,33865,0x557d4ca5eb80,1104,CallAnyReceiver.Wide
code-creation,BytecodeHandler,0,33901,0x557d4ca5f000,1104,CallProperty.Wide
code-creation,BytecodeHandler,0,33905,0x557d4ca5f480,920,CallProperty0.Wide
code-creation,BytecodeHandler,0,33908,0x557d4ca5f840,932,CallProperty1.Wide
code-creation,BytecodeHandler,0,33911,0x557d4ca5fc00,940,CallProperty2.Wide
code-creation,BytecodeHandler,0,33922,0x557d4ca5ffc0,972,CallUndefinedReceiver.Wide
code-creation,BytecodeHandler,0,33934,0x557d4ca603c0,908,CallUndefinedReceiver0.Wide
code-creation,BytecodeHandler,0,33948,0x557d4ca60780,932,CallUndefinedReceiver1.Wide
code-creation,BytecodeHandler,0,33961,0x557d4ca60b40,948,CallUndefinedReceiver2.Wide
code-creation,BytecodeHandler,0,33966,0x557d4ca60f00,1104,CallWithSpread.Wide
code-creation,BytecodeHandler,0,33976,0x557d4ca61380,124,CallRuntime.Wide
code-creation,BytecodeHandler,0,33980,0x557d4ca61400,140,CallRuntimeForPair.Wide
code-creation,BytecodeHandler,0,33991,0x557d4ca614c0,88,CallJSRuntime.Wide
code-creation,BytecodeHandler,0,33996,0x557d4ca61540,1380,InvokeIntrinsic.Wide
code-creation,BytecodeHandler,0,34006,0x557d4ca61ac0,1120,Construct.Wide
code-creation,BytecodeHandler,0,34011,0x557d4ca61f40,380,ConstructWithSpread.Wide
code-creation,BytecodeHandler,0,34022,0x557d4ca620c0,988,ConstructForwardAllArgs.Wide
code-creation,BytecodeHandler,0,34027,0x557d4ca624c0,2168,TestEqual.Wide
code-creation,BytecodeHandler,0,34037,0x557d4ca62d40,1296,TestEqualStrict.Wide
code-creation,BytecodeHandler,0,34042,0x557d4ca63280,2056,TestLessThan.Wide
code-creation,BytecodeHandler,0,34052,0x557d4ca63ac0,2056,TestGreaterThan.Wide
code-creation,BytecodeHandler,0,34057,0x557d4ca64300,2056,TestLessThanOrEqual.Wide
code-creation,BytecodeHandler,0,34068,0x557d4ca64b40,2056,TestGreaterThanOrEqual.Wide
code-creation,BytecodeHandler,0,34072,0x557d4ca65380,1004,TestInstanceOf.Wide
code-creation,BytecodeHandler,0,34082,0x557d4ca65780,112,TestIn.Wide
code-creation,BytecodeHandler,0,34087,0x557d4ca65800,164,ToNumber.Wide
code-creation,BytecodeHandler,0,34098,0x557d4ca658c0,184,ToNumeric.Wide
code-creation,BytecodeHandler,0,34103,0x557d4ca65980,108,ToObject.Wide
code-creation,BytecodeHandler,0,34113,0x557d4ca65a00,412,CreateRegExpLiteral.Wide
code-creation,BytecodeHandler,0,34117,0x557d4ca65bc0,1736,CreateArrayLiteral.Wide
code-creation,BytecodeHandler,0,34128,0x557d4ca662c0,724,CreateEmptyArrayLiteral.Wide
code-creation,BytecodeHandler,0,34133,0x557d4ca665c0,2756,CreateObjectLiteral.Wide
code-creation,BytecodeHandler,0,34143,0x557d4ca670c0,132,CloneObject.Wide
code-creation,BytecodeHandler,0,34148,0x557d4ca67180,140,GetTemplateObject.Wide
code-creation,BytecodeHandler,0,34158,0x557d4ca67240,332,CreateClosure.Wide
code-creation,BytecodeHandler,0,34163,0x557d4ca673c0,128,CreateBlockContext.Wide
code-creation,BytecodeHandler,0,34174,0x557d4ca67480,140,CreateCatchContext.Wide
code-creation,BytecodeHandler,0,34187,0x557d4ca67540,352,CreateFunctionContext.Wide
code-creation,BytecodeHandler,0,34191,0x557d4ca676c0,800,CreateFunctionContextWithCells.Wide
code-creation,BytecodeHandler,0,34203,0x557d4ca67a00,352,CreateEvalContext.Wide
code-creation,BytecodeHandler,0,34207,0x557d4ca67b80,140,CreateWithContext.Wide
code-creation,BytecodeHandler,0,34218,0x557d4ca67c40,1784,JumpLoop.Wide
code-creation,BytecodeHandler,0,34222,0x557d4ca68340,24,Jump.Wide
code-creation,BytecodeHandler,0,34232,0x557d4ca68380,44,JumpConstant.Wide
code-creation,BytecodeHandler,0,34236,0x557d4ca683c0,68,JumpIfNullConstant.Wide
code-creation,BytecodeHandler,0,34247,0x557d4ca68440,68,JumpIfNotNullConstant.Wide
code-creation,BytecodeHandler,0,34252,0x557d4ca684c0,68,JumpIfUndefinedConstant.Wide
code-creation,BytecodeHandler,0,34263,0x557d4ca68540,68,JumpIfNotUndefinedConstant.Wide
code-creation,BytecodeHandler,0,34267,0x557d4ca685c0,72,JumpIfUndefinedOrNullConstant.Wide
code-creation,BytecodeHandler,0,34279,0x557d4ca68640,68,JumpIfTrueConstant.Wide
code-creation,BytecodeHandler,0,34291,0x557d4ca686c0,68,JumpIfFalseConstant.Wide
code-creation,BytecodeHandler,0,34306,0x557d4ca68740,84,JumpIfJSReceiverConstant.Wide
code-creation,BytecodeHandler,0,34311,0x557d4ca687c0,88,JumpIfForInDoneConstant.Wide
code-creation,BytecodeHandler,0,34321,0x557d4ca68840,140,JumpIfToBooleanTrueConstant.Wide
code-creation,BytecodeHandler,0,34333,0x557d4ca68900,140,JumpIfToBooleanFalseConstant.Wide
code-creation,BytecodeHandler,0,34346,0x557d4ca689c0,120,JumpIfToBooleanTrue.Wide
code-creation,BytecodeHandler,0,34351,0x557d4ca68a40,120,JumpIfToBooleanFalse.Wide
code-creation,BytecodeHandler,0,34363,0x557d4ca68ac0,48,JumpIfTrue.Wide
code-creation,BytecodeHandler,0,34368,0x557d4ca68b00,48,JumpIfFalse.Wide
code-creation,BytecodeHandler,0,34383,0x557d4ca68b40,48,JumpIfNull.Wide
code-creation,BytecodeHandler,0,34388,0x557d4ca68b80,48,JumpIfNotNull.Wide
code-creation,BytecodeHandler,0,34408,0x557d4ca68bc0,48,JumpIfUndefined.Wide
code-creation,BytecodeHandler,0,34425,0x557d4ca68c00,48,JumpIfNotUndefined.Wide
code-creation,BytecodeHandler,0,34441,0x557d4ca68c40,52,JumpIfUndefinedOrNull.Wide
code-creation,BytecodeHandler,0,34461,0x557d4ca68c80,64,JumpIfJSReceiver.Wide
code-creation,BytecodeHandler,0,34481,0x557d4ca68d00,64,JumpIfForInDone.Wide
code-creation,BytecodeHandler,0,34500,0x557d4ca68d80,104,SwitchOnSmiNoFeedback.Wide
code-creation,BytecodeHandler,0,34519,0x557d4ca68e00,488,ForInEnumerate.Wide
code-creation,BytecodeHandler,0,34528,0x557d4ca69000,224,ForInPrepare.Wide
code-creation,BytecodeHandler,0,34545,0x557d4ca69100,212,ForInNext.Wide
code-creation,BytecodeHandler,0,34565,0x557d4ca69200,44,ForInStep.Wide
code-creation,BytecodeHandler,0,34582,0x557d4ca69240,3112,ForOfNext.Wide
code-creation,BytecodeHandler,0,34600,0x557d4ca69e80,144,ThrowReferenceErrorIfTdzHole.Wide
code-creation,BytecodeHandler,0,34621,0x557d4ca69f40,140,ThrowIfNotSuperConstructor.Wide
code-creation,BytecodeHandler,0,34640,0x557d4ca6a000,128,SwitchOnGeneratorState.Wide
code-creation,BytecodeHandler,0,34650,0x557d4ca6a0c0,460,SuspendGenerator.Wide
code-creation,BytecodeHandler,0,34666,0x557d4ca6a2c0,176,ResumeGenerator.Wide
code-creation,BytecodeHandler,0,34686,0x557d4ca6a380,128,GetIterator.Wide
code-creation,BytecodeHandler,0,34710,0x557d4ca6a440,108,ArrayDestructure.Wide
code-creation,BytecodeHandler,0,34729,0x557d4ca6a4c0,116,IncBlockCounter.Wide
code-creation,BytecodeHandler,0,34749,0x557d4ca6a540,96,DebugBreak1.ExtraWide
code-creation,BytecodeHandler,0,34769,0x557d4ca6a5c0,96,DebugBreak2.ExtraWide
code-creation,BytecodeHandler,0,34802,0x557d4ca6a640,96,DebugBreak3.ExtraWide
code-creation,BytecodeHandler,0,34807,0x557d4ca6a6c0,96,DebugBreak4.ExtraWide
code-creation,BytecodeHandler,0,34809,0x557d4ca6a740,96,DebugBreak5.ExtraWide
code-creation,BytecodeHandler,0,34816,0x557d4ca6a7c0,96,DebugBreak6.ExtraWide
code-creation,BytecodeHandler,0,34830,0x557d4ca6a840,32,Ldar.ExtraWide
code-creation,BytecodeHandler,0,34836,0x557d4ca6a880,28,LdaSmi.ExtraWide
code-creation,BytecodeHandler,0,34850,0x557d4ca6a8c0,44,LdaConstant.ExtraWide
code-creation,BytecodeHandler,0,34867,0x557d4ca6a900,128,LdaContextSlotNoCell.ExtraWide
code-creation,BytecodeHandler,0,34884,0x557d4ca6a9c0,428,LdaContextSlot.ExtraWide
code-creation,BytecodeHandler,0,34891,0x557d4ca6ab80,128,LdaImmutableContextSlot.ExtraWide
code-creation,BytecodeHandler,0,34896,0x557d4ca6ac40,56,LdaCurrentContextSlotNoCell.ExtraWide
code-creation,BytecodeHandler,0,34910,0x557d4ca6ac80,356,LdaCurrentContextSlot.ExtraWide
code-creation,BytecodeHandler,0,34927,0x557d4ca6ae00,56,LdaImmutableCurrentContextSlot.ExtraWide
code-creation,BytecodeHandler,0,34931,0x557d4ca6ae40,32,Star.ExtraWide
code-creation,BytecodeHandler,0,34946,0x557d4ca6ae80,44,Mov.ExtraWide
code-creation,BytecodeHandler,0,34951,0x557d4ca6aec0,40,PushContext.ExtraWide
code-creation,BytecodeHandler,0,34965,0x557d4ca6af00,36,PopContext.ExtraWide
code-creation,BytecodeHandler,0,34970,0x557d4ca6af40,48,TestReferenceEqual.ExtraWide
code-creation,BytecodeHandler,0,34984,0x557d4ca6af80,4036,LdaGlobal.ExtraWide
code-creation,BytecodeHandler,0,34989,0x557d4ca6bf80,3908,LdaGlobalInsideTypeof.ExtraWide
code-creation,BytecodeHandler,0,35007,0x557d4ca6cf00,128,StaGlobal.ExtraWide
code-creation,BytecodeHandler,0,35014,0x557d4ca6cfc0,180,StaContextSlotNoCell.ExtraWide
code-creation,BytecodeHandler,0,35031,0x557d4ca6d080,108,StaCurrentContextSlotNoCell.ExtraWide
code-creation,BytecodeHandler,0,35050,0x557d4ca6d100,2604,StaContextSlot.ExtraWide
code-creation,BytecodeHandler,0,35067,0x557d4ca6db40,2664,StaCurrentContextSlot.ExtraWide
code-creation,BytecodeHandler,0,35083,0x557d4ca6e5c0,124,LdaLookupSlot.ExtraWide
code-creation,BytecodeHandler,0,35091,0x557d4ca6e640,288,LdaLookupContextSlotNoCell.ExtraWide
code-creation,BytecodeHandler,0,35108,0x557d4ca6e780,596,LdaLookupContextSlot.ExtraWide
code-creation,BytecodeHandler,0,35112,0x557d4ca6ea00,4280,LdaLookupGlobalSlot.ExtraWide
code-creation,BytecodeHandler,0,35132,0x557d4ca6fac0,124,LdaLookupSlotInsideTypeof.ExtraWide
code-creation,BytecodeHandler,0,35154,0x557d4ca6fb40,288,LdaLookupContextSlotNoCellInsideTypeof.ExtraWide
code-creation,BytecodeHandler,0,35172,0x557d4ca6fc80,596,LdaLookupContextSlotInsideTypeof.ExtraWide
code-creation,BytecodeHandler,0,35191,0x557d4ca6ff00,4148,LdaLookupGlobalSlotInsideTypeof.ExtraWide
code-creation,BytecodeHandler,0,35206,0x557d4ca70f40,216,StaLookupSlot.ExtraWide
code-creation,BytecodeHandler,0,35219,0x557d4ca71040,4212,GetNamedProperty.ExtraWide
code-creation,BytecodeHandler,0,35224,0x557d4ca720c0,148,GetNamedPropertyFromSuper.ExtraWide
code-creation,BytecodeHandler,0,35242,0x557d4ca72180,112,GetKeyedProperty.ExtraWide
code-creation,BytecodeHandler,0,35261,0x557d4ca72200,136,GetEnumeratedKeyedProperty.ExtraWide
code-creation,BytecodeHandler,0,35281,0x557d4ca722c0,212,GetPrivateField.ExtraWide
code-creation,BytecodeHandler,0,35301,0x557d4ca723c0,200,LdaModuleVariable.ExtraWide
code-creation,BytecodeHandler,0,35319,0x557d4ca724c0,312,StaModuleVariable.ExtraWide
code-creation,BytecodeHandler,0,35338,0x557d4ca72600,152,SetNamedProperty.ExtraWide
code-creation,BytecodeHandler,0,35344,0x557d4ca726c0,152,DefineNamedOwnProperty.ExtraWide
code-creation,BytecodeHandler,0,35355,0x557d4ca72780,128,SetKeyedProperty.ExtraWide
code-creation,BytecodeHandler,0,35359,0x557d4ca72840,144,DefineKeyedOwnProperty.ExtraWide
code-creation,BytecodeHandler,0,35378,0x557d4ca72900,128,StaInArrayLiteral.ExtraWide
code-creation,BytecodeHandler,0,35386,0x557d4ca729c0,160,DefineKeyedOwnPropertyInLiteral.ExtraWide
code-creation,BytecodeHandler,0,35405,0x557d4ca72a80,180,SetPrototypeProperties.ExtraWide
code-creation,BytecodeHandler,0,35413,0x557d4ca72b40,220,SetPrivateField.ExtraWide
code-creation,BytecodeHandler,0,35426,0x557d4ca72c40,2020,Add.ExtraWide
code-creation,BytecodeHandler,0,35429,0x557d4ca73440,1472,Sub.ExtraWide
code-creation,BytecodeHandler,0,35447,0x557d4ca73a40,1664,Mul.ExtraWide
code-creation,BytecodeHandler,0,35459,0x557d4ca74100,1616,Div.ExtraWide
code-creation,BytecodeHandler,0,35463,0x557d4ca74780,1700,Mod.ExtraWide
code-creation,BytecodeHandler,0,35480,0x557d4ca74e40,932,Exp.ExtraWide
code-creation,BytecodeHandler,0,35495,0x557d4ca75200,2088,BitwiseOr.ExtraWide
code-creation,BytecodeHandler,0,35500,0x557d4ca75a40,2088,BitwiseXor.ExtraWide
code-creation,BytecodeHandler,0,35514,0x557d4ca76280,2088,BitwiseAnd.ExtraWide
code-creation,BytecodeHandler,0,35518,0x557d4ca76ac0,1504,ShiftLeft.ExtraWide
code-creation,BytecodeHandler,0,35536,0x557d4ca770c0,1504,ShiftRight.ExtraWide
code-creation,BytecodeHandler,0,35549,0x557d4ca776c0,1444,ShiftRightLogical.ExtraWide
code-creation,BytecodeHandler,0,35562,0x557d4ca77c80,3868,Add_StringConstant_Internalize.ExtraWide
code-creation,BytecodeHandler,0,35567,0x557d4ca78bc0,680,AddSmi.ExtraWide
code-creation,BytecodeHandler,0,35585,0x557d4ca78e80,584,SubSmi.ExtraWide
code-creation,BytecodeHandler,0,35597,0x557d4ca79100,752,MulSmi.ExtraWide
code-creation,BytecodeHandler,0,35613,0x557d4ca79400,704,DivSmi.ExtraWide
code-creation,BytecodeHandler,0,35621,0x557d4ca79700,684,ModSmi.ExtraWide
code-creation,BytecodeHandler,0,35639,0x557d4ca799c0,640,ExpSmi.ExtraWide
code-creation,BytecodeHandler,0,35659,0x557d4ca79c80,664,BitwiseOrSmi.ExtraWide
code-creation,BytecodeHandler,0,35668,0x557d4ca79f40,664,BitwiseXorSmi.ExtraWide
code-creation,BytecodeHandler,0,35670,0x557d4ca7a200,664,BitwiseAndSmi.ExtraWide
code-creation,BytecodeHandler,0,35681,0x557d4ca7a4c0,808,ShiftLeftSmi.ExtraWide
code-creation,BytecodeHandler,0,35699,0x557d4ca7a800,668,ShiftRightSmi.ExtraWide
code-creation,BytecodeHandler,0,35719,0x557d4ca7aac0,816,ShiftRightLogicalSmi.ExtraWide
code-creation,BytecodeHandler,0,35727,0x557d4ca7ae00,556,TypeOf.ExtraWide
code-creation,BytecodeHandler,0,35744,0x557d4ca7b040,108,DeletePropertyStrict.ExtraWide
code-creation,BytecodeHandler,0,35764,0x557d4ca7b0c0,104,DeletePropertySloppy.ExtraWide
code-creation,BytecodeHandler,0,35798,0x557d4ca7b140,44,GetSuperConstructor.ExtraWide
code-creation,BytecodeHandler,0,35805,0x557d4ca7b180,384,FindNonDefaultConstructorOrConstruct.ExtraWide
code-creation,BytecodeHandler,0,35808,0x557d4ca7b340,1100,CallAnyReceiver.ExtraWide
code-creation,BytecodeHandler,0,35813,0x557d4ca7b7c0,1100,CallProperty.ExtraWide
code-creation,BytecodeHandler,0,35816,0x557d4ca7bc40,916,CallProperty0.ExtraWide
code-creation,BytecodeHandler,0,35819,0x557d4ca7c000,928,CallProperty1.ExtraWide
code-creation,BytecodeHandler,0,35821,0x557d4ca7c3c0,940,CallProperty2.ExtraWide
code-creation,BytecodeHandler,0,35824,0x557d4ca7c780,908,CallUndefinedReceiver.ExtraWide
code-creation,BytecodeHandler,0,35841,0x557d4ca7cb40,908,CallUndefinedReceiver0.ExtraWide
code-creation,BytecodeHandler,0,35847,0x557d4ca7cf00,932,CallUndefinedReceiver1.ExtraWide
code-creation,BytecodeHandler,0,35850,0x557d4ca7d2c0,944,CallUndefinedReceiver2.ExtraWide
code-creation,BytecodeHandler,0,35853,0x557d4ca7d680,1100,CallWithSpread.ExtraWide
code-creation,BytecodeHandler,0,35862,0x557d4ca7db00,124,CallRuntime.ExtraWide
code-creation,BytecodeHandler,0,35877,0x557d4ca7db80,136,CallRuntimeForPair.ExtraWide
code-creation,BytecodeHandler,0,35882,0x557d4ca7dc40,88,CallJSRuntime.ExtraWide
code-creation,BytecodeHandler,0,35900,0x557d4ca7dcc0,1380,InvokeIntrinsic.ExtraWide
code-creation,BytecodeHandler,0,35905,0x557d4ca7e240,1120,Construct.ExtraWide
code-creation,BytecodeHandler,0,35920,0x557d4ca7e6c0,376,ConstructWithSpread.ExtraWide
code-creation,BytecodeHandler,0,35939,0x557d4ca7e840,988,ConstructForwardAllArgs.ExtraWide
code-creation,BytecodeHandler,0,35948,0x557d4ca7ec40,2168,TestEqual.ExtraWide
code-creation,BytecodeHandler,0,35963,0x557d4ca7f4c0,1292,TestEqualStrict.ExtraWide
code-creation,BytecodeHandler,0,35972,0x557d4ca7fa00,2056,TestLessThan.ExtraWide
code-creation,BytecodeHandler,0,35986,0x557d4ca80240,2056,TestGreaterThan.ExtraWide
code-creation,BytecodeHandler,0,35995,0x557d4ca80a80,2056,TestLessThanOrEqual.ExtraWide
code-creation,BytecodeHandler,0,36006,0x557d4ca812c0,2056,TestGreaterThanOrEqual.ExtraWide
code-creation,BytecodeHandler,0,36010,0x557d4ca81b00,1004,TestInstanceOf.ExtraWide
code-creation,BytecodeHandler,0,36028,0x557d4ca81f00,112,TestIn.ExtraWide
code-creation,BytecodeHandler,0,36047,0x557d4ca81f80,160,ToNumber.ExtraWide
code-creation,BytecodeHandler,0,36065,0x557d4ca82040,184,ToNumeric.ExtraWide
code-creation,BytecodeHandler,0,36083,0x557d4ca82100,104,ToObject.ExtraWide
code-creation,BytecodeHandler,0,36100,0x557d4ca82180,412,CreateRegExpLiteral.ExtraWide
code-creation,BytecodeHandler,0,36118,0x557d4ca82340,1736,CreateArrayLiteral.ExtraWide
code-creation,BytecodeHandler,0,36135,0x557d4ca82a40,724,CreateEmptyArrayLiteral.ExtraWide
code-creation,BytecodeHandler,0,36156,0x557d4ca82d40,2756,CreateObjectLiteral.ExtraWide
code-creation,BytecodeHandler,0,36172,0x557d4ca83840,132,CloneObject.ExtraWide
code-creation,BytecodeHandler,0,36177,0x557d4ca83900,140,GetTemplateObject.ExtraWide
code-creation,BytecodeHandler,0,36187,0x557d4ca839c0,332,CreateClosure.ExtraWide
code-creation,BytecodeHandler,0,36192,0x557d4ca83b40,124,CreateBlockContext.ExtraWide
code-creation,BytecodeHandler,0,36212,0x557d4ca83bc0,136,CreateCatchContext.ExtraWide
code-creation,BytecodeHandler,0,36229,0x557d4ca83c80,352,CreateFunctionContext.ExtraWide
code-creation,BytecodeHandler,0,36238,0x557d4ca83e00,800,CreateFunctionContextWithCells.ExtraWide
code-creation,BytecodeHandler,0,36259,0x557d4ca84140,352,CreateEvalContext.ExtraWide
code-creation,BytecodeHandler,0,36264,0x557d4ca842c0,136,CreateWithContext.ExtraWide
code-creation,BytecodeHandler,0,36286,0x557d4ca84380,1776,JumpLoop.ExtraWide
code-creation,BytecodeHandler,0,36294,0x557d4ca84a80,20,Jump.ExtraWide
code-creation,BytecodeHandler,0,36308,0x557d4ca84ac0,44,JumpConstant.ExtraWide
code-creation,BytecodeHandler,0,36317,0x557d4ca84b00,68,JumpIfNullConstant.ExtraWide
code-creation,BytecodeHandler,0,36333,0x557d4ca84b80,68,JumpIfNotNullConstant.ExtraWide
code-creation,BytecodeHandler,0,36352,0x557d4ca84c00,68,JumpIfUndefinedConstant.ExtraWide
code-creation,BytecodeHandler,0,36373,0x557d4ca84c80,68,JumpIfNotUndefinedConstant.ExtraWide
code-creation,BytecodeHandler,0,36392,0x557d4ca84d00,72,JumpIfUndefinedOrNullConstant.ExtraWide
code-creation,BytecodeHandler,0,36412,0x557d4ca84d80,68,JumpIfTrueConstant.ExtraWide
code-creation,BytecodeHandler,0,36426,0x557d4ca84e00,68,JumpIfFalseConstant.ExtraWide
code-creation,BytecodeHandler,0,36431,0x557d4ca84e80,84,JumpIfJSReceiverConstant.ExtraWide
code-creation,BytecodeHandler,0,36442,0x557d4ca84f00,84,JumpIfForInDoneConstant.ExtraWide
code-creation,BytecodeHandler,0,36455,0x557d4ca84f80,140,JumpIfToBooleanTrueConstant.ExtraWide
code-creation,BytecodeHandler,0,36460,0x557d4ca85040,140,JumpIfToBooleanFalseConstant.ExtraWide
code-creation,BytecodeHandler,0,36477,0x557d4ca85100,120,JumpIfToBooleanTrue.ExtraWide
code-creation,BytecodeHandler,0,36497,0x557d4ca85180,120,JumpIfToBooleanFalse.ExtraWide
code-creation,BytecodeHandler,0,36511,0x557d4ca85200,44,JumpIfTrue.ExtraWide
code-creation,BytecodeHandler,0,36529,0x557d4ca85240,44,JumpIfFalse.ExtraWide
code-creation,BytecodeHandler,0,36541,0x557d4ca85280,44,JumpIfNull.ExtraWide
code-creation,BytecodeHandler,0,36546,0x557d4ca852c0,44,JumpIfNotNull.ExtraWide
code-creation,BytecodeHandler,0,36575,0x557d4ca85300,44,JumpIfUndefined.ExtraWide
code-creation,BytecodeHandler,0,36594,0x557d4ca85340,44,JumpIfNotUndefined.ExtraWide
code-creation,BytecodeHandler,0,36612,0x557d4ca85380,52,JumpIfUndefinedOrNull.ExtraWide
code-creation,BytecodeHandler,0,36629,0x557d4ca853c0,60,JumpIfJSReceiver.ExtraWide
code-creation,BytecodeHandler,0,36639,0x557d4ca85400,64,JumpIfForInDone.ExtraWide
code-creation,BytecodeHandler,0,36657,0x557d4ca85480,100,SwitchOnSmiNoFeedback.ExtraWide
code-creation,BytecodeHandler,0,36665,0x557d4ca85500,488,ForInEnumerate.ExtraWide
code-creation,BytecodeHandler,0,36680,0x557d4ca85700,220,ForInPrepare.ExtraWide
code-creation,BytecodeHandler,0,36688,0x557d4ca85800,208,ForInNext.ExtraWide
code-creation,BytecodeHandler,0,36708,0x557d4ca85900,44,ForInStep.ExtraWide
code-creation,BytecodeHandler,0,36721,0x557d4ca85940,3112,ForOfNext.ExtraWide
code-creation,BytecodeHandler,0,36729,0x557d4ca86580,144,ThrowReferenceErrorIfTdzHole.ExtraWide
code-creation,BytecodeHandler,0,36748,0x557d4ca86640,136,ThrowIfNotSuperConstructor.ExtraWide
code-creation,BytecodeHandler,0,36767,0x557d4ca86700,124,SwitchOnGeneratorState.ExtraWide
code-creation,BytecodeHandler,0,36776,0x557d4ca86780,460,SuspendGenerator.ExtraWide
code-creation,BytecodeHandler,0,36808,0x557d4ca86980,176,ResumeGenerator.ExtraWide
code-creation,BytecodeHandler,0,36824,0x557d4ca86a40,128,GetIterator.ExtraWide
code-creation,BytecodeHandler,0,36830,0x557d4ca86b00,104,ArrayDestructure.ExtraWide
code-creation,BytecodeHandler,0,36842,0x557d4ca86b80,112,IncBlockCounter.ExtraWide
new,MemoryChunk,0xe3b01040000,262144
code-creation,Script,10,38686,0x51c01000254,390, osr-bug.js:1:1,0xe3b0101e268,~
script-source,3,osr-bug.js,// Lines 146-154 (+ summary item 10\x2C line 37): OSR + reduce callback from different environments.\n// Usage: d8 osr-bug.js -- <variant> <n> [opt]   |  node osr-bug.js <variant> <n> [opt]\nconst isD8 = typeof process === 'undefined';\nconst log = isD8 ? print : console.log;\nconst argv = isD8 ? arguments : process.argv.slice(2);\nconst variant = argv[0]\x2C N = +argv[1]\x2C mode = argv[2] || 'plain';\nconst arr = [1\x2C 2\x2C 3\x2C 4\x2C 5\x2C 6\x2C 7\x2C 8\x2C 9\x2C 10];\nfunction doOuter(a\x2C b) { return a + b; }\nvar doOuterVar = function (a\x2C b) { return a + b; };\nconst doOuterConst = function (a\x2C b) { return a + b; };\nconst outerArrow = (a\x2C b) => a + b;\nconst V = {\n  literal(n) { let s = 0; while (n--) s += arr.reduce((a\x2C b) => a + b\x2C 0); return s; }\x2C\n  inner(n) { function doInner(a\x2C b) { return a + b; } let s = 0; while (n--) s += arr.reduce(doInner\x2C 0); return s; }\x2C\n  globalFn(n) { let s = 0; while (n--) s += arr.reduce(doOuter\x2C 0); return s; }\x2C\n  aliasInside(n) { var doInner = doOuter; let s = 0; while (n--) s += arr.reduce(doInner\x2C 0); return s; }\x2C\n  globalVar(n) { let s = 0; while (n--) s += arr.reduce(doOuterVar\x2C 0); return s; }\x2C\n  globalConst(n) { let s = 0; while (n--) s += arr.reduce(doOuterConst\x2C 0); return s; }\x2C\n  globalConstArrow(n) { let s = 0; while (n--) s += arr.reduce(outerArrow\x2C 0); return s; }\x2C\n  // workaround from line 154: loop body in a small local function\n  innerWrapped(n) { function doInner(a\x2C b) { return a + b; } function doSum() { return arr.reduce(doInner\x2C 0); } let s = 0; while (n--) s += doSum(); return s; }\x2C\n  constArrowWrapped(n) { function doSum() { return arr.reduce(outerArrow\x2C 0); } let s = 0; while (n--) s += doSum(); return s; }\x2C\n};\nconst doMain = V[variant];\nif (mode === 'opt') { %PrepareFunctionForOptimization(doMain); doMain(3); doMain(3); %OptimizeFunctionOnNextCall(doMain); }\nconst t0 = Date.now();\nconst r = doMain(N);\nlog(`${variant.padEnd(18)} mode=${mode} n=${N} ms=${Date.now() - t0} r=${r}`);\n
code-source-info,0x51c01000254,3,0,1932,C6O0C11O199C16O199C18O243C22O250C27O258C31O266C35O243C37O284C41O291C46O303C50O311C55O316C63O316C68O284C70O342C74O346C77O342C79O355C84O360C87O355C89O355C91O372C96O376C103O372C105O404C109O404C111O495C115O495C118O551C122O551C124O605C128O605C130O632C135O636C143O724C151O843C159O924C167O1031C175O1116C183O1205C191O1364C199O1527C209O632C211O1673C216O1674C219O1673C221O1685C226O1694C231O1707C239O1748C245O1748C249O1759C255O1759C259O1770C267O1820C271O1825C276O1825C280O1820C282O1842C288O1842C292O1842C294O1853C300O1868C308O1868C323O1887C336O1897C347O1905C351O1910C356O1910C363O1916C379O1926C384O1853C389O1932,,
LoadGlobalIC,0x51c0100025f,38941,3,14,X,X,0x0e3b0101d555,process,,
LoadGlobalIC,0x51c0100026a,38968,4,20,X,X,0x0e3b0101d555,print,,
LoadGlobalIC,0x51c0100027d,38982,5,21,X,X,0x0e3b0101d555,arguments,,
StoreGlobalIC,0x51c010002c7,39014,9,18,X,X,0x000000000000,doOuterVar,,
StoreIC,0x51c010002df,39065,13,3,X,X,0x000000000000,literal,,
StoreIC,0x51c010002e7,39094,14,3,X,X,0x000000000000,inner,,
StoreIC,0x51c010002ef,39116,15,3,X,X,0x000000000000,globalFn,,
StoreIC,0x51c010002f7,39139,16,3,X,X,0x000000000000,aliasInside,,
StoreIC,0x51c010002ff,39162,17,3,X,X,0x000000000000,globalVar,,
StoreIC,0x51c01000307,39185,18,3,X,X,0x000000000000,globalConst,,
StoreIC,0x51c0100030f,39211,19,3,X,X,0x000000000000,globalConstArrow,,
StoreIC,0x51c01000317,39227,21,3,X,X,0x000000000000,innerWrapped,,
StoreIC,0x51c0100031f,39251,22,3,X,X,0x000000000000,constArrowWrapped,,
LoadGlobalIC,0x51c0100035f,39278,26,12,X,X,0x0e3b0101d555,Date,,
code-creation,JS,10,39349,0x51c010004cc,49,globalFn osr-bug.js:15:11,0xe3b0101e46c,~
code-source-info,0x51c010004cc,3,851,920,C0O865C2O876C13O876C15O880C18O889C23O896C29O889C42O868C46O909C48O918,,
LoadGlobalIC,0x51c010004e3,39385,15,56,X,X,0x0e3b0101d555,doOuter,,
code-creation,JS,10,39420,0x51c01000548,6,doOuter osr-bug.js:8:17,0xe3b0101e334,~
code-source-info,0x51c01000548,3,453,477,C0O462C2O471C5O475,,
LoadGlobalIC,0x51c010004e3,39457,15,56,X,X,0x0e3b0101d555,doOuter,,
LoadGlobalIC,0x51c010004e3,39479,15,56,X,X,0x0e3b0101d555,doOuter,,
LoadGlobalIC,0x51c010004e3,39502,15,56,X,X,0x0e3b0101d555,doOuter,,
LoadGlobalIC,0x51c010004e3,39527,15,56,X,X,0x0e3b0101d555,doOuter,,
LoadGlobalIC,0x51c010004e3,39550,15,56,X,X,0x0e3b0101d555,doOuter,,
LoadGlobalIC,0x51c010004e3,39574,15,56,X,X,0x0e3b0101d555,doOuter,,
LoadGlobalIC,0x51c010004e3,39598,15,56,X,X,0x0e3b0101d555,doOuter,,
LoadGlobalIC,0x51c010004e3,39629,15,56,X,X,0x0e3b0101d555,doOuter,,
LoadIC,0x51c010004de,39662,15,49,0,1,0x0e3b0100d035,reduce,,
LoadGlobalIC,0x51c010004e3,39686,15,56,0,1,0x0e3b0101d555,doOuter,,
new,MemoryChunk,0x51c01040000,262144
new,MemoryChunk,0x557dac840000,262144
new,MemoryChunk,0xe3b01080000,262144
code-creation,JS,12,40626,0x557dac840040,260,doOuter osr-bug.js:8:17,0xe3b0101e334,+'
code-source-info,0x557dac840040,3,453,477,C7O453C7O453C7O453C7O453C23O453C27O471C41O471C52O471C70O475C80O475C94O475,,
code-creation,JS,12,40775,0x557dac840180,1176,globalFn osr-bug.js:15:11,0xe3b0101e46c,o+
code-source-info,0x557dac840180,3,851,920,C14O851C14O851C14O851C14O851C14O851C14O851C30O851C34O876C42O876C46O876C58O876C70O880C80O889C129O889C161O889C175O889C185O889C207O868C243O868C256O868C256O868C260O868C274O868C286O868C298O868C337O868C371O868C386O868C396O868C418O868C454O868C474O909C479O909C493O909C493O918C506O918,,
code-creation,JS,13,42382,0x557dac840680,248,doOuter osr-bug.js:8:17,0xe3b0101e334,*'
code-source-info,0x557dac840680,3,453,477,C11O453C25O471C72O475C113O453C151O475,,
code-creation,JS,13,43123,0x557dac8407c0,792,globalFn osr-bug.js:15:11,0xe3b0101e46c,o*
code-source-info,0x557dac8407c0,3,851,920,C23O851C45O876C104O880C111O889C168O471I0C192O889C200O471I0C218O889C235O471I0C250O889C267O471I0C281O889C299O471I0C312O889C322O918C348O851C389O889C420O876C537O889C563O876C677O868,F0O889,S0xe3b0101e334
LoadIC,0x51c01000380,45471,28,16,X,X,0x0e3b00000425,padEnd,,
LoadGlobalIC,0x51c010003af,45523,28,53,X,X,0x0e3b0101d555,Date,,
delete,MemoryChunk,0x303c00ed8000
delete,MemoryChunk,0x303c00ebd000
delete,MemoryChunk,0x303c00f26800
delete,MemoryChunk,0x303c00f29000
delete,MemoryChunk,0x303c00eba800
delete,MemoryChunk,0x303c00ef3800
