v8-version,15,6,67,0,0
v8-platform,linux,linux
new,CodeRange,0x55cadc680000,0
new,MemoryChunk,0x314800000000,262144
new,MemoryChunk,0x314800040000,262144
new,MemoryChunk,0x314800080000,262144
new,MemoryChunk,0x3148000c0000,262144
new,MemoryChunk,0x314800100000,262144
new,MemoryChunk,0x314800140000,262144
new,MemoryChunk,0x314800180000,262144
new,MemoryChunk,0x3148001c0000,262144
new,MemoryChunk,0x314800200000,262144
heap-capacity,1048512
heap-available,4397727616
new,MemoryChunk,0x314801000000,262144
new,MemoryChunk,0x1c7201000000,262144
code-creation,Builtin,3,2169,0x55ca7c699000,1016,DeoptimizationEntry_Eager
code-creation,Builtin,3,2188,0x55ca7c699400,1020,DeoptimizationEntry_Lazy
code-creation,Builtin,3,2192,0x55ca7c699800,84,DeoptimizationEntry_LazyAfterFastCall
code-creation,Builtin,3,2195,0x55ca7c699880,3240,RecordWriteSaveFP
code-creation,Builtin,3,2198,0x55ca7c69a540,1696,RecordWriteIgnoreFP
code-creation,Builtin,3,2199,0x55ca7c69ac00,340,EphemeronKeyBarrierSaveFP
code-creation,Builtin,3,2201,0x55ca7c69ad80,120,EphemeronKeyBarrierIgnoreFP
code-creation,Builtin,3,2213,0x55ca7c69ae00,336,IndirectPointerBarrierSaveFP
code-creation,Builtin,3,2217,0x55ca7c69af80,116,IndirectPointerBarrierIgnoreFP
code-creation,Builtin,3,2219,0x55ca7c69b000,24,AdaptorWithBuiltinExitFrame0
code-creation,Builtin,3,2221,0x55ca7c69b040,40,AdaptorWithBuiltinExitFrame1
code-creation,Builtin,3,2234,0x55ca7c69b080,40,AdaptorWithBuiltinExitFrame2
code-creation,Builtin,3,2238,0x55ca7c69b0c0,40,AdaptorWithBuiltinExitFrame3
code-creation,Builtin,3,2241,0x55ca7c69b100,40,AdaptorWithBuiltinExitFrame4
code-creation,Builtin,3,2258,0x55ca7c69b140,40,AdaptorWithBuiltinExitFrame5
code-creation,Builtin,3,2273,0x55ca7c69b180,292,CallFunction_ReceiverIsNullOrUndefined
code-creation,Builtin,3,2278,0x55ca7c69b2c0,332,CallFunction_ReceiverIsNotNullOrUndefined
code-creation,Builtin,3,2300,0x55ca7c69b440,364,CallFunction_ReceiverIsAny
code-creation,Builtin,3,2319,0x55ca7c69b5c0,104,CallBoundFunction
code-creation,Builtin,3,2324,0x55ca7c69b640,1052,CallWrappedFunction
code-creation,Builtin,3,2330,0x55ca7c69ba80,180,Call_ReceiverIsNullOrUndefined
code-creation,Builtin,3,2347,0x55ca7c69bb40,180,Call_ReceiverIsNotNullOrUndefined
code-creation,Builtin,3,2353,0x55ca7c69bc00,180,Call_ReceiverIsAny
code-creation,Builtin,3,2364,0x55ca7c69bcc0,908,Call_ReceiverIsNullOrUndefined_Baseline_Compact
code-creation,Builtin,3,2369,0x55ca7c69c080,900,Call_ReceiverIsNullOrUndefined_Baseline
code-creation,Builtin,3,2380,0x55ca7c69c440,1060,Call_ReceiverIsNotNullOrUndefined_Baseline_Compact
code-creation,Builtin,3,2385,0x55ca7c69c880,988,Call_ReceiverIsNotNullOrUndefined_Baseline
code-creation,Builtin,3,2403,0x55ca7c69cc80,1060,Call_ReceiverIsAny_Baseline_Compact
code-creation,Builtin,3,2412,0x55ca7c69d0c0,988,Call_ReceiverIsAny_Baseline
code-creation,Builtin,3,2431,0x55ca7c69d4c0,904,Call_ReceiverIsNullOrUndefined_WithFeedback
code-creation,Builtin,3,2446,0x55ca7c69d880,904,Call_ReceiverIsNotNullOrUndefined_WithFeedback
code-creation,Builtin,3,2451,0x55ca7c69dc40,904,Call_ReceiverIsAny_WithFeedback
code-creation,Builtin,3,2469,0x55ca7c69e000,736,CallProxy
code-creation,Builtin,3,2488,0x55ca7c69e300,132,CallVarargs
code-creation,Builtin,3,2504,0x55ca7c69e3c0,1352,CallWithSpread
code-creation,Builtin,3,2508,0x55ca7c69e940,2372,CallWithSpread_Baseline
code-creation,Builtin,3,2523,0x55ca7c69f2c0,2256,CallWithSpread_WithFeedback
code-creation,Builtin,3,2531,0x55ca7c69fbc0,1196,CallWithArrayLike
code-creation,Builtin,3,2534,0x55ca7c6a0080,2112,CallWithArrayLike_WithFeedback
code-creation,Builtin,3,2536,0x55ca7c6a0900,124,CallForwardVarargs
code-creation,Builtin,3,2539,0x55ca7c6a0980,124,CallFunctionForwardVarargs
code-creation,Builtin,3,2554,0x55ca7c6a0a00,476,CallFunctionTemplate_Generic
code-creation,Builtin,3,2572,0x55ca7c6a0c00,200,CallFunctionTemplate_CheckAccess
code-creation,Builtin,3,2576,0x55ca7c6a0d00,460,CallFunctionTemplate_CheckCompatibleReceiver
code-creation,Builtin,3,2594,0x55ca7c6a0f00,524,CallFunctionTemplate_CheckAccessAndCompatibleReceiver
code-creation,Builtin,3,2608,0x55ca7c6a1140,28,ConstructFunction
code-creation,Builtin,3,2643,0x55ca7c6a1180,104,ConstructBoundFunction
code-creation,Builtin,3,2648,0x55ca7c6a1200,28,ConstructedNonConstructable
code-creation,Builtin,3,2668,0x55ca7c6a1240,108,Construct
code-creation,Builtin,3,2672,0x55ca7c6a12c0,132,ConstructVarargs
code-creation,Builtin,3,2687,0x55ca7c6a1380,1372,ConstructWithSpread
code-creation,Builtin,3,2695,0x55ca7c6a1900,2196,ConstructWithSpread_Baseline
code-creation,Builtin,3,2709,0x55ca7c6a21c0,2212,ConstructWithSpread_WithFeedback
code-creation,Builtin,3,2726,0x55ca7c6a2a80,1332,ConstructWithArrayLike
code-creation,Builtin,3,2731,0x55ca7c6a2fc0,164,ConstructForwardVarargs
code-creation,Builtin,3,2763,0x55ca7c6a3080,80,ConstructForwardAllArgs
code-creation,Builtin,3,2768,0x55ca7c6a3100,752,ConstructForwardAllArgs_Baseline
code-creation,Builtin,3,2788,0x55ca7c6a3400,756,ConstructForwardAllArgs_WithFeedback
code-creation,Builtin,3,2793,0x55ca7c6a3700,164,ConstructFunctionForwardVarargs
code-creation,Builtin,3,2808,0x55ca7c6a37c0,756,Construct_Baseline
code-creation,Builtin,3,2816,0x55ca7c6a3ac0,792,Construct_WithFeedback
code-creation,Builtin,3,2911,0x55ca7c6a3e00,428,JSConstructStubGeneric
code-creation,Builtin,3,2921,0x55ca7c6a3fc0,324,JSBuiltinsConstructStub
code-creation,Builtin,3,2923,0x55ca7c6a4140,996,FastNewObject
code-creation,Builtin,3,2925,0x55ca7c6a4540,412,FastNewClosure
code-creation,Builtin,3,2932,0x55ca7c6a4700,772,ConstructProxy
code-creation,Builtin,3,2939,0x55ca7c6a4a40,240,JSEntry
code-creation,Builtin,3,2940,0x55ca7c6a4b40,240,JSConstructEntry
code-creation,Builtin,3,2942,0x55ca7c6a4c40,240,JSRunMicrotasksEntry
code-creation,Builtin,3,2944,0x55ca7c6a4d40,100,JSEntryTrampoline
code-creation,Builtin,3,2948,0x55ca7c6a4dc0,100,JSConstructEntryTrampoline
code-creation,Builtin,3,2952,0x55ca7c6a4e40,328,ResumeGeneratorTrampoline
code-creation,Builtin,3,2954,0x55ca7c6a4fc0,72,ResumeGeneratorTrampoline_WithCatch
code-creation,Builtin,3,2962,0x55ca7c6a5040,1212,StringFromCodePointAt
code-creation,Builtin,3,2968,0x55ca7c6a5500,1392,StringEqual
code-creation,Builtin,3,2970,0x55ca7c6a5a80,1392,WasmJSStringEqual
code-creation,Builtin,3,2972,0x55ca7c6a6000,648,StringGreaterThan
code-creation,Builtin,3,2974,0x55ca7c6a62c0,648,StringGreaterThanOrEqual
code-creation,Builtin,3,2975,0x55ca7c6a6580,648,StringLessThan
code-creation,Builtin,3,2977,0x55ca7c6a6840,648,StringLessThanOrEqual
code-creation,Builtin,3,2978,0x55ca7c6a6b00,652,StringCompare
code-creation,Builtin,3,2981,0x55ca7c6a6dc0,652,WasmStringCompare
code-creation,Builtin,3,2983,0x55ca7c6a7080,3892,StringSubstring
code-creation,Builtin,3,3002,0x55ca7c6a7fc0,112,OrderedHashTableHealIndex
code-creation,Builtin,3,3016,0x55ca7c6a8040,692,InterpreterEntryTrampoline
code-creation,Builtin,3,3034,0x55ca7c6a8300,700,InterpreterEntryTrampolineForProfiling
code-creation,Builtin,3,3051,0x55ca7c6a85c0,80,InterpreterForwardAllArgsThenConstruct
code-creation,Builtin,3,3057,0x55ca7c6a8640,76,InterpreterPushArgsThenCall
code-creation,Builtin,3,3067,0x55ca7c6a86c0,84,InterpreterPushUndefinedAndArgsThenCall
code-creation,Builtin,3,3072,0x55ca7c6a8740,84,InterpreterPushArgsThenCallWithFinalSpread
code-creation,Builtin,3,3084,0x55ca7c6a87c0,84,InterpreterPushArgsThenConstruct
code-creation,Builtin,3,3089,0x55ca7c6a8840,704,InterpreterPushArgsThenFastConstructFunction
code-creation,Builtin,3,3103,0x55ca7c6a8b40,84,InterpreterPushArgsThenConstructArrayFunction
code-creation,Builtin,3,3109,0x55ca7c6a8bc0,88,InterpreterPushArgsThenConstructWithFinalSpread
code-creation,Builtin,3,3124,0x55ca7c6a8c40,132,InterpreterEnterAtBytecode
code-creation,Builtin,3,3141,0x55ca7c6a8d00,256,InterpreterEnterAtNextBytecode
code-creation,Builtin,3,3145,0x55ca7c6a8e40,136,InterpreterOnStackReplacement
code-creation,Builtin,3,3155,0x55ca7c6a8f00,192,BaselineOutOfLinePrologue
code-creation,Builtin,3,3160,0x55ca7c6a9000,20,BaselineOutOfLinePrologueDeopt
code-creation,Builtin,3,3178,0x55ca7c6a9040,136,BaselineOnStackReplacement
code-creation,Builtin,3,3191,0x55ca7c6a9100,72,BaselineLeaveFrame
code-creation,Builtin,3,3195,0x55ca7c6a9180,260,InterpreterOnStackReplacement_ToBaseline
code-creation,Builtin,3,3211,0x55ca7c6a92c0,32,MaglevFunctionEntryStackCheck_WithoutNewTarget
code-creation,Builtin,3,3215,0x55ca7c6a9300,32,MaglevFunctionEntryStackCheck_WithNewTarget
code-creation,Builtin,3,3226,0x55ca7c6a9340,4,MaglevOptimizeCodeOrTailCallOptimizedCodeSlot
code-creation,Builtin,3,3232,0x55ca7c6a9380,992,CompileLazy
code-creation,Builtin,3,3246,0x55ca7c6a9780,32,NotifyDeoptimized
code-creation,Builtin,3,3264,0x55ca7c6a97c0,164,StartMaglevOptimizeJob
code-creation,Builtin,3,3269,0x55ca7c6a9880,164,OptimizeMaglevEager
code-creation,Builtin,3,3286,0x55ca7c6a9940,164,StartTurbofanOptimizeJob
code-creation,Builtin,3,3300,0x55ca7c6a9a00,164,OptimizeTurbofanEager
code-creation,Builtin,3,3305,0x55ca7c6a9ac0,164,FunctionLogNextExecution
code-creation,Builtin,3,3315,0x55ca7c6a9b80,164,MarkReoptimizeLazyDeoptimized
code-creation,Builtin,3,3320,0x55ca7c6a9c40,164,MarkLazyDeoptimized
code-creation,Builtin,3,3333,0x55ca7c6a9d00,164,MarkFlushed
code-creation,Builtin,3,3348,0x55ca7c6a9dc0,44,ContinueToCodeStubBuiltin
code-creation,Builtin,3,3363,0x55ca7c6a9e00,52,ContinueToCodeStubBuiltinWithResult
code-creation,Builtin,3,3367,0x55ca7c6a9e40,44,ContinueToJavaScriptBuiltin
code-creation,Builtin,3,3377,0x55ca7c6a9e80,52,ContinueToJavaScriptBuiltinWithResult
code-creation,Builtin,3,3382,0x55ca7c6a9ec0,284,CallApiCallbackGeneric
code-creation,Builtin,3,3392,0x55ca7c6aa000,216,CallApiCallbackOptimizedNoProfiling
code-creation,Builtin,3,3397,0x55ca7c6aa100,236,CallApiCallbackOptimized
code-creation,Builtin,3,3409,0x55ca7c6aa200,272,CallApiGetter
code-creation,Builtin,3,3414,0x55ca7c6aa340,280,CallNamedInterceptorGetter
code-creation,Builtin,3,3418,0x55ca7c6aa480,284,CallNamedInterceptorSetter
code-creation,Builtin,3,3432,0x55ca7c6aa5c0,32,HandleApiCallOrConstruct
code-creation,Builtin,3,3437,0x55ca7c6aa600,12,HandleApiConstruct
code-creation,Builtin,3,3454,0x55ca7c6aa640,12,HandleApiCallAsFunctionDelegate
code-creation,Builtin,3,3467,0x55ca7c6aa680,12,HandleApiCallAsConstructorDelegate
code-creation,Builtin,3,3472,0x55ca7c6aa6c0,52,AllocateInYoungGeneration
code-creation,Builtin,3,3489,0x55ca7c6aa700,52,AllocateInOldGeneration
code-creation,Builtin,3,3504,0x55ca7c6aa740,52,WasmAllocateInYoungGeneration
code-creation,Builtin,3,3521,0x55ca7c6aa780,52,WasmAllocateInOldGeneration
code-creation,Builtin,3,3525,0x55ca7c6aa7c0,44,WasmAllocateInSharedHeap
code-creation,Builtin,3,3527,0x55ca7c6aa800,132,NewHeapNumber
code-creation,Builtin,3,3529,0x55ca7c6aa8c0,684,CopyFastSmiOrObjectElements
code-creation,Builtin,3,3539,0x55ca7c6aab80,756,GrowFastDoubleElements
code-creation,Builtin,3,3543,0x55ca7c6aae80,560,GrowFastSmiOrObjectElements
code-creation,Builtin,3,3554,0x55ca7c6ab0c0,292,DebugBreakTrampoline
code-creation,Builtin,3,3559,0x55ca7c6ab200,280,RestartFrameTrampoline
code-creation,Builtin,3,3575,0x55ca7c6ab340,184,ToNumber
code-creation,Builtin,3,3589,0x55ca7c6ab400,80,ToBigInt
code-creation,Builtin,3,3592,0x55ca7c6ab480,272,ToNumber_Baseline
code-creation,Builtin,3,3598,0x55ca7c6ab5c0,336,ToNumeric_Baseline
code-creation,Builtin,3,3614,0x55ca7c6ab740,124,PlainPrimitiveToNumber
code-creation,Builtin,3,3618,0x55ca7c6ab7c0,224,ToNumberConvertBigInt
code-creation,Builtin,3,3629,0x55ca7c6ab8c0,60,ToBigIntConvertNumber
code-creation,Builtin,3,3633,0x55ca7c6ab900,192,Typeof
code-creation,Builtin,3,3640,0x55ca7c6aba00,448,Typeof_Baseline
code-creation,Builtin,3,3656,0x55ca7c6abc00,104,BigIntToI64
code-creation,Builtin,3,3660,0x55ca7c6abc80,4,BigIntToI32Pair
code-creation,Builtin,3,3675,0x55ca7c6abcc0,208,I64ToBigInt
code-creation,Builtin,3,3683,0x55ca7c6abdc0,4,I32PairToBigInt
code-creation,Builtin,3,3695,0x55ca7c6abe00,152,ToBooleanLazyDeoptContinuation
code-creation,Builtin,3,3699,0x55ca7c6abec0,344,MathCeilContinuation
code-creation,Builtin,3,3714,0x55ca7c6ac040,348,MathFloorContinuation
code-creation,Builtin,3,3723,0x55ca7c6ac1c0,396,MathRoundContinuation
code-creation,Builtin,3,3726,0x55ca7c6ac380,96,MathClz32Continuation
code-creation,Builtin,3,3728,0x55ca7c6ac400,3200,KeyedLoadIC_PolymorphicName
code-creation,Builtin,3,3753,0x55ca7c6ad0c0,30128,KeyedStoreIC_Megamorphic
code-creation,Builtin,3,3767,0x55ca7c6b4680,19072,DefineKeyedOwnIC_Megamorphic
code-creation,Builtin,3,3771,0x55ca7c6b9140,992,LoadGlobalIC_NoFeedback
code-creation,Builtin,3,3782,0x55ca7c6b9540,88,LoadIC_FunctionPrototype
code-creation,Builtin,3,3786,0x55ca7c6b95c0,8,LoadIC_StringLength
code-creation,Builtin,3,3796,0x55ca7c6b9600,16,LoadIC_StringWrapperLength
code-creation,Builtin,3,3801,0x55ca7c6b9640,4464,LoadIC_NoFeedback
code-creation,Builtin,3,3804,0x55ca7c6ba7c0,32,StoreGlobalIC_Slow
code-creation,Builtin,3,3806,0x55ca7c6ba800,8812,StoreIC_NoFeedback
code-creation,Builtin,3,3808,0x55ca7c6bca80,4780,DefineNamedOwnIC_NoFeedback
code-creation,Builtin,3,3810,0x55ca7c6bdd40,188,KeyedLoadIC_SloppyArguments
code-creation,Builtin,3,3811,0x55ca7c6bde00,68,LoadIndexedInterceptorIC
code-creation,Builtin,3,3813,0x55ca7c6bde80,320,KeyedStoreIC_SloppyArguments_InBounds
code-creation,Builtin,3,3815,0x55ca7c6be000,320,KeyedStoreIC_SloppyArguments_NoTransitionGrowAndHandleCOW
code-creation,Builtin,3,3818,0x55ca7c6be180,320,KeyedStoreIC_SloppyArguments_NoTransitionIgnoreTypedArrayOOB
code-creation,Builtin,3,3837,0x55ca7c6be300,320,KeyedStoreIC_SloppyArguments_NoTransitionHandleCOW
code-creation,Builtin,3,3851,0x55ca7c6be480,18448,StoreFastElementIC_InBounds
code-creation,Builtin,3,3855,0x55ca7c6c2cc0,12224,StoreFastElementIC_NoTransitionGrowAndHandleCOW
code-creation,Builtin,3,3873,0x55ca7c6c5cc0,18304,StoreFastElementIC_NoTransitionIgnoreTypedArrayOOB
code-creation,Builtin,3,3887,0x55ca7c6ca480,7144,StoreFastElementIC_NoTransitionHandleCOW
code-creation,Builtin,3,3892,0x55ca7c6cc080,9988,ElementsTransitionAndStore_InBounds
code-creation,Builtin,3,3910,0x55ca7c6ce7c0,22576,ElementsTransitionAndStore_NoTransitionGrowAndHandleCOW
code-creation,Builtin,3,3928,0x55ca7c6d4000,9988,ElementsTransitionAndStore_NoTransitionIgnoreTypedArrayOOB
code-creation,Builtin,3,3937,0x55ca7c6d6740,13380,ElementsTransitionAndStore_NoTransitionHandleCOW
code-creation,Builtin,3,3941,0x55ca7c6d9bc0,1216,KeyedHasIC_PolymorphicName
code-creation,Builtin,3,3943,0x55ca7c6da0c0,172,KeyedHasIC_SloppyArguments
code-creation,Builtin,3,3945,0x55ca7c6da180,68,HasIndexedInterceptorIC
code-creation,Builtin,3,3947,0x55ca7c6da200,200,EnqueueMicrotask
code-creation,Builtin,3,3951,0x55ca7c6da300,248,GlobalQueueMicrotask
code-creation,Builtin,3,3954,0x55ca7c6da400,8,RunMicrotasksTrampoline
code-creation,Builtin,3,3957,0x55ca7c6da440,3568,RunMicrotasks
code-creation,Builtin,3,3959,0x55ca7c6db240,3664,HasProperty
code-creation,Builtin,3,3977,0x55ca7c6dc0c0,1564,DeleteProperty
code-creation,Builtin,3,3981,0x55ca7c6dc700,2708,CopyDataProperties
code-creation,Builtin,3,3996,0x55ca7c6dd1c0,11500,SetDataProperties
code-creation,Builtin,3,4012,0x55ca7c6dfec0,300,ProxyGetPropertyFastPath
code-creation,Builtin,3,4016,0x55ca7c6e0000,3584,CopyDataPropertiesWithExcludedPropertiesOnStack
code-creation,Builtin,3,4033,0x55ca7c6e0e40,56,CopyDataPropertiesWithExcludedProperties
code-creation,Builtin,3,4047,0x55ca7c6e0e80,28,Abort
code-creation,Builtin,3,4051,0x55ca7c6e0ec0,28,AbortCSADcheck
code-creation,Builtin,3,4053,0x55ca7c6e0f00,12,EmptyFunction
code-creation,Builtin,3,4071,0x55ca7c6e0f40,12,EmptyFunction1
code-creation,Builtin,3,4076,0x55ca7c6e0f80,12,Illegal
code-creation,Builtin,3,4088,0x55ca7c6e0fc0,12,IllegalInvocationThrower
code-creation,Builtin,3,4098,0x55ca7c6e1000,12,StrictPoisonPillThrower
code-creation,Builtin,3,4110,0x55ca7c6e1040,12,UnsupportedThrower
code-creation,Builtin,3,4114,0x55ca7c6e1080,64,ReturnReceiver
code-creation,Builtin,3,4117,0x55ca7c6e1100,12,AbstractModuleSourceToStringTag
code-creation,Builtin,3,4119,0x55ca7c6e1140,20,ArrayConstructor
code-creation,Builtin,3,4121,0x55ca7c6e1180,360,ArrayConstructorImpl
code-creation,Builtin,3,4143,0x55ca7c6e1300,192,ArrayNoArgumentConstructor_PackedSmi_DontOverride
code-creation,Builtin,3,4160,0x55ca7c6e1400,192,ArrayNoArgumentConstructor_HoleySmi_DontOverride
code-creation,Builtin,3,4167,0x55ca7c6e1500,160,ArrayNoArgumentConstructor_PackedSmi_DisableAllocationSites
code-creation,Builtin,3,4185,0x55ca7c6e15c0,160,ArrayNoArgumentConstructor_HoleySmi_DisableAllocationSites
code-creation,Builtin,3,4205,0x55ca7c6e1680,160,ArrayNoArgumentConstructor_Packed_DisableAllocationSites
code-creation,Builtin,3,4220,0x55ca7c6e1740,160,ArrayNoArgumentConstructor_Holey_DisableAllocationSites
code-creation,Builtin,3,4226,0x55ca7c6e1800,156,ArrayNoArgumentConstructor_PackedDouble_DisableAllocationSites
code-creation,Builtin,3,4240,0x55ca7c6e18c0,156,ArrayNoArgumentConstructor_HoleyDouble_DisableAllocationSites
code-creation,Builtin,3,4247,0x55ca7c6e1980,888,ArraySingleArgumentConstructor_PackedSmi_DontOverride
code-creation,Builtin,3,4260,0x55ca7c6e1d00,848,ArraySingleArgumentConstructor_HoleySmi_DontOverride
code-creation,Builtin,3,4266,0x55ca7c6e2080,848,ArraySingleArgumentConstructor_PackedSmi_DisableAllocationSites
code-creation,Builtin,3,4279,0x55ca7c6e2400,744,ArraySingleArgumentConstructor_HoleySmi_DisableAllocationSites
code-creation,Builtin,3,4297,0x55ca7c6e2700,848,ArraySingleArgumentConstructor_Packed_DisableAllocationSites
code-creation,Builtin,3,4309,0x55ca7c6e2a80,744,ArraySingleArgumentConstructor_Holey_DisableAllocationSites
code-creation,Builtin,3,4331,0x55ca7c6e2d80,868,ArraySingleArgumentConstructor_PackedDouble_DisableAllocationSites
code-creation,Builtin,3,4346,0x55ca7c6e3100,828,ArraySingleArgumentConstructor_HoleyDouble_DisableAllocationSites
code-creation,Builtin,3,4362,0x55ca7c6e3440,48,ArrayNArgumentsConstructor
code-creation,Builtin,3,4379,0x55ca7c6e3480,12,ArrayConcat
code-creation,Builtin,3,4383,0x55ca7c6e34c0,12,ArrayPrototypeFill
code-creation,Builtin,3,4396,0x55ca7c6e3500,2380,ArrayIncludesSmi
code-creation,Builtin,3,4412,0x55ca7c6e3e80,2252,ArrayIncludesSmiOrObject
code-creation,Builtin,3,4416,0x55ca7c6e4780,356,ArrayIncludesPackedDoubles
code-creation,Builtin,3,4429,0x55ca7c6e4900,428,ArrayIncludesHoleyDoubles
code-creation,Builtin,3,4445,0x55ca7c6e4ac0,636,ArrayIncludes
code-creation,Builtin,3,4457,0x55ca7c6e4d40,2168,ArrayIndexOfSmi
code-creation,Builtin,3,4461,0x55ca7c6e55c0,2044,ArrayIndexOfSmiOrObject
code-creation,Builtin,3,4475,0x55ca7c6e5dc0,232,ArrayIndexOfPackedDoubles
code-creation,Builtin,3,4483,0x55ca7c6e5ec0,364,ArrayIndexOfHoleyDoubles
code-creation,Builtin,3,4495,0x55ca7c6e6040,640,ArrayIndexOf
code-creation,Builtin,3,4499,0x55ca7c6e6300,12,ArrayPop
code-creation,Builtin,3,4513,0x55ca7c6e6340,616,ArrayPrototypePop
code-creation,Builtin,3,4533,0x55ca7c6e65c0,12,ArrayPush
code-creation,Builtin,3,4538,0x55ca7c6e6600,4152,ArrayPrototypePush
code-creation,Builtin,3,4548,0x55ca7c6e7640,12,ArrayShift
code-creation,Builtin,3,4552,0x55ca7c6e7680,12,ArrayUnshift
code-creation,Builtin,3,4564,0x55ca7c6e76c0,1336,CloneFastJSArray
code-creation,Builtin,3,4573,0x55ca7c6e7c00,3224,CloneFastJSArrayFillingHoles
code-creation,Builtin,3,4588,0x55ca7c6e88c0,1392,ExtractFastJSArray
code-creation,Builtin,3,4592,0x55ca7c6e8e40,132,CreateArrayFromSlowBoilerplate
code-creation,Builtin,3,4605,0x55ca7c6e8f00,132,CreateObjectFromSlowBoilerplate
code-creation,Builtin,3,4614,0x55ca7c6e8fc0,2412,CreateArrayFromSlowBoilerplateHelper
code-creation,Builtin,3,4648,0x55ca7c6e9940,3552,CreateObjectFromSlowBoilerplateHelper
code-creation,Builtin,3,4679,0x55ca7c6ea740,240,ArrayPrototypeEntries
code-creation,Builtin,3,4695,0x55ca7c6ea840,240,ArrayPrototypeKeys
code-creation,Builtin,3,4699,0x55ca7c6ea940,240,ArrayPrototypeValues
code-creation,Builtin,3,4713,0x55ca7c6eaa40,4680,ArrayIteratorPrototypeNext
code-creation,Builtin,3,4722,0x55ca7c6ebcc0,12,ArrayBufferConstructor
code-creation,Builtin,3,4747,0x55ca7c6ebd00,12,ArrayBufferConstructor_DoNotInitialize
code-creation,Builtin,3,4751,0x55ca7c6ebd40,12,ArrayBufferPrototypeSlice
code-creation,Builtin,3,4754,0x55ca7c6ebd80,12,ArrayBufferPrototypeResize
code-creation,Builtin,3,4755,0x55ca7c6ebdc0,12,ArrayBufferPrototypeTransfer
code-creation,Builtin,3,4759,0x55ca7c6ebe00,12,ArrayBufferPrototypeTransferToFixedLength
code-creation,Builtin,3,4776,0x55ca7c6ebe40,12,ArrayBufferPrototypeTransferToImmutable
code-creation,Builtin,3,4794,0x55ca7c6ebe80,12,ArrayBufferPrototypeSliceToImmutable
code-creation,Builtin,3,4798,0x55ca7c6ebec0,952,AsyncFunctionEnter
code-creation,Builtin,3,4816,0x55ca7c6ec280,40,AsyncFunctionReject
code-creation,Builtin,3,4821,0x55ca7c6ec2c0,36,AsyncFunctionResolve
code-creation,Builtin,3,4834,0x55ca7c6ec300,12,AsyncFunctionLazyDeoptContinuation
code-creation,Builtin,3,4850,0x55ca7c6ec340,2036,AsyncFunctionAwait
code-creation,Builtin,3,4855,0x55ca7c6ecb40,104,AsyncFunctionAwaitRejectClosure
code-creation,Builtin,3,4865,0x55ca7c6ecbc0,104,AsyncFunctionAwaitResolveClosure
code-creation,Builtin,3,4870,0x55ca7c6ecc40,12,BigIntConstructor
code-creation,Builtin,3,4885,0x55ca7c6ecc80,12,BigIntAsUintN
code-creation,Builtin,3,4893,0x55ca7c6eccc0,12,BigIntAsIntN
code-creation,Builtin,3,4904,0x55ca7c6ecd00,12,BigIntPrototypeToLocaleString
code-creation,Builtin,3,4910,0x55ca7c6ecd40,12,BigIntPrototypeToString
code-creation,Builtin,3,4928,0x55ca7c6ecd80,12,BigIntPrototypeValueOf
code-creation,Builtin,3,4933,0x55ca7c6ecdc0,12,CallSitePrototypeGetColumnNumber
code-creation,Builtin,3,4936,0x55ca7c6ece00,12,CallSitePrototypeGetEnclosingColumnNumber
code-creation,Builtin,3,4938,0x55ca7c6ece40,12,CallSitePrototypeGetEnclosingLineNumber
code-creation,Builtin,3,4940,0x55ca7c6ece80,12,CallSitePrototypeGetEvalOrigin
code-creation,Builtin,3,4944,0x55ca7c6ecec0,12,CallSitePrototypeGetFileName
code-creation,Builtin,3,4946,0x55ca7c6ecf00,12,CallSitePrototypeGetFunction
code-creation,Builtin,3,4957,0x55ca7c6ecf40,12,CallSitePrototypeGetFunctionName
code-creation,Builtin,3,4970,0x55ca7c6ecf80,12,CallSitePrototypeGetLineNumber
code-creation,Builtin,3,4974,0x55ca7c6ecfc0,12,CallSitePrototypeGetMethodName
code-creation,Builtin,3,4987,0x55ca7c6ed000,12,CallSitePrototypeGetPosition
code-creation,Builtin,3,4993,0x55ca7c6ed040,12,CallSitePrototypeGetPromiseIndex
code-creation,Builtin,3,5006,0x55ca7c6ed080,12,CallSitePrototypeGetScriptHash
code-creation,Builtin,3,5010,0x55ca7c6ed0c0,12,CallSitePrototypeGetScriptNameOrSourceURL
code-creation,Builtin,3,5021,0x55ca7c6ed100,12,CallSitePrototypeGetThis
code-creation,Builtin,3,5025,0x55ca7c6ed140,12,CallSitePrototypeGetTypeName
code-creation,Builtin,3,5028,0x55ca7c6ed180,12,CallSitePrototypeIsAsync
code-creation,Builtin,3,5047,0x55ca7c6ed1c0,12,CallSitePrototypeIsConstructor
code-creation,Builtin,3,5059,0x55ca7c6ed200,12,CallSitePrototypeIsEval
code-creation,Builtin,3,5063,0x55ca7c6ed240,12,CallSitePrototypeIsNative
code-creation,Builtin,3,5066,0x55ca7c6ed280,12,CallSitePrototypeIsPromiseAll
code-creation,Builtin,3,5079,0x55ca7c6ed2c0,12,CallSitePrototypeIsToplevel
code-creation,Builtin,3,5085,0x55ca7c6ed300,12,CallSitePrototypeToString
code-creation,Builtin,3,5100,0x55ca7c6ed340,12,ConsoleDebug
code-creation,Builtin,3,5119,0x55ca7c6ed380,12,ConsoleError
code-creation,Builtin,3,5138,0x55ca7c6ed3c0,12,ConsoleInfo
code-creation,Builtin,3,5143,0x55ca7c6ed400,12,ConsoleLog
code-creation,Builtin,3,5145,0x55ca7c6ed440,12,ConsoleWarn
code-creation,Builtin,3,5153,0x55ca7c6ed480,12,ConsoleDir
code-creation,Builtin,3,5169,0x55ca7c6ed4c0,12,ConsoleDirXml
code-creation,Builtin,3,5175,0x55ca7c6ed500,12,ConsoleTable
code-creation,Builtin,3,5185,0x55ca7c6ed540,12,ConsoleTrace
code-creation,Builtin,3,5190,0x55ca7c6ed580,12,ConsoleGroup
code-creation,Builtin,3,5208,0x55ca7c6ed5c0,12,ConsoleGroupCollapsed
code-creation,Builtin,3,5222,0x55ca7c6ed600,12,ConsoleGroupEnd
code-creation,Builtin,3,5227,0x55ca7c6ed640,12,ConsoleClear
code-creation,Builtin,3,5241,0x55ca7c6ed680,12,ConsoleCount
code-creation,Builtin,3,5250,0x55ca7c6ed6c0,12,ConsoleCountReset
code-creation,Builtin,3,5261,0x55ca7c6ed700,12,ConsoleAssert
code-creation,Builtin,3,5265,0x55ca7c6ed740,12,ConsoleProfile
code-creation,Builtin,3,5279,0x55ca7c6ed780,12,ConsoleProfileEnd
code-creation,Builtin,3,5295,0x55ca7c6ed7c0,12,ConsoleTime
code-creation,Builtin,3,5299,0x55ca7c6ed800,12,ConsoleTimeLog
code-creation,Builtin,3,5314,0x55ca7c6ed840,12,ConsoleTimeEnd
code-creation,Builtin,3,5330,0x55ca7c6ed880,12,ConsoleTimeStamp
code-creation,Builtin,3,5334,0x55ca7c6ed8c0,12,ConsoleContext
code-creation,Builtin,3,5351,0x55ca7c6ed900,12,DataViewConstructor
code-creation,Builtin,3,5368,0x55ca7c6ed940,12,DateConstructor
code-creation,Builtin,3,5372,0x55ca7c6ed980,216,DatePrototypeGetDate
code-creation,Builtin,3,5386,0x55ca7c6eda80,216,DatePrototypeGetDay
code-creation,Builtin,3,5402,0x55ca7c6edb80,212,DatePrototypeGetFullYear
code-creation,Builtin,3,5406,0x55ca7c6edc80,216,DatePrototypeGetHours
code-creation,Builtin,3,5422,0x55ca7c6edd80,204,DatePrototypeGetMilliseconds
code-creation,Builtin,3,5435,0x55ca7c6ede80,216,DatePrototypeGetMinutes
code-creation,Builtin,3,5439,0x55ca7c6edf80,216,DatePrototypeGetMonth
code-creation,Builtin,3,5455,0x55ca7c6ee080,216,DatePrototypeGetSeconds
code-creation,Builtin,3,5469,0x55ca7c6ee180,256,DatePrototypeGetTime
code-creation,Builtin,3,5473,0x55ca7c6ee2c0,204,DatePrototypeGetTimezoneOffset
code-creation,Builtin,3,5489,0x55ca7c6ee3c0,204,DatePrototypeGetUTCDate
code-creation,Builtin,3,5519,0x55ca7c6ee4c0,204,DatePrototypeGetUTCDay
code-creation,Builtin,3,5529,0x55ca7c6ee5c0,204,DatePrototypeGetUTCFullYear
code-creation,Builtin,3,5541,0x55ca7c6ee6c0,204,DatePrototypeGetUTCHours
code-creation,Builtin,3,5545,0x55ca7c6ee7c0,204,DatePrototypeGetUTCMilliseconds
code-creation,Builtin,3,5549,0x55ca7c6ee8c0,204,DatePrototypeGetUTCMinutes
code-creation,Builtin,3,5567,0x55ca7c6ee9c0,204,DatePrototypeGetUTCMonth
code-creation,Builtin,3,5572,0x55ca7c6eeac0,204,DatePrototypeGetUTCSeconds
code-creation,Builtin,3,5576,0x55ca7c6eebc0,256,DatePrototypeValueOf
code-creation,Builtin,3,5586,0x55ca7c6eed00,440,DatePrototypeToPrimitive
code-creation,Builtin,3,5590,0x55ca7c6eeec0,12,DatePrototypeGetYear
code-creation,Builtin,3,5610,0x55ca7c6eef00,12,DatePrototypeSetYear
code-creation,Builtin,3,5614,0x55ca7c6eef40,12,DateNow
code-creation,Builtin,3,5628,0x55ca7c6eef80,12,DateParse
code-creation,Builtin,3,5633,0x55ca7c6eefc0,12,DatePrototypeSetDate
code-creation,Builtin,3,5636,0x55ca7c6ef000,12,DatePrototypeSetFullYear
code-creation,Builtin,3,5648,0x55ca7c6ef040,12,DatePrototypeSetHours
code-creation,Builtin,3,5651,0x55ca7c6ef080,12,DatePrototypeSetMilliseconds
code-creation,Builtin,3,5654,0x55ca7c6ef0c0,12,DatePrototypeSetMinutes
code-creation,Builtin,3,5657,0x55ca7c6ef100,12,DatePrototypeSetMonth
code-creation,Builtin,3,5672,0x55ca7c6ef140,12,DatePrototypeSetSeconds
code-creation,Builtin,3,5680,0x55ca7c6ef180,12,DatePrototypeSetTime
code-creation,Builtin,3,5685,0x55ca7c6ef1c0,12,DatePrototypeSetUTCDate
code-creation,Builtin,3,5688,0x55ca7c6ef200,12,DatePrototypeSetUTCFullYear
code-creation,Builtin,3,5701,0x55ca7c6ef240,12,DatePrototypeSetUTCHours
code-creation,Builtin,3,5706,0x55ca7c6ef280,12,DatePrototypeSetUTCMilliseconds
code-creation,Builtin,3,5713,0x55ca7c6ef2c0,12,DatePrototypeSetUTCMinutes
code-creation,Builtin,3,5723,0x55ca7c6ef300,12,DatePrototypeSetUTCMonth
code-creation,Builtin,3,5727,0x55ca7c6ef340,12,DatePrototypeSetUTCSeconds
code-creation,Builtin,3,5730,0x55ca7c6ef380,12,DatePrototypeToDateString
code-creation,Builtin,3,5732,0x55ca7c6ef3c0,12,DatePrototypeToISOString
code-creation,Builtin,3,5754,0x55ca7c6ef400,12,DatePrototypeToUTCString
code-creation,Builtin,3,5772,0x55ca7c6ef440,12,DatePrototypeToString
code-creation,Builtin,3,5777,0x55ca7c6ef480,12,DatePrototypeToTimeString
code-creation,Builtin,3,5792,0x55ca7c6ef4c0,12,DatePrototypeToJson
code-creation,Builtin,3,5797,0x55ca7c6ef500,12,DateUTC
code-creation,Builtin,3,5799,0x55ca7c6ef540,12,DisposableStackConstructor
code-creation,Builtin,3,5801,0x55ca7c6ef580,12,DisposableStackPrototypeUse
code-creation,Builtin,3,5803,0x55ca7c6ef5c0,12,DisposableStackPrototypeDispose
code-creation,Builtin,3,5811,0x55ca7c6ef600,12,DisposableStackPrototypeGetDisposed
code-creation,Builtin,3,5813,0x55ca7c6ef640,12,DisposableStackPrototypeAdopt
code-creation,Builtin,3,5816,0x55ca7c6ef680,12,DisposableStackPrototypeDefer
code-creation,Builtin,3,5829,0x55ca7c6ef6c0,12,DisposableStackPrototypeMove
code-creation,Builtin,3,5834,0x55ca7c6ef700,12,AsyncDisposableStackOnFulfilled
code-creation,Builtin,3,5845,0x55ca7c6ef740,12,AsyncDisposableStackOnRejected
code-creation,Builtin,3,5868,0x55ca7c6ef780,12,AsyncDisposeFromSyncDispose
code-creation,Builtin,3,5873,0x55ca7c6ef7c0,12,AsyncDisposableStackConstructor
code-creation,Builtin,3,5885,0x55ca7c6ef800,12,AsyncDisposableStackPrototypeUse
code-creation,Builtin,3,5891,0x55ca7c6ef840,12,AsyncDisposableStackPrototypeDisposeAsync
code-creation,Builtin,3,5906,0x55ca7c6ef880,12,AsyncDisposableStackPrototypeGetDisposed
code-creation,Builtin,3,5923,0x55ca7c6ef8c0,12,AsyncDisposableStackPrototypeAdopt
code-creation,Builtin,3,5942,0x55ca7c6ef900,12,AsyncDisposableStackPrototypeDefer
code-creation,Builtin,3,5959,0x55ca7c6ef940,12,AsyncDisposableStackPrototypeMove
code-creation,Builtin,3,5976,0x55ca7c6ef980,12,ErrorConstructor
code-creation,Builtin,3,5980,0x55ca7c6ef9c0,12,ErrorCaptureStackTrace
code-creation,Builtin,3,5999,0x55ca7c6efa00,12,ErrorPrototypeToString
code-creation,Builtin,3,6006,0x55ca7c6efa40,12,ErrorIsError
code-creation,Builtin,3,6025,0x55ca7c6efa80,12,FunctionConstructor
code-creation,Builtin,3,6045,0x55ca7c6efac0,248,FunctionPrototypeApply
code-creation,Builtin,3,6065,0x55ca7c6efbc0,12,FunctionPrototypeBind
code-creation,Builtin,3,6082,0x55ca7c6efc00,260,WasmConstructorWrapper
code-creation,Builtin,3,6099,0x55ca7c6efd40,112,WasmMethodWrapper
code-creation,Builtin,3,6118,0x55ca7c6efdc0,216,FunctionPrototypeCall
code-creation,Builtin,3,6135,0x55ca7c6efec0,12,FunctionPrototypeToString
code-creation,Builtin,3,6156,0x55ca7c6eff00,12,FunctionPrototypeLegacyArgumentsGetter
code-creation,Builtin,3,6175,0x55ca7c6eff40,12,FunctionPrototypeLegacyArgumentsSetter
code-creation,Builtin,3,6194,0x55ca7c6eff80,12,FunctionPrototypeLegacyCallerGetter
code-creation,Builtin,3,6214,0x55ca7c6effc0,12,FunctionPrototypeLegacyCallerSetter
code-creation,Builtin,3,6230,0x55ca7c6f0000,340,CreateIterResultObject
code-creation,Builtin,3,6246,0x55ca7c6f0180,1328,CreateGeneratorObject
code-creation,Builtin,3,6250,0x55ca7c6f06c0,12,GeneratorFunctionConstructor
code-creation,Builtin,3,6265,0x55ca7c6f0700,356,GeneratorPrototypeNext
code-creation,Builtin,3,6281,0x55ca7c6f0880,352,GeneratorPrototypeReturn
code-creation,Builtin,3,6286,0x55ca7c6f0a00,360,GeneratorPrototypeThrow
code-creation,Builtin,3,6288,0x55ca7c6f0b80,12,AsyncFunctionConstructor
code-creation,Builtin,3,6308,0x55ca7c6f0bc0,464,SuspendGeneratorBaseline
code-creation,Builtin,3,6325,0x55ca7c6f0dc0,116,ResumeGeneratorBaseline
code-creation,Builtin,3,6343,0x55ca7c6f0e40,36,GetIteratorWithFeedbackLazyDeoptContinuation
code-creation,Builtin,3,6365,0x55ca7c6f0e80,76,CallIteratorWithFeedbackLazyDeoptContinuation
code-creation,Builtin,3,6386,0x55ca7c6f0f00,340,ForOfNextResultDeoptContinuation
code-creation,Builtin,3,6392,0x55ca7c6f1080,268,ForOfNextLoadDoneLazyDeoptContinuation
code-creation,Builtin,3,6412,0x55ca7c6f11c0,32,ForOfNextLoadValueEagerDeoptContinuation
code-creation,Builtin,3,6430,0x55ca7c6f1200,12,ForOfNextLoadValueLazyDeoptContinuation
code-creation,Builtin,3,6435,0x55ca7c6f1240,12,GlobalDecodeURI
code-creation,Builtin,3,6450,0x55ca7c6f1280,12,GlobalDecodeURIComponent
code-creation,Builtin,3,6466,0x55ca7c6f12c0,12,GlobalEncodeURI
code-creation,Builtin,3,6471,0x55ca7c6f1300,12,GlobalEncodeURIComponent
code-creation,Builtin,3,6491,0x55ca7c6f1340,12,GlobalEscape
code-creation,Builtin,3,6495,0x55ca7c6f1380,12,GlobalUnescape
code-creation,Builtin,3,6497,0x55ca7c6f13c0,12,GlobalEval
code-creation,Builtin,3,6499,0x55ca7c6f1400,176,GlobalIsFinite
code-creation,Builtin,3,6501,0x55ca7c6f14c0,168,GlobalIsNaN
code-creation,Builtin,3,6517,0x55ca7c6f1580,12,JsonParse
code-creation,Builtin,3,6522,0x55ca7c6f15c0,12,JsonStringify
code-creation,Builtin,3,6525,0x55ca7c6f1600,12,JsonRawJson
code-creation,Builtin,3,6528,0x55ca7c6f1640,12,JsonIsRawJson
code-creation,Builtin,3,6531,0x55ca7c6f1680,4420,LoadIC
code-creation,Builtin,3,6551,0x55ca7c6f2800,3436,LoadIC_Megamorphic
code-creation,Builtin,3,6574,0x55ca7c6f3580,4028,LoadIC_Noninlined
code-creation,Builtin,3,6591,0x55ca7c6f4540,44,LoadICTrampoline
code-creation,Builtin,3,6614,0x55ca7c6f4580,88,LoadICUninitializedBaseline
code-creation,Builtin,3,6636,0x55ca7c6f4600,120,LoadICInObjectNonDoubleFieldBaseline
code-creation,Builtin,3,6645,0x55ca7c6f4680,96,LoadICInObjectNonDoubleField0Baseline
code-creation,Builtin,3,6661,0x55ca7c6f4700,96,LoadICInObjectNonDoubleField1Baseline
code-creation,Builtin,3,6680,0x55ca7c6f4780,96,LoadICInObjectNonDoubleField2Baseline
code-creation,Builtin,3,6685,0x55ca7c6f4800,96,LoadICInObjectNonDoubleField3Baseline
code-creation,Builtin,3,6704,0x55ca7c6f4880,96,LoadICInObjectNonDoubleField4Baseline
code-creation,Builtin,3,6721,0x55ca7c6f4900,96,LoadICInObjectNonDoubleField5Baseline
code-creation,Builtin,3,6764,0x55ca7c6f4980,96,LoadICInObjectNonDoubleField6Baseline
code-creation,Builtin,3,6785,0x55ca7c6f4a00,96,LoadICInObjectNonDoubleField7Baseline
code-creation,Builtin,3,6795,0x55ca7c6f4a80,124,LoadICOutOfObjectNonDoubleFieldBaseline
code-creation,Builtin,3,6807,0x55ca7c6f4b00,100,LoadICOutOfObjectNonDoubleField0Baseline
code-creation,Builtin,3,6812,0x55ca7c6f4b80,100,LoadICOutOfObjectNonDoubleField1Baseline
code-creation,Builtin,3,6816,0x55ca7c6f4c00,100,LoadICOutOfObjectNonDoubleField2Baseline
code-creation,Builtin,3,6883,0x55ca7c6f4c80,100,LoadICOutOfObjectNonDoubleField3Baseline
code-creation,Builtin,3,6892,0x55ca7c6f4d00,260,LoadICDoubleFieldBaseline
code-creation,Builtin,3,6898,0x55ca7c6f4e40,164,LoadICConstantFromPrototypeBaseline
code-creation,Builtin,3,6900,0x55ca7c6f4f00,196,LoadICConstantFromStringPrototypeBaseline
code-creation,Builtin,3,6903,0x55ca7c6f5000,108,LoadICStringLengthBaseline
code-creation,Builtin,3,6905,0x55ca7c6f5080,4460,LoadICGenericBaseline
code-creation,Builtin,3,6906,0x55ca7c6f6200,44,LoadICTrampoline_Megamorphic
code-creation,Builtin,3,6909,0x55ca7c6f6240,9844,LoadSuperIC
code-creation,Builtin,3,6910,0x55ca7c6f88c0,20,LoadSuperICBaseline
code-creation,Builtin,3,6915,0x55ca7c6f8900,8580,KeyedLoadIC
code-creation,Builtin,3,6922,0x55ca7c6faac0,9036,EnumeratedKeyedLoadIC
code-creation,Builtin,3,6925,0x55ca7c6fce40,16796,KeyedLoadIC_Megamorphic
code-creation,Builtin,3,6927,0x55ca7c701000,44,KeyedLoadICTrampoline
code-creation,Builtin,3,6929,0x55ca7c701040,20,KeyedLoadICBaseline
code-creation,Builtin,3,6930,0x55ca7c701080,28,EnumeratedKeyedLoadICBaseline
code-creation,Builtin,3,6933,0x55ca7c7010c0,44,KeyedLoadICTrampoline_Megamorphic
code-creation,Builtin,3,6935,0x55ca7c701100,9152,StoreGlobalIC
code-creation,Builtin,3,6936,0x55ca7c703500,44,StoreGlobalICTrampoline
code-creation,Builtin,3,6944,0x55ca7c703540,20,StoreGlobalICBaseline
code-creation,Builtin,3,6953,0x55ca7c703580,7088,StoreIC
code-creation,Builtin,3,6955,0x55ca7c705140,6944,StoreIC_Megamorphic
code-creation,Builtin,3,6956,0x55ca7c706c80,48,StoreICTrampoline
code-creation,Builtin,3,6958,0x55ca7c706cc0,48,StoreICTrampoline_Megamorphic
code-creation,Builtin,3,6960,0x55ca7c706d00,20,StoreICBaseline
code-creation,Builtin,3,6962,0x55ca7c706d40,6972,DefineNamedOwnIC
code-creation,Builtin,3,6963,0x55ca7c708880,48,DefineNamedOwnICTrampoline
code-creation,Builtin,3,6965,0x55ca7c7088c0,20,DefineNamedOwnICBaseline
code-creation,Builtin,3,6967,0x55ca7c708900,15748,KeyedStoreIC
code-creation,Builtin,3,6968,0x55ca7c70c6c0,48,KeyedStoreICTrampoline
code-creation,Builtin,3,6970,0x55ca7c70c700,48,KeyedStoreICTrampoline_Megamorphic
code-creation,Builtin,3,6972,0x55ca7c70c740,20,KeyedStoreICBaseline
code-creation,Builtin,3,6973,0x55ca7c70c780,15076,DefineKeyedOwnIC
code-creation,Builtin,3,6984,0x55ca7c710280,52,DefineKeyedOwnICTrampoline
code-creation,Builtin,3,6987,0x55ca7c7102c0,28,DefineKeyedOwnICBaseline
code-creation,Builtin,3,6989,0x55ca7c710300,484,StoreInArrayLiteralIC
code-creation,Builtin,3,6990,0x55ca7c710500,20,StoreInArrayLiteralICBaseline
code-creation,Builtin,3,6992,0x55ca7c710540,180,LookupContextNoCellTrampoline
code-creation,Builtin,3,6994,0x55ca7c710600,428,LookupContextTrampoline
code-creation,Builtin,3,6996,0x55ca7c7107c0,180,LookupContextNoCellBaseline
code-creation,Builtin,3,7007,0x55ca7c710880,428,LookupScriptContextBaseline
code-creation,Builtin,3,7013,0x55ca7c710a40,180,LookupContextNoCellInsideTypeofTrampoline
code-creation,Builtin,3,7017,0x55ca7c710b00,428,LookupContextInsideTypeofTrampoline
code-creation,Builtin,3,7038,0x55ca7c710cc0,180,LookupContextNoCellInsideTypeofBaseline
code-creation,Builtin,3,7060,0x55ca7c710d80,428,LookupContextInsideTypeofBaseline
code-creation,Builtin,3,7080,0x55ca7c710f40,2672,LoadGlobalIC
code-creation,Builtin,3,7097,0x55ca7c7119c0,2608,LoadGlobalICInsideTypeof
code-creation,Builtin,3,7116,0x55ca7c712400,44,LoadGlobalICTrampoline
code-creation,Builtin,3,7143,0x55ca7c712440,20,LoadGlobalICBaseline
code-creation,Builtin,3,7156,0x55ca7c712480,44,LoadGlobalICInsideTypeofTrampoline
code-creation,Builtin,3,7173,0x55ca7c7124c0,20,LoadGlobalICInsideTypeofBaseline
code-creation,Builtin,3,7190,0x55ca7c712500,172,LookupGlobalIC
code-creation,Builtin,3,7194,0x55ca7c7125c0,204,LookupGlobalICTrampoline
code-creation,Builtin,3,7210,0x55ca7c7126c0,172,LookupGlobalICBaseline
code-creation,Builtin,3,7225,0x55ca7c712780,172,LookupGlobalICInsideTypeof
code-creation,Builtin,3,7231,0x55ca7c712840,204,LookupGlobalICInsideTypeofTrampoline
code-creation,Builtin,3,7246,0x55ca7c712940,172,LookupGlobalICInsideTypeofBaseline
code-creation,Builtin,3,7265,0x55ca7c712a00,3820,CloneObjectIC
code-creation,Builtin,3,7270,0x55ca7c713900,20,CloneObjectICBaseline
code-creation,Builtin,3,7273,0x55ca7c713940,3008,CloneObjectIC_Slow
code-creation,Builtin,3,7275,0x55ca7c714540,3540,KeyedHasIC
code-creation,Builtin,3,7278,0x55ca7c715340,20,KeyedHasICBaseline
code-creation,Builtin,3,7293,0x55ca7c715380,3672,KeyedHasIC_Megamorphic
code-creation,Builtin,3,7306,0x55ca7c716200,2468,AddLhsIsStringConstantInternalizeWithVector
code-creation,Builtin,3,7324,0x55ca7c716bc0,2660,AddLhsIsStringConstantInternalizeTrampoline
code-creation,Builtin,3,7341,0x55ca7c717640,2468,AddRhsIsStringConstantInternalizeWithVector
code-creation,Builtin,3,7345,0x55ca7c718000,2660,AddRhsIsStringConstantInternalizeTrampoline
code-creation,Builtin,3,7359,0x55ca7c718a80,2104,IterableToList
code-creation,Builtin,3,7367,0x55ca7c7192c0,1820,IterableToFixedArray
code-creation,Builtin,3,7378,0x55ca7c719a00,808,IterableToListWithSymbolLookup
code-creation,Builtin,3,7383,0x55ca7c719d40,56,IterableToFixedArrayWithSymbolLookupSlow
code-creation,Builtin,3,7402,0x55ca7c719d80,108,IterableToListMayPreserveHoles
code-creation,Builtin,3,7406,0x55ca7c719e00,108,IterableToListConvertHoles
code-creation,Builtin,3,7420,0x55ca7c719e80,1392,IterableToFixedArrayForWasm
code-creation,Builtin,3,7429,0x55ca7c71a400,1920,StringListFromIterable
code-creation,Builtin,3,7440,0x55ca7c71abc0,1464,FindOrderedHashMapEntry
code-creation,Builtin,3,7444,0x55ca7c71b180,5012,MapConstructor
code-creation,Builtin,3,7462,0x55ca7c71c540,2072,MapPrototypeSet
code-creation,Builtin,3,7466,0x55ca7c71cd80,1684,MapPrototypeDelete
code-creation,Builtin,3,7468,0x55ca7c71d440,200,MapPrototypeGet
code-creation,Builtin,3,7482,0x55ca7c71d540,164,MapPrototypeHas
code-creation,Builtin,3,7509,0x55ca7c71d600,12,MapPrototypeClear
code-creation,Builtin,3,7528,0x55ca7c71d640,2004,MapPrototypeGetOrInsert
code-creation,Builtin,3,7534,0x55ca7c71de40,2328,MapPrototypeGetOrInsertComputed
code-creation,Builtin,3,7548,0x55ca7c71e780,276,MapPrototypeEntries
code-creation,Builtin,3,7566,0x55ca7c71e8c0,144,MapPrototypeGetSize
code-creation,Builtin,3,7571,0x55ca7c71e980,560,MapPrototypeForEach
code-creation,Builtin,3,7573,0x55ca7c71ebc0,276,MapPrototypeKeys
code-creation,Builtin,3,7588,0x55ca7c71ed00,276,MapPrototypeValues
code-creation,Builtin,3,7593,0x55ca7c71ee40,888,MapIteratorPrototypeNext
code-creation,Builtin,3,7611,0x55ca7c71f1c0,1360,MapIteratorToList
code-creation,Builtin,3,7617,0x55ca7c71f740,12,NumberPrototypeToExponential
code-creation,Builtin,3,7631,0x55ca7c71f780,12,NumberPrototypeToFixed
code-creation,Builtin,3,7636,0x55ca7c71f7c0,12,NumberPrototypeToLocaleString
code-creation,Builtin,3,7638,0x55ca7c71f800,12,NumberPrototypeToPrecision
code-creation,Builtin,3,7640,0x55ca7c71f840,12,MathSumPrecise
code-creation,Builtin,3,7656,0x55ca7c71f880,376,SameValue
code-creation,Builtin,3,7660,0x55ca7c71fa00,208,SameValueNumbersOnly
code-creation,Builtin,3,7662,0x55ca7c71fb00,1976,Add_Generic_Baseline
code-creation,Builtin,3,7682,0x55ca7c7202c0,12,Add_None_Baseline
code-creation,Builtin,3,7687,0x55ca7c720300,40,Add_SignedSmall_Baseline
code-creation,Builtin,3,7690,0x55ca7c720340,232,Add_Number_Baseline
code-creation,Builtin,3,7693,0x55ca7c720440,64,Add_String_Baseline
code-creation,Builtin,3,7705,0x55ca7c7204c0,1972,AddAndTryPatchCode
code-creation,Builtin,3,7716,0x55ca7c720c80,1352,Subtract_Generic_Baseline
code-creation,Builtin,3,7729,0x55ca7c721200,12,Subtract_None_Baseline
code-creation,Builtin,3,7733,0x55ca7c721240,40,Subtract_SignedSmall_Baseline
code-creation,Builtin,3,7774,0x55ca7c721280,232,Subtract_Number_Baseline
code-creation,Builtin,3,7791,0x55ca7c721380,1556,SubtractAndTryPatchCode
code-creation,Builtin,3,7797,0x55ca7c7219c0,1560,Multiply_Generic_Baseline
code-creation,Builtin,3,7799,0x55ca7c722000,12,Multiply_None_Baseline
code-creation,Builtin,3,7802,0x55ca7c722040,348,Multiply_SignedSmall_Baseline
code-creation,Builtin,3,7807,0x55ca7c7221c0,264,Multiply_Number_Baseline
code-creation,Builtin,3,7809,0x55ca7c722300,1736,MultiplyAndTryPatchCode
code-creation,Builtin,3,7811,0x55ca7c722a00,1544,Divide_Generic_Baseline
code-creation,Builtin,3,7813,0x55ca7c723040,12,Divide_None_Baseline
code-creation,Builtin,3,7815,0x55ca7c723080,404,Divide_SignedSmall_Baseline
code-creation,Builtin,3,7817,0x55ca7c723240,308,Divide_Number_Baseline
code-creation,Builtin,3,7820,0x55ca7c723380,1744,DivideAndTryPatchCode
code-creation,Builtin,3,7832,0x55ca7c723a80,1584,Modulus_Generic_Baseline
code-creation,Builtin,3,7840,0x55ca7c7240c0,12,Modulus_None_Baseline
code-creation,Builtin,3,7852,0x55ca7c724100,408,Modulus_SignedSmall_Baseline
code-creation,Builtin,3,7861,0x55ca7c7242c0,428,Modulus_Number_Baseline
code-creation,Builtin,3,7872,0x55ca7c724480,1764,ModulusAndTryPatchCode
code-creation,Builtin,3,7876,0x55ca7c724b80,852,Exponentiate_Generic_Baseline
code-creation,Builtin,3,7891,0x55ca7c724f00,12,Exponentiate_None_Baseline
code-creation,Builtin,3,7897,0x55ca7c724f40,792,Exponentiate_Number_Baseline
code-creation,Builtin,3,7900,0x55ca7c725280,1148,ExponentiateAndTryPatchCode
code-creation,Builtin,3,7913,0x55ca7c725700,1924,BitwiseAnd_Generic_Baseline
code-creation,Builtin,3,7918,0x55ca7c725ec0,12,BitwiseAnd_None_Baseline
code-creation,Builtin,3,7928,0x55ca7c725f00,36,BitwiseAnd_SignedSmall_Baseline
code-creation,Builtin,3,7932,0x55ca7c725f40,2044,BitwiseAndAndTryPatchCode
code-creation,Builtin,3,7951,0x55ca7c726740,1924,BitwiseOr_Generic_Baseline
code-creation,Builtin,3,7966,0x55ca7c726f00,12,BitwiseOr_None_Baseline
code-creation,Builtin,3,7971,0x55ca7c726f40,36,BitwiseOr_SignedSmall_Baseline
code-creation,Builtin,3,7973,0x55ca7c726f80,2044,BitwiseOrAndTryPatchCode
code-creation,Builtin,3,7976,0x55ca7c727780,1924,BitwiseXor_Generic_Baseline
code-creation,Builtin,3,7978,0x55ca7c727f40,12,BitwiseXor_None_Baseline
code-creation,Builtin,3,7979,0x55ca7c727f80,36,BitwiseXor_SignedSmall_Baseline
code-creation,Builtin,3,7985,0x55ca7c727fc0,2044,BitwiseXorAndTryPatchCode
code-creation,Builtin,3,7987,0x55ca7c7287c0,1440,ShiftLeft_Generic_Baseline
code-creation,Builtin,3,7990,0x55ca7c728d80,12,ShiftLeft_None_Baseline
code-creation,Builtin,3,7993,0x55ca7c728dc0,352,ShiftLeft_SignedSmall_Baseline
code-creation,Builtin,3,7996,0x55ca7c728f40,1544,ShiftLeftAndTryPatchCode
code-creation,Builtin,3,8008,0x55ca7c729580,1440,ShiftRight_Generic_Baseline
code-creation,Builtin,3,8012,0x55ca7c729b40,12,ShiftRight_None_Baseline
code-creation,Builtin,3,8015,0x55ca7c729b80,44,ShiftRight_SignedSmall_Baseline
code-creation,Builtin,3,8035,0x55ca7c729bc0,1544,ShiftRightAndTryPatchCode
code-creation,Builtin,3,8040,0x55ca7c72a200,1388,ShiftRightLogical_Generic_Baseline
code-creation,Builtin,3,8051,0x55ca7c72a780,12,ShiftRightLogical_None_Baseline
code-creation,Builtin,3,8055,0x55ca7c72a7c0,356,ShiftRightLogical_SignedSmall_Baseline
code-creation,Builtin,3,8058,0x55ca7c72a940,1404,ShiftRightLogicalAndTryPatchCode
code-creation,Builtin,3,8075,0x55ca7c72aec0,1488,AddSmi_Generic_Baseline
code-creation,Builtin,3,8080,0x55ca7c72b4c0,1088,SubtractSmi_Generic_Baseline
code-creation,Builtin,3,8097,0x55ca7c72b940,1296,MultiplySmi_Generic_Baseline
code-creation,Builtin,3,8102,0x55ca7c72be80,1308,DivideSmi_Generic_Baseline
code-creation,Builtin,3,8104,0x55ca7c72c3c0,1300,ModulusSmi_Generic_Baseline
code-creation,Builtin,3,8110,0x55ca7c72c900,744,ExponentiateSmi_Generic_Baseline
code-creation,Builtin,3,8122,0x55ca7c72cc00,612,BitwiseAndSmi_Generic_Baseline
code-creation,Builtin,3,8144,0x55ca7c72ce80,612,BitwiseOrSmi_Generic_Baseline
code-creation,Builtin,3,8149,0x55ca7c72d100,612,BitwiseXorSmi_Generic_Baseline
code-creation,Builtin,3,8160,0x55ca7c72d380,760,ShiftLeftSmi_Generic_Baseline
code-creation,Builtin,3,8165,0x55ca7c72d680,636,ShiftRightSmi_Generic_Baseline
code-creation,Builtin,3,8179,0x55ca7c72d900,772,ShiftRightLogicalSmi_Generic_Baseline
code-creation,Builtin,3,8188,0x55ca7c72dc40,1952,Add_WithFeedback
code-creation,Builtin,3,8191,0x55ca7c72e400,1328,Subtract_WithFeedback
code-creation,Builtin,3,8201,0x55ca7c72e940,1500,Multiply_WithFeedback
code-creation,Builtin,3,8205,0x55ca7c72ef40,1508,Divide_WithFeedback
code-creation,Builtin,3,8208,0x55ca7c72f540,1548,Modulus_WithFeedback
code-creation,Builtin,3,8224,0x55ca7c72fb80,808,Exponentiate_WithFeedback
code-creation,Builtin,3,8229,0x55ca7c72fec0,1792,BitwiseAnd_WithFeedback
code-creation,Builtin,3,8240,0x55ca7c730600,1792,BitwiseOr_WithFeedback
code-creation,Builtin,3,8244,0x55ca7c730d40,1792,BitwiseXor_WithFeedback
code-creation,Builtin,3,8250,0x55ca7c731480,1320,ShiftLeft_WithFeedback
code-creation,Builtin,3,8267,0x55ca7c7319c0,1320,ShiftRight_WithFeedback
code-creation,Builtin,3,8284,0x55ca7c731f00,1268,ShiftRightLogical_WithFeedback
code-creation,Builtin,3,8301,0x55ca7c732400,2468,Add_LhsIsStringConstant_Internalize_WithFeedback
code-creation,Builtin,3,8305,0x55ca7c732dc0,2492,Add_LhsIsStringConstant_Internalize_Baseline
code-creation,Builtin,3,8308,0x55ca7c733780,2468,Add_RhsIsStringConstant_Internalize_WithFeedback
code-creation,Builtin,3,8325,0x55ca7c734140,2492,Add_RhsIsStringConstant_Internalize_Baseline
code-creation,Builtin,3,8339,0x55ca7c734b00,2156,Equal_Generic_Baseline
code-creation,Builtin,3,8343,0x55ca7c735380,1076,Equal_Any_Baseline
code-creation,Builtin,3,8355,0x55ca7c7357c0,208,Equal_Number_Baseline
code-creation,Builtin,3,8372,0x55ca7c7358c0,92,Equal_String_Baseline
code-creation,Builtin,3,8377,0x55ca7c735940,72,Equal_InternalizedString_Baseline
code-creation,Builtin,3,8396,0x55ca7c7359c0,72,Equal_Receiver_Baseline
code-creation,Builtin,3,8404,0x55ca7c735a40,40,Equal_SignedSmall_Baseline
code-creation,Builtin,3,8416,0x55ca7c735a80,12,Equal_None_Baseline
code-creation,Builtin,3,8421,0x55ca7c735ac0,2400,EqualAndTryPatchCode
code-creation,Builtin,3,8438,0x55ca7c736440,1068,StrictEqual_Generic_Baseline
code-creation,Builtin,3,8451,0x55ca7c736880,484,StrictEqual_Any_Baseline
code-creation,Builtin,3,8455,0x55ca7c736a80,60,StrictEqual_Symbol_Baseline
code-creation,Builtin,3,8473,0x55ca7c736ac0,208,StrictEqual_Number_Baseline
code-creation,Builtin,3,8486,0x55ca7c736bc0,72,StrictEqual_Receiver_Baseline
code-creation,Builtin,3,8490,0x55ca7c736c40,92,StrictEqual_String_Baseline
code-creation,Builtin,3,8507,0x55ca7c736cc0,72,StrictEqual_InternalizedString_Baseline
code-creation,Builtin,3,8521,0x55ca7c736d40,40,StrictEqual_SignedSmall_Baseline
code-creation,Builtin,3,8525,0x55ca7c736d80,12,StrictEqual_None_Baseline
code-creation,Builtin,3,8545,0x55ca7c736dc0,1316,StrictEqualAndTryPatchCode
code-creation,Builtin,3,8561,0x55ca7c737300,1712,LessThan_Generic_Baseline
code-creation,Builtin,3,8578,0x55ca7c7379c0,1712,GreaterThan_Generic_Baseline
code-creation,Builtin,3,8582,0x55ca7c738080,1712,LessThanOrEqual_Generic_Baseline
code-creation,Builtin,3,8595,0x55ca7c738740,1712,GreaterThanOrEqual_Generic_Baseline
code-creation,Builtin,3,8604,0x55ca7c738e00,132,LessThan_Number_Baseline
code-creation,Builtin,3,8616,0x55ca7c738ec0,40,LessThan_SignedSmall_Baseline
code-creation,Builtin,3,8620,0x55ca7c738f00,12,LessThan_None_Baseline
code-creation,Builtin,3,8635,0x55ca7c738f40,2192,LessThanAndTryPatchCode
code-creation,Builtin,3,8654,0x55ca7c739800,132,GreaterThan_Number_Baseline
code-creation,Builtin,3,8666,0x55ca7c7398c0,40,GreaterThan_SignedSmall_Baseline
code-creation,Builtin,3,8671,0x55ca7c739900,12,GreaterThan_None_Baseline
code-creation,Builtin,3,8681,0x55ca7c739940,2192,GreaterThanAndTryPatchCode
code-creation,Builtin,3,8685,0x55ca7c73a200,132,LessThanOrEqual_Number_Baseline
code-creation,Builtin,3,8703,0x55ca7c73a2c0,40,LessThanOrEqual_SignedSmall_Baseline
code-creation,Builtin,3,8722,0x55ca7c73a300,12,LessThanOrEqual_None_Baseline
code-creation,Builtin,3,8755,0x55ca7c73a340,2192,LessThanOrEqualAndTryPatchCode
code-creation,Builtin,3,8769,0x55ca7c73ac00,132,GreaterThanOrEqual_Number_Baseline
code-creation,Builtin,3,8773,0x55ca7c73acc0,40,GreaterThanOrEqual_SignedSmall_Baseline
code-creation,Builtin,3,8776,0x55ca7c73ad00,12,GreaterThanOrEqual_None_Baseline
code-creation,Builtin,3,8782,0x55ca7c73ad40,2192,GreaterThanOrEqualAndTryPatchCode
code-creation,Builtin,3,8793,0x55ca7c73b600,2244,Equal_WithEmbeddedFeedback
code-creation,Builtin,3,8797,0x55ca7c73bf00,1076,StrictEqual_WithEmbeddedFeedback
code-creation,Builtin,3,8811,0x55ca7c73c340,1768,LessThan_WithEmbeddedFeedback
code-creation,Builtin,3,8817,0x55ca7c73ca40,1768,GreaterThan_WithEmbeddedFeedback
code-creation,Builtin,3,8831,0x55ca7c73d140,1768,LessThanOrEqual_WithEmbeddedFeedback
code-creation,Builtin,3,8835,0x55ca7c73d840,1768,GreaterThanOrEqual_WithEmbeddedFeedback
code-creation,Builtin,3,8846,0x55ca7c73df40,576,BitwiseNot_Generic_Baseline
code-creation,Builtin,3,8850,0x55ca7c73e1c0,12,BitwiseNot_None_Baseline
code-creation,Builtin,3,8868,0x55ca7c73e200,36,BitwiseNot_SignedSmall_Baseline
code-creation,Builtin,3,8886,0x55ca7c73e240,896,BitwiseNotAndTryPatchCode
code-creation,Builtin,3,8891,0x55ca7c73e600,584,Decrement_Generic_Baseline
code-creation,Builtin,3,8907,0x55ca7c73e880,12,Decrement_None_Baseline
code-creation,Builtin,3,8925,0x55ca7c73e8c0,32,Decrement_SignedSmall_Baseline
code-creation,Builtin,3,8944,0x55ca7c73e900,972,DecrementAndTryPatchCode
code-creation,Builtin,3,8958,0x55ca7c73ed00,584,Increment_Generic_Baseline
code-creation,Builtin,3,8962,0x55ca7c73ef80,12,Increment_None_Baseline
code-creation,Builtin,3,8978,0x55ca7c73efc0,32,Increment_SignedSmall_Baseline
code-creation,Builtin,3,8991,0x55ca7c73f000,972,IncrementAndTryPatchCode
code-creation,Builtin,3,8995,0x55ca7c73f400,608,Negate_Generic_Baseline
code-creation,Builtin,3,9012,0x55ca7c73f680,12,Negate_None_Baseline
code-creation,Builtin,3,9025,0x55ca7c73f6c0,40,Negate_SignedSmall_Baseline
code-creation,Builtin,3,9029,0x55ca7c73f700,268,Negate_Number_Baseline
code-creation,Builtin,3,9045,0x55ca7c73f840,996,NegateAndTryPatchCode
code-creation,Builtin,3,9059,0x55ca7c73fc40,576,BitwiseNot_WithFeedback
code-creation,Builtin,3,9063,0x55ca7c73fec0,584,Decrement_WithFeedback
code-creation,Builtin,3,9079,0x55ca7c740140,584,Increment_WithFeedback
code-creation,Builtin,3,9093,0x55ca7c7403c0,608,Negate_WithFeedback
code-creation,Builtin,3,9097,0x55ca7c740640,4700,ObjectAssign
code-creation,Builtin,3,9112,0x55ca7c7418c0,1372,ObjectCreate
code-creation,Builtin,3,9128,0x55ca7c741e40,12,ObjectDefineGetter
code-creation,Builtin,3,9146,0x55ca7c741e80,12,ObjectDefineProperties
code-creation,Builtin,3,9159,0x55ca7c741ec0,12,ObjectDefineProperty
code-creation,Builtin,3,9163,0x55ca7c741f00,12,ObjectDefineSetter
code-creation,Builtin,3,9165,0x55ca7c741f40,1616,ObjectEntries
code-creation,Builtin,3,9183,0x55ca7c7425c0,12,ObjectFreeze
code-creation,Builtin,3,9196,0x55ca7c742600,4680,ObjectGetOwnPropertyDescriptor
code-creation,Builtin,3,9200,0x55ca7c743880,12,ObjectGetOwnPropertyDescriptors
code-creation,Builtin,3,9217,0x55ca7c7438c0,968,ObjectGetOwnPropertyNames
code-creation,Builtin,3,9231,0x55ca7c743cc0,12,ObjectGetOwnPropertySymbols
code-creation,Builtin,3,9235,0x55ca7c743d00,160,ObjectHasOwn
code-creation,Builtin,3,9251,0x55ca7c743dc0,484,ObjectIs
code-creation,Builtin,3,9264,0x55ca7c743fc0,12,ObjectIsFrozen
code-creation,Builtin,3,9268,0x55ca7c744000,12,ObjectIsSealed
code-creation,Builtin,3,9284,0x55ca7c744040,936,ObjectKeys
code-creation,Builtin,3,9303,0x55ca7c744400,12,ObjectLookupGetter
code-creation,Builtin,3,9311,0x55ca7c744440,12,ObjectLookupSetter
code-creation,Builtin,3,9322,0x55ca7c744480,3728,ObjectPrototypeHasOwnProperty
code-creation,Builtin,3,9327,0x55ca7c745340,228,ObjectPrototypeIsPrototypeOf
code-creation,Builtin,3,9342,0x55ca7c745440,12,ObjectPrototypePropertyIsEnumerable
code-creation,Builtin,3,9358,0x55ca7c745480,12,ObjectPrototypeGetProto
code-creation,Builtin,3,9362,0x55ca7c7454c0,12,ObjectPrototypeSetProto
code-creation,Builtin,3,9375,0x55ca7c745500,12,ObjectSeal
code-creation,Builtin,3,9392,0x55ca7c745540,1360,ObjectToString
code-creation,Builtin,3,9409,0x55ca7c745ac0,1416,ObjectValues
code-creation,Builtin,3,9425,0x55ca7c746080,316,OrdinaryHasInstance
code-creation,Builtin,3,9442,0x55ca7c7461c0,348,InstanceOf
code-creation,Builtin,3,9458,0x55ca7c746340,760,InstanceOf_WithFeedback
code-creation,Builtin,3,9463,0x55ca7c746640,748,InstanceOf_Baseline
code-creation,Builtin,3,9479,0x55ca7c746940,292,ForInEnumerate
code-creation,Builtin,3,9492,0x55ca7c746a80,124,ForInPrepare
code-creation,Builtin,3,9496,0x55ca7c746b00,3576,ForInFilter
code-creation,Builtin,3,9498,0x55ca7c747900,52,ReflectApply
code-creation,Builtin,3,9499,0x55ca7c747940,60,ReflectConstruct
code-creation,Builtin,3,9506,0x55ca7c747980,12,ReflectDefineProperty
code-creation,Builtin,3,9522,0x55ca7c7479c0,12,ReflectOwnKeys
code-creation,Builtin,3,9526,0x55ca7c747a00,12,ReflectSet
code-creation,Builtin,3,9540,0x55ca7c747a40,12,RegExpCapture1Getter
code-creation,Builtin,3,9550,0x55ca7c747a80,12,RegExpCapture2Getter
code-creation,Builtin,3,9561,0x55ca7c747ac0,12,RegExpCapture3Getter
code-creation,Builtin,3,9565,0x55ca7c747b00,12,RegExpCapture4Getter
code-creation,Builtin,3,9573,0x55ca7c747b40,12,RegExpCapture5Getter
code-creation,Builtin,3,9589,0x55ca7c747b80,12,RegExpCapture6Getter
code-creation,Builtin,3,9593,0x55ca7c747bc0,12,RegExpCapture7Getter
code-creation,Builtin,3,9611,0x55ca7c747c00,12,RegExpCapture8Getter
code-creation,Builtin,3,9616,0x55ca7c747c40,12,RegExpCapture9Getter
code-creation,Builtin,3,9627,0x55ca7c747c80,2452,RegExpConstructor
code-creation,Builtin,3,9632,0x55ca7c748640,12,RegExpInputGetter
code-creation,Builtin,3,9640,0x55ca7c748680,12,RegExpInputSetter
code-creation,Builtin,3,9656,0x55ca7c7486c0,12,RegExpLastMatchGetter
code-creation,Builtin,3,9660,0x55ca7c748700,12,RegExpLastParenGetter
code-creation,Builtin,3,9677,0x55ca7c748740,12,RegExpLeftContextGetter
code-creation,Builtin,3,9682,0x55ca7c748780,956,RegExpPrototypeCompile
code-creation,Builtin,3,9685,0x55ca7c748b40,12,RegExpPrototypeToString
code-creation,Builtin,3,9700,0x55ca7c748b80,12,RegExpRightContextGetter
code-creation,Builtin,3,9708,0x55ca7c748bc0,12,RegExpEscape
code-creation,Builtin,3,9720,0x55ca7c748c00,304,RegExpExecAtom
code-creation,Builtin,3,9724,0x55ca7c748d40,8,RegExpInterpreterTrampoline
code-creation,Builtin,3,9726,0x55ca7c748d80,8,RegExpExperimentalTrampoline
code-creation,Builtin,3,9728,0x55ca7c748dc0,1460,FindOrderedHashSetEntry
code-creation,Builtin,3,9756,0x55ca7c749380,5828,SetConstructor
code-creation,Builtin,3,9771,0x55ca7c74aa80,164,SetPrototypeHas
code-creation,Builtin,3,9774,0x55ca7c74ab40,1896,SetPrototypeAdd
code-creation,Builtin,3,9777,0x55ca7c74b2c0,1684,SetPrototypeDelete
code-creation,Builtin,3,9780,0x55ca7c74b980,12,SetPrototypeClear
code-creation,Builtin,3,9791,0x55ca7c74b9c0,280,SetPrototypeEntries
code-creation,Builtin,3,9795,0x55ca7c74bb00,148,SetPrototypeGetSize
code-creation,Builtin,3,9797,0x55ca7c74bbc0,536,SetPrototypeForEach
code-creation,Builtin,3,9800,0x55ca7c74be00,280,SetPrototypeValues
code-creation,Builtin,3,9807,0x55ca7c74bf40,836,SetIteratorPrototypeNext
code-creation,Builtin,3,9814,0x55ca7c74c2c0,1024,SetOrSetIteratorToList
code-creation,Builtin,3,9817,0x55ca7c74c700,12,ShadowRealmConstructor
code-creation,Builtin,3,9819,0x55ca7c74c740,804,ShadowRealmGetWrappedValue
code-creation,Builtin,3,9831,0x55ca7c74ca80,12,ShadowRealmPrototypeEvaluate
code-creation,Builtin,3,9835,0x55ca7c74cac0,820,ShadowRealmPrototypeImportValue
code-creation,Builtin,3,9856,0x55ca7c74ce00,248,ShadowRealmImportValueFulfilled
code-creation,Builtin,3,9861,0x55ca7c74cf00,68,ShadowRealmImportValueRejected
code-creation,Builtin,3,9874,0x55ca7c74cf80,12,SharedArrayBufferPrototypeGetByteLength
code-creation,Builtin,3,9882,0x55ca7c74cfc0,12,SharedArrayBufferPrototypeSlice
code-creation,Builtin,3,9896,0x55ca7c74d000,12,SharedArrayBufferPrototypeGrow
code-creation,Builtin,3,9901,0x55ca7c74d040,2144,AtomicsLoad
code-creation,Builtin,3,9913,0x55ca7c74d8c0,2304,AtomicsStore
code-creation,Builtin,3,9918,0x55ca7c74e200,2936,AtomicsExchange
code-creation,Builtin,3,9931,0x55ca7c74ed80,3344,AtomicsCompareExchange
code-creation,Builtin,3,9936,0x55ca7c74fac0,2936,AtomicsAdd
code-creation,Builtin,3,9948,0x55ca7c750640,2936,AtomicsSub
code-creation,Builtin,3,9956,0x55ca7c7511c0,2936,AtomicsAnd
code-creation,Builtin,3,9969,0x55ca7c751d40,2936,AtomicsOr
code-creation,Builtin,3,9973,0x55ca7c7528c0,2936,AtomicsXor
code-creation,Builtin,3,9978,0x55ca7c753440,12,AtomicsNotify
code-creation,Builtin,3,9980,0x55ca7c753480,12,AtomicsIsLockFree
code-creation,Builtin,3,9982,0x55ca7c7534c0,12,AtomicsWait
code-creation,Builtin,3,10001,0x55ca7c753500,12,AtomicsWaitAsync
code-creation,Builtin,3,10006,0x55ca7c753540,12,AtomicsPause
code-creation,Builtin,3,10016,0x55ca7c753580,12,StringFromCodePoint
code-creation,Builtin,3,10020,0x55ca7c7535c0,1552,StringFromCharCode
code-creation,Builtin,3,10036,0x55ca7c753c00,12,StringPrototypeLastIndexOf
code-creation,Builtin,3,10050,0x55ca7c753c40,5092,StringPrototypeMatchAll
code-creation,Builtin,3,10054,0x55ca7c755040,1164,StringPrototypeReplace
code-creation,Builtin,3,10056,0x55ca7c755500,2936,StringPrototypeSplit
code-creation,Builtin,3,10066,0x55ca7c756080,12,StringRaw
code-creation,Builtin,3,10069,0x55ca7c7560c0,12,SymbolConstructor
code-creation,Builtin,3,10077,0x55ca7c756100,12,SymbolFor
code-creation,Builtin,3,10092,0x55ca7c756140,12,SymbolKeyFor
code-creation,Builtin,3,10097,0x55ca7c756180,80,TypedArrayBaseConstructor
code-creation,Builtin,3,10116,0x55ca7c756200,252,TypedArrayConstructor
code-creation,Builtin,3,10121,0x55ca7c756300,12,TypedArrayPrototypeBuffer
code-creation,Builtin,3,10124,0x55ca7c756340,700,TypedArrayPrototypeByteLength
code-creation,Builtin,3,10147,0x55ca7c756600,384,TypedArrayPrototypeByteOffset
code-creation,Builtin,3,10153,0x55ca7c7567c0,612,TypedArrayPrototypeLength
code-creation,Builtin,3,10156,0x55ca7c756a40,12,TypedArrayPrototypeCopyWithin
code-creation,Builtin,3,10175,0x55ca7c756a80,12,TypedArrayPrototypeFill
code-creation,Builtin,3,10180,0x55ca7c756ac0,12,TypedArrayPrototypeIncludes
code-creation,Builtin,3,10194,0x55ca7c756b00,12,TypedArrayPrototypeIndexOf
code-creation,Builtin,3,10210,0x55ca7c756b40,12,TypedArrayPrototypeLastIndexOf
code-creation,Builtin,3,10214,0x55ca7c756b80,12,TypedArrayPrototypeReverse
code-creation,Builtin,3,10217,0x55ca7c756bc0,464,TypedArrayPrototypeToStringTag
code-creation,Builtin,3,10230,0x55ca7c756dc0,31888,TypedArrayPrototypeMap
code-creation,Builtin,3,10235,0x55ca7c75ea80,12,Uint8ArrayFromBase64
code-creation,Builtin,3,10250,0x55ca7c75eac0,12,Uint8ArrayPrototypeSetFromBase64
code-creation,Builtin,3,10270,0x55ca7c75eb00,12,Uint8ArrayFromHex
code-creation,Builtin,3,10287,0x55ca7c75eb40,12,Uint8ArrayPrototypeSetFromHex
code-creation,Builtin,3,10292,0x55ca7c75eb80,12,Uint8ArrayPrototypeToBase64
code-creation,Builtin,3,10309,0x55ca7c75ebc0,12,Uint8ArrayPrototypeToHex
code-creation,Builtin,3,10323,0x55ca7c75ec00,216,JSToWasmWrapperAsm
code-creation,Builtin,3,10327,0x55ca7c75ed00,856,WasmReturnPromiseOnSuspendAsm
code-creation,Builtin,3,10344,0x55ca7c75f080,612,JSToWasmStressSwitchStacksAsm
code-creation,Builtin,3,10350,0x55ca7c75f300,56,WasmToJsWrapperAsm
code-creation,Builtin,3,10365,0x55ca7c75f340,4732,WasmToJsWrapperCSA
code-creation,Builtin,3,10382,0x55ca7c7605c0,28,WasmToJsWrapperInvalidSig
code-creation,Builtin,3,10387,0x55ca7c760600,204,WasmSuspend
code-creation,Builtin,3,10401,0x55ca7c760700,260,WasmResume
code-creation,Builtin,3,10409,0x55ca7c760840,108,WasmFXResume
code-creation,Builtin,3,10423,0x55ca7c7608c0,216,WasmFXResumeThrow
code-creation,Builtin,3,10427,0x55ca7c7609c0,196,WasmFXResumeThrowRef
code-creation,Builtin,3,10444,0x55ca7c760ac0,152,WasmFXSuspend
code-creation,Builtin,3,10457,0x55ca7c760b80,164,WasmFXSwitch
code-creation,Builtin,3,10461,0x55ca7c760c40,96,WasmFXReturn
code-creation,Builtin,3,10463,0x55ca7c760cc0,280,WasmReject
code-creation,Builtin,3,10479,0x55ca7c760e00,12,WasmTrapHandlerLandingPad
code-creation,Builtin,3,10492,0x55ca7c760e40,156,WasmCompileLazy
code-creation,Builtin,3,10496,0x55ca7c760f00,200,WasmLiftoffFrameSetup
code-creation,Builtin,3,10512,0x55ca7c761000,192,WasmDebugBreak
code-creation,Builtin,3,10518,0x55ca7c761100,124,WasmDebugTrap
code-creation,Builtin,3,10535,0x55ca7c761180,16,WasmOnStackReplace
code-creation,Builtin,3,10554,0x55ca7c7611c0,160,WasmHandleStackOverflow
code-creation,Builtin,3,10572,0x55ca7c761280,128,WasmFloat32ToNumber
code-creation,Builtin,3,10591,0x55ca7c761340,132,WasmFloat64ToNumber
code-creation,Builtin,3,10607,0x55ca7c761400,124,WasmFloat64ToString
code-creation,Builtin,3,10613,0x55ca7c761480,12,JSToWasmLazyDeoptContinuation
code-creation,Builtin,3,10628,0x55ca7c7614c0,1520,WasmGetOwnProperty
code-creation,Builtin,3,10632,0x55ca7c761ac0,5388,WeakMapConstructor
code-creation,Builtin,3,10635,0x55ca7c763000,492,WeakMapLookupHashIndex
code-creation,Builtin,3,10638,0x55ca7c763200,200,WeakMapPrototypeGet
code-creation,Builtin,3,10655,0x55ca7c763300,168,WeakMapPrototypeHas
code-creation,Builtin,3,10671,0x55ca7c7633c0,288,WeakMapPrototypeSet
code-creation,Builtin,3,10687,0x55ca7c763500,1244,WeakMapPrototypeGetOrInsert
code-creation,Builtin,3,10706,0x55ca7c763a00,456,WeakMapPrototypeGetOrInsertComputed
code-creation,Builtin,3,10722,0x55ca7c763c00,176,WeakMapPrototypeDelete
code-creation,Builtin,3,10727,0x55ca7c763cc0,4124,WeakSetConstructor
code-creation,Builtin,3,10733,0x55ca7c764d00,168,WeakSetPrototypeHas
code-creation,Builtin,3,10759,0x55ca7c764dc0,288,WeakSetPrototypeAdd
code-creation,Builtin,3,10763,0x55ca7c764f00,176,WeakSetPrototypeDelete
code-creation,Builtin,3,10766,0x55ca7c764fc0,672,WeakCollectionDelete
code-creation,Builtin,3,10781,0x55ca7c765280,1164,WeakCollectionSet
code-creation,Builtin,3,10785,0x55ca7c765740,12,SharedSpaceJSObjectHasInstance
code-creation,Builtin,3,10800,0x55ca7c765780,12,SharedStructTypeConstructor
code-creation,Builtin,3,10805,0x55ca7c7657c0,12,SharedStructTypeIsSharedStruct
code-creation,Builtin,3,10808,0x55ca7c765800,12,SharedStructConstructor
code-creation,Builtin,3,10855,0x55ca7c765840,12,SharedArrayConstructor
code-creation,Builtin,3,10876,0x55ca7c765880,12,SharedArrayIsSharedArray
code-creation,Builtin,3,10881,0x55ca7c7658c0,12,AtomicsMutexConstructor
code-creation,Builtin,3,10894,0x55ca7c765900,12,AtomicsMutexIsMutex
code-creation,Builtin,3,10900,0x55ca7c765940,12,AtomicsMutexLock
code-creation,Builtin,3,10902,0x55ca7c765980,12,AtomicsMutexLockWithTimeout
code-creation,Builtin,3,10917,0x55ca7c7659c0,12,AtomicsMutexTryLock
code-creation,Builtin,3,10920,0x55ca7c765a00,12,AtomicsConditionConstructor
code-creation,Builtin,3,10936,0x55ca7c765a40,12,AtomicsConditionIsCondition
code-creation,Builtin,3,10942,0x55ca7c765a80,12,AtomicsConditionWait
code-creation,Builtin,3,10956,0x55ca7c765ac0,12,AtomicsConditionNotify
code-creation,Builtin,3,10964,0x55ca7c765b00,316,AsyncGeneratorResolve
code-creation,Builtin,3,10977,0x55ca7c765c40,104,AsyncGeneratorReject
code-creation,Builtin,3,10983,0x55ca7c765cc0,1752,AsyncGeneratorYieldWithAwait
code-creation,Builtin,3,10997,0x55ca7c7663c0,1924,AsyncGeneratorReturn
code-creation,Builtin,3,11001,0x55ca7c766b80,276,AsyncGeneratorResumeNext
code-creation,Builtin,3,11017,0x55ca7c766cc0,12,AsyncGeneratorFunctionConstructor
code-creation,Builtin,3,11031,0x55ca7c766d00,840,AsyncGeneratorPrototypeNext
code-creation,Builtin,3,11035,0x55ca7c767080,840,AsyncGeneratorPrototypeReturn
code-creation,Builtin,3,11053,0x55ca7c767400,840,AsyncGeneratorPrototypeThrow
code-creation,Builtin,3,11070,0x55ca7c767780,1544,AsyncGeneratorAwait
code-creation,Builtin,3,11078,0x55ca7c767dc0,120,AsyncGeneratorAwaitResolveClosure
code-creation,Builtin,3,11096,0x55ca7c767e40,120,AsyncGeneratorAwaitRejectClosure
code-creation,Builtin,3,11101,0x55ca7c767ec0,116,AsyncGeneratorYieldWithAwaitResolveClosure
code-creation,Builtin,3,11114,0x55ca7c767f40,116,AsyncGeneratorReturnClosedResolveClosure
code-creation,Builtin,3,11120,0x55ca7c767fc0,112,AsyncGeneratorReturnClosedRejectClosure
code-creation,Builtin,3,11136,0x55ca7c768040,120,AsyncGeneratorReturnResolveClosure
code-creation,Builtin,3,11145,0x55ca7c7680c0,1452,AsyncFromSyncIteratorPrototypeNext
code-creation,Builtin,3,11156,0x55ca7c768680,1736,AsyncFromSyncIteratorPrototypeThrow
code-creation,Builtin,3,11161,0x55ca7c768d80,1176,AsyncFromSyncIteratorPrototypeReturn
code-creation,Builtin,3,11175,0x55ca7c769240,228,AsyncFromSyncIteratorCloseSyncAndRethrow
code-creation,Builtin,3,11191,0x55ca7c769340,92,AsyncIteratorValueUnwrap
code-creation,Builtin,3,11196,0x55ca7c7693c0,168,CEntry_Return1_ArgvInRegister_NoBuiltinExit
code-creation,Builtin,3,11213,0x55ca7c769480,180,CEntry_Return1_ArgvOnStack_BuiltinExit
code-creation,Builtin,3,11227,0x55ca7c769540,180,CEntry_Return1_ArgvOnStack_NoBuiltinExit
code-creation,Builtin,3,11231,0x55ca7c769600,168,CEntry_Return2_ArgvInRegister_NoBuiltinExit
code-creation,Builtin,3,11248,0x55ca7c7696c0,180,CEntry_Return2_ArgvOnStack_NoBuiltinExit
code-creation,Builtin,3,11254,0x55ca7c769780,316,WasmCEntry
code-creation,Builtin,3,11271,0x55ca7c7698c0,4,DirectCEntry
code-creation,Builtin,3,11287,0x55ca7c769900,1824,StringAdd_NoMapCheck
code-creation,Builtin,3,11293,0x55ca7c76a040,1824,WasmStringAdd_NoMapCheck
code-creation,Builtin,3,11309,0x55ca7c76a780,3896,SubString
code-creation,Builtin,3,11315,0x55ca7c76b6c0,84,DoubleToI
code-creation,Builtin,3,11326,0x55ca7c76b740,3232,GetProperty
code-creation,Builtin,3,11330,0x55ca7c76c400,3528,GetPropertyWithReceiver
code-creation,Builtin,3,11352,0x55ca7c76d200,23296,SetProperty
code-creation,Builtin,3,11364,0x55ca7c772d40,19512,CreateDataProperty
code-creation,Builtin,3,11368,0x55ca7c777980,52,GetOwnPropertyDescriptor
code-creation,Builtin,3,11385,0x55ca7c7779c0,220,FindNonDefaultConstructorOrConstruct
code-creation,Builtin,3,11398,0x55ca7c777ac0,3156,OrdinaryGetOwnPropertyDescriptor
code-creation,Builtin,3,11416,0x55ca7c778740,4232,CheckMaglevType
code-creation,Builtin,3,11421,0x55ca7c779800,12,IsTraceCategoryEnabled
code-creation,Builtin,3,11435,0x55ca7c779840,12,Trace
code-creation,Builtin,3,11438,0x55ca7c779880,12,FinalizationRegistryUnregister
code-creation,Builtin,3,11453,0x55ca7c7798c0,356,AsyncModuleEvaluate
code-creation,Builtin,3,11460,0x55ca7c779a40,12,CallAsyncModuleFulfilled
code-creation,Builtin,3,11463,0x55ca7c779a80,12,CallAsyncModuleRejected
code-creation,Builtin,3,11476,0x55ca7c779ac0,276,AggregateErrorConstructor
code-creation,Builtin,3,11482,0x55ca7c779c00,836,ArrayPrototypeAt
code-creation,Builtin,3,11496,0x55ca7c779f80,596,ArrayPrototypeConcat
code-creation,Builtin,3,11500,0x55ca7c77a200,8200,ArrayPrototypeCopyWithin
code-creation,Builtin,3,11516,0x55ca7c77c240,232,ArrayEveryLoopEagerDeoptContinuation
code-creation,Builtin,3,11530,0x55ca7c77c340,560,ArrayEveryLoopLazyDeoptContinuation
code-creation,Builtin,3,11546,0x55ca7c77c580,4248,ArrayEveryLoopContinuation
code-creation,Builtin,3,11564,0x55ca7c77d640,1604,ArrayEvery
code-creation,Builtin,3,11567,0x55ca7c77dcc0,296,ArrayFilterLoopEagerDeoptContinuation
code-creation,Builtin,3,11585,0x55ca7c77de00,928,ArrayFilterLoopLazyDeoptContinuation
code-creation,Builtin,3,11599,0x55ca7c77e1c0,4568,ArrayFilterLoopContinuation
code-creation,Builtin,3,11603,0x55ca7c77f3c0,4856,ArrayFilter
code-creation,Builtin,3,11620,0x55ca7c7806c0,220,ArrayFindLoopEagerDeoptContinuation
code-creation,Builtin,3,11638,0x55ca7c7807c0,32,ArrayFindLoopLazyDeoptContinuation
code-creation,Builtin,3,11647,0x55ca7c780800,408,ArrayFindLoopAfterCallbackLazyDeoptContinuation
code-creation,Builtin,3,11661,0x55ca7c7809c0,580,ArrayFindLoopContinuation
code-creation,Builtin,3,11666,0x55ca7c780c40,1608,ArrayPrototypeFind
code-creation,Builtin,3,11681,0x55ca7c7812c0,220,ArrayFindIndexLoopEagerDeoptContinuation
code-creation,Builtin,3,11703,0x55ca7c7813c0,32,ArrayFindIndexLoopLazyDeoptContinuation
code-creation,Builtin,3,11717,0x55ca7c781400,408,ArrayFindIndexLoopAfterCallbackLazyDeoptContinuation
code-creation,Builtin,3,11749,0x55ca7c7815c0,584,ArrayFindIndexLoopContinuation
code-creation,Builtin,3,11758,0x55ca7c781840,1608,ArrayPrototypeFindIndex
code-creation,Builtin,3,11774,0x55ca7c781ec0,500,ArrayFindLastLoopContinuation
code-creation,Builtin,3,11791,0x55ca7c7820c0,1704,ArrayPrototypeFindLast
code-creation,Builtin,3,11797,0x55ca7c782780,504,ArrayFindLastIndexLoopContinuation
code-creation,Builtin,3,11799,0x55ca7c782980,1784,ArrayPrototypeFindLastIndex
code-creation,Builtin,3,11801,0x55ca7c783080,2932,FlattenIntoArrayWithoutMapFn
code-creation,Builtin,3,11806,0x55ca7c783c00,2964,FlattenIntoArrayWithMapFn
code-creation,Builtin,3,11817,0x55ca7c7847c0,11792,ArrayPrototypeFlat
code-creation,Builtin,3,11822,0x55ca7c787600,732,ArrayPrototypeFlatMap
code-creation,Builtin,3,11839,0x55ca7c787900,232,ArrayForEachLoopEagerDeoptContinuation
code-creation,Builtin,3,11853,0x55ca7c787a00,232,ArrayForEachLoopLazyDeoptContinuation
code-creation,Builtin,3,11858,0x55ca7c787b00,4152,ArrayForEachLoopContinuation
code-creation,Builtin,3,11877,0x55ca7c788b40,1476,ArrayForEach
code-creation,Builtin,3,11882,0x55ca7c789140,7076,ArrayFromAsyncIterableOnFulfilled
code-creation,Builtin,3,11898,0x55ca7c78ad00,7140,ArrayFromAsyncIterableOnRejected
code-creation,Builtin,3,11912,0x55ca7c78c900,3576,ArrayFromAsyncArrayLikeOnFulfilled
code-creation,Builtin,3,11929,0x55ca7c78d700,3576,ArrayFromAsyncArrayLikeOnRejected
code-creation,Builtin,3,11946,0x55ca7c78e500,15188,ArrayFromAsync
code-creation,Builtin,3,11950,0x55ca7c792080,5612,ArrayFrom
code-creation,Builtin,3,11963,0x55ca7c793680,152,ArrayIsArray
code-creation,Builtin,3,11971,0x55ca7c793740,472,LoadJoinElement_DictionaryElements_0
code-creation,Builtin,3,11977,0x55ca7c793940,36,LoadJoinElement_FastSmiOrObjectElements_0
code-creation,Builtin,3,11979,0x55ca7c793980,152,LoadJoinElement_FastDoubleElements_0
code-creation,Builtin,3,11993,0x55ca7c793a40,184,ConvertToLocaleString
code-creation,Builtin,3,12009,0x55ca7c793b00,744,JoinStackPush
code-creation,Builtin,3,12013,0x55ca7c793e00,292,JoinStackPop
code-creation,Builtin,3,12024,0x55ca7c793f40,848,ArrayPrototypeJoin
code-creation,Builtin,3,12028,0x55ca7c7942c0,35976,ArrayPrototypeJoinImpl
code-creation,Builtin,3,12038,0x55ca7c79cf80,6136,ArrayPrototypeToLocaleString
code-creation,Builtin,3,12042,0x55ca7c79e780,256,ArrayPrototypeToString
code-creation,Builtin,3,12061,0x55ca7c79e8c0,9824,TypedArrayPrototypeJoin
code-creation,Builtin,3,12077,0x55ca7c7a0f40,5944,TypedArrayPrototypeToLocaleString
code-creation,Builtin,3,12085,0x55ca7c7a2680,3824,ArrayPrototypeLastIndexOf
code-creation,Builtin,3,12097,0x55ca7c7a3580,240,ArrayMapPreLoopLazyDeoptContinuation
code-creation,Builtin,3,12101,0x55ca7c7a3680,264,ArrayMapLoopEagerDeoptContinuation
code-creation,Builtin,3,12117,0x55ca7c7a37c0,520,ArrayMapLoopLazyDeoptContinuation
code-creation,Builtin,3,12133,0x55ca7c7a3a00,4168,ArrayMapLoopContinuation
code-creation,Builtin,3,12137,0x55ca7c7a4a80,4184,ArrayMap
code-creation,Builtin,3,12147,0x55ca7c7a5b00,1800,ArrayOf
code-creation,Builtin,3,12159,0x55ca7c7a6240,412,ArrayReduceRightPreLoopEagerDeoptContinuation
code-creation,Builtin,3,12164,0x55ca7c7a6400,220,ArrayReduceRightLoopEagerDeoptContinuation
code-creation,Builtin,3,12180,0x55ca7c7a6500,220,ArrayReduceRightLoopLazyDeoptContinuation
code-creation,Builtin,3,12198,0x55ca7c7a6600,4104,ArrayReduceRightLoopContinuation
code-creation,Builtin,3,12215,0x55ca7c7a7640,1948,ArrayReduceRight
code-creation,Builtin,3,12219,0x55ca7c7a7e00,204,ArrayReducePreLoopEagerDeoptContinuation
code-creation,Builtin,3,12236,0x55ca7c7a7f00,220,ArrayReduceLoopEagerDeoptContinuation
code-creation,Builtin,3,12254,0x55ca7c7a8000,220,ArrayReduceLoopLazyDeoptContinuation
code-creation,Builtin,3,12271,0x55ca7c7a8100,4208,ArrayReduceLoopContinuation
code-creation,Builtin,3,12276,0x55ca7c7a9180,1588,ArrayReduce
code-creation,Builtin,3,12298,0x55ca7c7a97c0,3696,ArrayPrototypeReverse
code-creation,Builtin,3,12303,0x55ca7c7aa640,3948,ArrayPrototypeShift
code-creation,Builtin,3,12320,0x55ca7c7ab5c0,5728,ArrayPrototypeSlice
code-creation,Builtin,3,12334,0x55ca7c7acc40,232,ArraySomeLoopEagerDeoptContinuation
code-creation,Builtin,3,12339,0x55ca7c7acd40,576,ArraySomeLoopLazyDeoptContinuation
code-creation,Builtin,3,12358,0x55ca7c7acfc0,4280,ArraySomeLoopContinuation
code-creation,Builtin,3,12374,0x55ca7c7ae080,1608,ArraySome
code-creation,Builtin,3,12395,0x55ca7c7ae700,14884,ArrayPrototypeSplice
code-creation,Builtin,3,12417,0x55ca7c7b2140,2148,GenericArrayToReversed
code-creation,Builtin,3,12422,0x55ca7c7b29c0,3016,ArrayPrototypeToReversed
code-creation,Builtin,3,12427,0x55ca7c7b35c0,8732,ArrayPowerSortIntoCopy
code-creation,Builtin,3,12432,0x55ca7c7b5800,1748,ArrayPrototypeToSorted
code-creation,Builtin,3,12439,0x55ca7c7b5f00,9080,ArrayPrototypeToSpliced
code-creation,Builtin,3,12456,0x55ca7c7b8280,2936,ArrayPrototypeUnshift
code-creation,Builtin,3,12474,0x55ca7c7b8e00,1476,GenericArrayWith
code-creation,Builtin,3,12493,0x55ca7c7b9400,1164,ArrayPrototypeWith
code-creation,Builtin,3,12498,0x55ca7c7b98c0,4792,ArraySortContinueFromSnapshotEagerDeoptContinuation
code-creation,Builtin,3,12513,0x55ca7c7bab80,4792,ArraySortContinueFromSnapshotLazyDeoptContinuation
code-creation,Builtin,3,12530,0x55ca7c7bbe40,316,ArrayBufferPrototypeGetByteLength
code-creation,Builtin,3,12535,0x55ca7c7bbf80,792,ArrayBufferPrototypeGetMaxByteLength
code-creation,Builtin,3,12551,0x55ca7c7bc2c0,208,ArrayBufferPrototypeGetResizable
code-creation,Builtin,3,12556,0x55ca7c7bc3c0,208,ArrayBufferPrototypeGetDetached
code-creation,Builtin,3,12570,0x55ca7c7bc4c0,208,ArrayBufferPrototypeGetImmutable
code-creation,Builtin,3,12580,0x55ca7c7bc5c0,632,SharedArrayBufferPrototypeGetMaxByteLength
code-creation,Builtin,3,12592,0x55ca7c7bc840,208,SharedArrayBufferPrototypeGetGrowable
code-creation,Builtin,3,12611,0x55ca7c7bc940,104,ArrayBufferIsView
code-creation,Builtin,3,12629,0x55ca7c7bc9c0,432,ToInteger
code-creation,Builtin,3,12634,0x55ca7c7bcb80,4408,FastCreateDataProperty
code-creation,Builtin,3,12653,0x55ca7c7bdcc0,1256,BooleanConstructor
code-creation,Builtin,3,12670,0x55ca7c7be1c0,220,BooleanPrototypeToString
code-creation,Builtin,3,12684,0x55ca7c7be2c0,212,BooleanPrototypeValueOf
code-creation,Builtin,3,12702,0x55ca7c7be3c0,1088,BigIntAddNoThrow
code-creation,Builtin,3,12717,0x55ca7c7be840,1132,BigIntAdd
code-creation,Builtin,3,12732,0x55ca7c7becc0,1072,BigIntSubtractNoThrow
code-creation,Builtin,3,12770,0x55ca7c7bf100,1132,BigIntSubtract
code-creation,Builtin,3,12788,0x55ca7c7bf580,424,BigIntMultiplyNoThrow
code-creation,Builtin,3,12804,0x55ca7c7bf740,580,BigIntMultiply
code-creation,Builtin,3,12808,0x55ca7c7bf9c0,520,BigIntDivideNoThrow
code-creation,Builtin,3,12823,0x55ca7c7bfc00,700,BigIntDivide
code-creation,Builtin,3,12839,0x55ca7c7bfec0,464,BigIntModulusNoThrow
code-creation,Builtin,3,12858,0x55ca7c7c00c0,640,BigIntModulus
code-creation,Builtin,3,12871,0x55ca7c7c0380,948,BigIntBitwiseAndNoThrow
code-creation,Builtin,3,12875,0x55ca7c7c0740,1080,BigIntBitwiseAnd
code-creation,Builtin,3,12893,0x55ca7c7c0b80,940,BigIntBitwiseOrNoThrow
code-creation,Builtin,3,12898,0x55ca7c7c0f40,1048,BigIntBitwiseOr
code-creation,Builtin,3,12915,0x55ca7c7c1380,968,BigIntBitwiseXorNoThrow
code-creation,Builtin,3,12928,0x55ca7c7c1780,1096,BigIntBitwiseXor
code-creation,Builtin,3,12932,0x55ca7c7c1c00,1244,BigIntShiftLeftNoThrow
code-creation,Builtin,3,12948,0x55ca7c7c2100,1312,BigIntShiftLeft
code-creation,Builtin,3,12963,0x55ca7c7c2640,1248,BigIntShiftRightNoThrow
code-creation,Builtin,3,12979,0x55ca7c7c2b40,1316,BigIntShiftRight
code-creation,Builtin,3,12983,0x55ca7c7c3080,100,BigIntEqual
code-creation,Builtin,3,12996,0x55ca7c7c3100,204,BigIntLessThan
code-creation,Builtin,3,13011,0x55ca7c7c3200,204,BigIntGreaterThan
code-creation,Builtin,3,13015,0x55ca7c7c3300,204,BigIntLessThanOrEqual
code-creation,Builtin,3,13031,0x55ca7c7c3400,204,BigIntGreaterThanOrEqual
code-creation,Builtin,3,13046,0x55ca7c7c3500,324,BigIntUnaryMinus
code-creation,Builtin,3,13066,0x55ca7c7c3680,2516,ToString
code-creation,Builtin,3,13070,0x55ca7c7c4080,2540,ToStringConvertSymbol
code-creation,Builtin,3,13083,0x55ca7c7c4a80,212,StringPrototypeToString
code-creation,Builtin,3,13099,0x55ca7c7c4b80,212,StringPrototypeValueOf
code-creation,Builtin,3,13103,0x55ca7c7c4c80,2248,StringToList
code-creation,Builtin,3,13119,0x55ca7c7c5580,748,StringPrototypeCharAt
code-creation,Builtin,3,13134,0x55ca7c7c5880,652,StringPrototypeCharCodeAt
code-creation,Builtin,3,13138,0x55ca7c7c5b40,1152,StringPrototypeCodePointAt
code-creation,Builtin,3,13154,0x55ca7c7c6000,432,StringPrototypeConcat
code-creation,Builtin,3,13169,0x55ca7c7c61c0,1380,StringConstructor
code-creation,Builtin,3,13175,0x55ca7c7c6740,936,StringCreateLazyDeoptContinuation
code-creation,Builtin,3,13187,0x55ca7c7c6b00,2544,StringAddConvertLeft
code-creation,Builtin,3,13192,0x55ca7c7c7500,2600,StringAddConvertRight
code-creation,Builtin,3,13204,0x55ca7c7c7f40,556,StringCharAt
code-creation,Builtin,3,13210,0x55ca7c7c8180,16,FastNewClosureBaseline
code-creation,Builtin,3,13225,0x55ca7c7c81c0,312,FastNewFunctionContextEval
code-creation,Builtin,3,13229,0x55ca7c7c8300,312,FastNewFunctionContextFunction
code-creation,Builtin,3,13245,0x55ca7c7c8440,696,FastNewFunctionContextFunctionWithCells
code-creation,Builtin,3,13259,0x55ca7c7c8700,284,CreateRegExpLiteral
code-creation,Builtin,3,13263,0x55ca7c7c8840,1444,CreateShallowArrayLiteral
code-creation,Builtin,3,13280,0x55ca7c7c8e00,468,CreateEmptyArrayLiteral
code-creation,Builtin,3,13293,0x55ca7c7c9000,2480,CreateShallowObjectLiteral
code-creation,Builtin,3,13297,0x55ca7c7c99c0,488,ObjectConstructor
code-creation,Builtin,3,13312,0x55ca7c7c9bc0,244,CreateEmptyLiteralObject
code-creation,Builtin,3,13328,0x55ca7c7c9cc0,560,NumberConstructor
code-creation,Builtin,3,13336,0x55ca7c7c9f00,64,GenericLazyDeoptContinuation
code-creation,Builtin,3,13348,0x55ca7c7c9f80,56,StringToNumber
code-creation,Builtin,3,13352,0x55ca7c7c9fc0,196,NonNumberToNumber
code-creation,Builtin,3,13368,0x55ca7c7ca0c0,256,NonNumberToNumeric
code-creation,Builtin,3,13381,0x55ca7c7ca200,36,ToNumeric
code-creation,Builtin,3,13385,0x55ca7c7ca240,1216,NumberToString
code-creation,Builtin,3,13400,0x55ca7c7ca740,916,SmiToString
code-creation,Builtin,3,13419,0x55ca7c7cab00,1560,Int32ToString
code-creation,Builtin,3,13441,0x55ca7c7cb140,124,Float64ToString
code-creation,Builtin,3,13462,0x55ca7c7cb1c0,124,ToBoolean
code-creation,Builtin,3,13480,0x55ca7c7cb240,84,ToBooleanForBaselineJump
code-creation,Builtin,3,13493,0x55ca7c7cb2c0,600,ToLength
code-creation,Builtin,3,13516,0x55ca7c7cb540,1312,ToName
code-creation,Builtin,3,13539,0x55ca7c7cba80,1088,ToObject
code-creation,Builtin,3,13566,0x55ca7c7cbf00,844,NonPrimitiveToPrimitive_Default
code-creation,Builtin,3,13588,0x55ca7c7cc280,432,NonPrimitiveToPrimitive_Number
code-creation,Builtin,3,13605,0x55ca7c7cc440,1200,NonPrimitiveToPrimitive_String
code-creation,Builtin,3,13610,0x55ca7c7cc900,20,OrdinaryToPrimitive_Number
code-creation,Builtin,3,13620,0x55ca7c7cc940,324,OrdinaryToPrimitive_Number_Inline
code-creation,Builtin,3,13630,0x55ca7c7ccac0,324,OrdinaryToPrimitive_String
code-creation,Builtin,3,13647,0x55ca7c7ccc40,316,FastConsoleAssert
code-creation,Builtin,3,13651,0x55ca7c7ccd80,184,DataViewPrototypeGetBuffer
code-creation,Builtin,3,13668,0x55ca7c7cce40,764,DataViewPrototypeGetByteLength
code-creation,Builtin,3,13682,0x55ca7c7cd140,432,DataViewPrototypeGetByteOffset
code-creation,Builtin,3,13701,0x55ca7c7cd300,784,DataViewPrototypeGetUint8
code-creation,Builtin,3,13716,0x55ca7c7cd640,784,DataViewPrototypeGetInt8
code-creation,Builtin,3,13720,0x55ca7c7cd980,1020,DataViewPrototypeGetUint16
code-creation,Builtin,3,13730,0x55ca7c7cdd80,1016,DataViewPrototypeGetInt16
code-creation,Builtin,3,13769,0x55ca7c7ce180,1148,DataViewPrototypeGetUint32
code-creation,Builtin,3,13786,0x55ca7c7ce600,1144,DataViewPrototypeGetInt32
code-creation,Builtin,3,13791,0x55ca7c7cea80,1256,DataViewPrototypeGetFloat16
code-creation,Builtin,3,13794,0x55ca7c7cef80,1184,DataViewPrototypeGetFloat32
code-creation,Builtin,3,13810,0x55ca7c7cf440,1256,DataViewPrototypeGetFloat64
code-creation,Builtin,3,13826,0x55ca7c7cf940,1292,DataViewPrototypeGetBigUint64
code-creation,Builtin,3,13830,0x55ca7c7cfe80,1324,DataViewPrototypeGetBigInt64
code-creation,Builtin,3,13846,0x55ca7c7d03c0,1248,DataViewPrototypeSetUint8
code-creation,Builtin,3,13852,0x55ca7c7d08c0,1248,DataViewPrototypeSetInt8
code-creation,Builtin,3,13855,0x55ca7c7d0dc0,1484,DataViewPrototypeSetUint16
code-creation,Builtin,3,13858,0x55ca7c7d13c0,1484,DataViewPrototypeSetInt16
code-creation,Builtin,3,13860,0x55ca7c7d19c0,1516,DataViewPrototypeSetUint32
code-creation,Builtin,3,13899,0x55ca7c7d1fc0,1516,DataViewPrototypeSetInt32
code-creation,Builtin,3,13908,0x55ca7c7d25c0,1584,DataViewPrototypeSetFloat16
code-creation,Builtin,3,13916,0x55ca7c7d2c00,1480,DataViewPrototypeSetFloat32
code-creation,Builtin,3,13919,0x55ca7c7d3200,1544,DataViewPrototypeSetFloat64
code-creation,Builtin,3,13922,0x55ca7c7d3840,1372,DataViewPrototypeSetBigUint64
code-creation,Builtin,3,13924,0x55ca7c7d3dc0,1372,DataViewPrototypeSetBigInt64
code-creation,Builtin,3,13943,0x55ca7c7d4340,1248,FinalizationRegistryConstructor
code-creation,Builtin,3,13948,0x55ca7c7d4840,908,FinalizationRegistryRegister
code-creation,Builtin,3,13968,0x55ca7c7d4c00,376,FunctionPrototypeHasInstance
code-creation,Builtin,3,13989,0x55ca7c7d4d80,1040,FastFunctionPrototypeBind
code-creation,Builtin,3,14003,0x55ca7c7d51c0,420,GeneratorPrototypeNextLazyDeoptContinuation
code-creation,Builtin,3,14008,0x55ca7c7d5380,152,IncBlockCounter
code-creation,Builtin,3,14018,0x55ca7c7d5440,232,GetTemplateObject
code-creation,Builtin,3,14022,0x55ca7c7d5540,96,ForInNext
code-creation,Builtin,3,14033,0x55ca7c7d55c0,136,GetImportMetaObjectBaseline
code-creation,Builtin,3,14038,0x55ca7c7d5680,128,GetIteratorWithFeedback
code-creation,Builtin,3,14048,0x55ca7c7d5740,92,GetIteratorBaseline
code-creation,Builtin,3,14052,0x55ca7c7d57c0,320,CreateAsyncFromSyncIteratorBaseline
code-creation,Builtin,3,14063,0x55ca7c7d5940,3064,ForOfNext
code-creation,Builtin,3,14067,0x55ca7c7d6540,3064,ForOfNextBaseline
code-creation,Builtin,3,14077,0x55ca7c7d7140,1248,CallIteratorWithFeedback
code-creation,Builtin,3,14081,0x55ca7c7d7640,144,IteratorClose
code-creation,Builtin,3,14092,0x55ca7c7d7700,1072,IteratorConstructor
code-creation,Builtin,3,14096,0x55ca7c7d7b40,72,IteratorPrototypeGetToStringTag
code-creation,Builtin,3,14107,0x55ca7c7d7bc0,340,IteratorPrototypeSetToStringTag
code-creation,Builtin,3,14111,0x55ca7c7d7d40,100,IteratorPrototypeGetConstructor
code-creation,Builtin,3,14121,0x55ca7c7d7dc0,340,IteratorPrototypeSetConstructor
code-creation,Builtin,3,14137,0x55ca7c7d7f40,188,IteratorPrototypeDispose
code-creation,Builtin,3,14141,0x55ca7c7d8000,64,AsyncIteratorPrototypeAsyncDisposeResolveClosure
code-creation,Builtin,3,14152,0x55ca7c7d8080,2000,AsyncIteratorPrototypeAsyncDispose
code-creation,Builtin,3,14157,0x55ca7c7d8880,1684,ArrayDestructure
code-creation,Builtin,3,14167,0x55ca7c7d8f40,1432,ArrayDestructureLazyDeoptContinuation
code-creation,Builtin,3,14172,0x55ca7c7d9500,912,IteratorFrom
code-creation,Builtin,3,14182,0x55ca7c7d98c0,164,WrapForValidIteratorPrototypeNext
code-creation,Builtin,3,14187,0x55ca7c7d9980,380,WrapForValidIteratorPrototypeReturn
code-creation,Builtin,3,14197,0x55ca7c7d9b00,448,IteratorHelperPrototypeNext
code-creation,Builtin,3,14201,0x55ca7c7d9d00,2640,IteratorHelperPrototypeReturn
code-creation,Builtin,3,14212,0x55ca7c7da780,480,IteratorPrototypeMap
code-creation,Builtin,3,14216,0x55ca7c7da980,1376,IteratorMapHelperNext
code-creation,Builtin,3,14227,0x55ca7c7daf00,480,IteratorPrototypeFilter
code-creation,Builtin,3,14231,0x55ca7c7db100,1524,IteratorFilterHelperNext
code-creation,Builtin,3,14241,0x55ca7c7db700,916,IteratorPrototypeTake
code-creation,Builtin,3,14245,0x55ca7c7dbac0,1564,IteratorTakeHelperNext
code-creation,Builtin,3,14256,0x55ca7c7dc100,916,IteratorPrototypeDrop
code-creation,Builtin,3,14260,0x55ca7c7dc4c0,1776,IteratorDropHelperNext
code-creation,Builtin,3,14270,0x55ca7c7dcbc0,504,IteratorPrototypeFlatMap
code-creation,Builtin,3,14286,0x55ca7c7dcdc0,2644,IteratorFlatMapHelperNext
code-creation,Builtin,3,14298,0x55ca7c7dd840,1996,IteratorPrototypeReduce
code-creation,Builtin,3,14302,0x55ca7c7de040,1696,IteratorPrototypeToArray
code-creation,Builtin,3,14312,0x55ca7c7de700,1268,IteratorPrototypeForEach
code-creation,Builtin,3,14317,0x55ca7c7dec00,1524,IteratorPrototypeSome
code-creation,Builtin,3,14327,0x55ca7c7df200,1512,IteratorPrototypeEvery
code-creation,Builtin,3,14331,0x55ca7c7df800,1532,IteratorPrototypeFind
code-creation,Builtin,3,14342,0x55ca7c7dfe00,1068,IteratorConcat
code-creation,Builtin,3,14346,0x55ca7c7e0240,1676,IteratorConcatHelperNext
code-creation,Builtin,3,14357,0x55ca7c7e0900,1380,IteratorPrototypeJoin
code-creation,Builtin,3,14361,0x55ca7c7e0e80,7868,IteratorZip
code-creation,Builtin,3,14371,0x55ca7c7e2d40,4508,IteratorZipHelperNext
code-creation,Builtin,3,14375,0x55ca7c7e3f00,6552,IteratorZipKeyed
code-creation,Builtin,3,14385,0x55ca7c7e58c0,5528,IteratorZipKeyedHelperNext
code-creation,Builtin,3,14398,0x55ca7c7e6e80,3328,IteratorPrototypeIncludes
code-creation,Builtin,3,14411,0x55ca7c7e7bc0,8244,MapGroupBy
code-creation,Builtin,3,14414,0x55ca7c7e9c00,304,MathAbs
code-creation,Builtin,3,14424,0x55ca7c7e9d40,452,MathCeil
code-creation,Builtin,3,14428,0x55ca7c7e9f40,456,MathFloor
code-creation,Builtin,3,14438,0x55ca7c7ea140,504,MathRound
code-creation,Builtin,3,14443,0x55ca7c7ea340,452,MathTrunc
code-creation,Builtin,3,14452,0x55ca7c7ea540,408,MathPow
code-creation,Builtin,3,14457,0x55ca7c7ea700,468,MathMax
code-creation,Builtin,3,14466,0x55ca7c7ea900,468,MathMin
code-creation,Builtin,3,14471,0x55ca7c7eab00,312,MathAcos
code-creation,Builtin,3,14481,0x55ca7c7eac40,312,MathAcosh
code-creation,Builtin,3,14484,0x55ca7c7ead80,312,MathAsin
code-creation,Builtin,3,14495,0x55ca7c7eaec0,312,MathAsinh
code-creation,Builtin,3,14498,0x55ca7c7eb000,312,MathAtan
code-creation,Builtin,3,14508,0x55ca7c7eb140,396,MathAtan2
code-creation,Builtin,3,14512,0x55ca7c7eb300,312,MathAtanh
code-creation,Builtin,3,14524,0x55ca7c7eb440,312,MathCbrt
code-creation,Builtin,3,14538,0x55ca7c7eb580,248,MathClz32
code-creation,Builtin,3,14554,0x55ca7c7eb680,312,MathCos
code-creation,Builtin,3,14568,0x55ca7c7eb7c0,312,MathCosh
code-creation,Builtin,3,14582,0x55ca7c7eb900,312,MathExp
code-creation,Builtin,3,14595,0x55ca7c7eba40,312,MathExpm1
code-creation,Builtin,3,14607,0x55ca7c7ebb80,260,MathFround
code-creation,Builtin,3,14611,0x55ca7c7ebcc0,552,MathF16round
code-creation,Builtin,3,14621,0x55ca7c7ebf00,372,MathImul
code-creation,Builtin,3,14625,0x55ca7c7ec080,312,MathLog
code-creation,Builtin,3,14638,0x55ca7c7ec1c0,312,MathLog1p
code-creation,Builtin,3,14641,0x55ca7c7ec300,312,MathLog10
code-creation,Builtin,3,14651,0x55ca7c7ec440,312,MathLog2
code-creation,Builtin,3,14656,0x55ca7c7ec580,312,MathSin
code-creation,Builtin,3,14666,0x55ca7c7ec6c0,152,MathSign
code-creation,Builtin,3,14670,0x55ca7c7ec780,312,MathSinh
code-creation,Builtin,3,14681,0x55ca7c7ec8c0,256,MathSqrt
code-creation,Builtin,3,14685,0x55ca7c7eca00,312,MathTan
code-creation,Builtin,3,14695,0x55ca7c7ecb40,312,MathTanh
code-creation,Builtin,3,14699,0x55ca7c7ecc80,2440,MathHypot
code-creation,Builtin,3,14701,0x55ca7c7ed640,380,MathRandom
code-creation,Builtin,3,14711,0x55ca7c7ed7c0,2328,NumberPrototypeToString
code-creation,Builtin,3,14715,0x55ca7c7ee100,116,NumberIsFinite
code-creation,Builtin,3,14726,0x55ca7c7ee180,308,NumberIsInteger
code-creation,Builtin,3,14730,0x55ca7c7ee2c0,112,NumberIsNaN
code-creation,Builtin,3,14758,0x55ca7c7ee340,352,NumberIsSafeInteger
code-creation,Builtin,3,14773,0x55ca7c7ee4c0,220,NumberPrototypeValueOf
code-creation,Builtin,3,14777,0x55ca7c7ee5c0,232,NumberParseFloat
code-creation,Builtin,3,14788,0x55ca7c7ee6c0,320,ParseInt
code-creation,Builtin,3,14791,0x55ca7c7ee840,96,NumberParseInt
code-creation,Builtin,3,14802,0x55ca7c7ee8c0,1056,Add
code-creation,Builtin,3,14805,0x55ca7c7eed00,564,Subtract
code-creation,Builtin,3,14808,0x55ca7c7eef40,848,Multiply
code-creation,Builtin,3,14856,0x55ca7c7ef2c0,620,Divide
code-creation,Builtin,3,14870,0x55ca7c7ef540,916,Modulus
code-creation,Builtin,3,14875,0x55ca7c7ef900,556,Exponentiate
code-creation,Builtin,3,14885,0x55ca7c7efb40,464,Negate
code-creation,Builtin,3,14889,0x55ca7c7efd40,264,BitwiseNot
code-creation,Builtin,3,14899,0x55ca7c7efe80,148,Decrement
code-creation,Builtin,3,14903,0x55ca7c7eff40,148,Increment
code-creation,Builtin,3,14913,0x55ca7c7f0000,676,ShiftLeft
code-creation,Builtin,3,14927,0x55ca7c7f02c0,676,ShiftRight
code-creation,Builtin,3,14930,0x55ca7c7f0580,612,ShiftRightLogical
code-creation,Builtin,3,14940,0x55ca7c7f0800,428,BitwiseAnd
code-creation,Builtin,3,14944,0x55ca7c7f09c0,428,BitwiseOr
code-creation,Builtin,3,14955,0x55ca7c7f0b80,428,BitwiseXor
code-creation,Builtin,3,14960,0x55ca7c7f0d40,888,LessThan
code-creation,Builtin,3,14962,0x55ca7c7f10c0,888,LessThanOrEqual
code-creation,Builtin,3,14972,0x55ca7c7f1440,888,GreaterThan
code-creation,Builtin,3,14976,0x55ca7c7f17c0,888,GreaterThanOrEqual
code-creation,Builtin,3,14987,0x55ca7c7f1b40,1036,Equal
code-creation,Builtin,3,14991,0x55ca7c7f1f80,472,StrictEqual
code-creation,Builtin,3,14994,0x55ca7c7f2180,3656,ObjectFromEntries
code-creation,Builtin,3,15003,0x55ca7c7f3000,4164,GroupByGeneric
code-creation,Builtin,3,15007,0x55ca7c7f4080,8760,ObjectGroupBy
code-creation,Builtin,3,15018,0x55ca7c7f62c0,964,CreateObjectWithoutProperties
code-creation,Builtin,3,15030,0x55ca7c7f66c0,140,ObjectIsExtensible
code-creation,Builtin,3,15035,0x55ca7c7f6780,144,ObjectPreventExtensions
code-creation,Builtin,3,15045,0x55ca7c7f6840,152,ObjectGetPrototypeOf
code-creation,Builtin,3,15050,0x55ca7c7f6900,276,ObjectSetPrototypeOf
code-creation,Builtin,3,15061,0x55ca7c7f6a40,88,ObjectPrototypeToString
code-creation,Builtin,3,15065,0x55ca7c7f6ac0,100,ObjectPrototypeValueOf
code-creation,Builtin,3,15075,0x55ca7c7f6b40,176,ObjectPrototypeToLocaleString
code-creation,Builtin,3,15079,0x55ca7c7f6c00,1448,FulfillPromise
code-creation,Builtin,3,15090,0x55ca7c7f71c0,1752,RejectPromise
code-creation,Builtin,3,15094,0x55ca7c7f78c0,1320,NewPromiseCapability
code-creation,Builtin,3,15104,0x55ca7c7f7e00,124,PromiseCapabilityDefaultReject
code-creation,Builtin,3,15109,0x55ca7c7f7e80,108,PromiseCapabilityDefaultResolve
code-creation,Builtin,3,15119,0x55ca7c7f7f00,1500,PerformPromiseThenFunction
code-creation,Builtin,3,15124,0x55ca7c7f8500,1324,PerformPromiseThen
code-creation,Builtin,3,15691,0x55ca7c7f8a40,484,PromiseReject
code-creation,Builtin,3,15697,0x55ca7c7f8c40,280,PromiseGetCapabilitiesExecutor
code-creation,Builtin,3,15699,0x55ca7c7f8d80,124,PromiseConstructorLazyDeoptContinuation
code-creation,Builtin,3,15702,0x55ca7c7f8e00,4128,PromiseAll
code-creation,Builtin,3,15712,0x55ca7c7f9e40,4180,PromiseAllSettled
code-creation,Builtin,3,15716,0x55ca7c7faec0,980,PromiseAllResolveElementClosure
code-creation,Builtin,3,15728,0x55ca7c7fb2c0,1404,PromiseAllSettledResolveElementClosure
code-creation,Builtin,3,15755,0x55ca7c7fb840,1404,PromiseAllSettledRejectElementClosure
code-creation,Builtin,3,15770,0x55ca7c7fbdc0,1076,PromiseAnyRejectElementClosure
code-creation,Builtin,3,15775,0x55ca7c7fc200,2472,PromiseAny
code-creation,Builtin,3,15776,0x55ca7c7fcbc0,2104,PromiseConstructor
code-creation,Builtin,3,15786,0x55ca7c7fd400,268,PromisePrototypeCatch
code-creation,Builtin,3,15790,0x55ca7c7fd540,84,PromiseValueThunkFinally
code-creation,Builtin,3,15793,0x55ca7c7fd5c0,76,PromiseThrowerFinally
code-creation,Builtin,3,15796,0x55ca7c7fd640,604,PromiseCatchFinally
code-creation,Builtin,3,15797,0x55ca7c7fd8c0,604,PromiseThenFinally
code-creation,Builtin,3,15799,0x55ca7c7fdb40,1000,PromisePrototypeFinally
code-creation,Builtin,3,15801,0x55ca7c7fdf40,660,PromiseResolveThenableJob
code-creation,Builtin,3,15803,0x55ca7c7fe200,160,GetContinuationPreservedEmbedderData
code-creation,Builtin,3,15805,0x55ca7c7fe2c0,88,SetContinuationPreservedEmbedderData
code-creation,Builtin,3,15815,0x55ca7c7fe340,184,AsyncAwaitNonThenableFastPath
code-creation,Builtin,3,15820,0x55ca7c7fe400,1676,PromiseRace
code-creation,Builtin,3,15830,0x55ca7c7feac0,440,PromiseFulfillReactionJob
code-creation,Builtin,3,15847,0x55ca7c7fec80,536,PromiseRejectReactionJob
code-creation,Builtin,3,15851,0x55ca7c7feec0,148,PromiseResolveTrampoline
code-creation,Builtin,3,15861,0x55ca7c7fef80,568,PromiseResolve
code-creation,Builtin,3,15866,0x55ca7c7ff1c0,776,ResolvePromise
code-creation,Builtin,3,15876,0x55ca7c7ff500,1972,PromisePrototypeThen
code-creation,Builtin,3,15880,0x55ca7c7ffcc0,1876,PromiseTry
code-creation,Builtin,3,15891,0x55ca7c800440,348,PromiseWithResolvers
code-creation,Builtin,3,15894,0x55ca7c8005c0,616,ProxyConstructor
code-creation,Builtin,3,15905,0x55ca7c800840,2852,ProxyDeleteProperty
code-creation,Builtin,3,15910,0x55ca7c801380,2948,ProxyGetProperty
code-creation,Builtin,3,15920,0x55ca7c801f40,1068,ProxyGetPrototypeOf
code-creation,Builtin,3,15924,0x55ca7c802380,2672,ProxyHasProperty
code-creation,Builtin,3,15935,0x55ca7c802e00,768,ProxyIsExtensible
code-creation,Builtin,3,15939,0x55ca7c803140,808,ProxyPreventExtensions
code-creation,Builtin,3,15942,0x55ca7c803480,656,ProxyRevocable
code-creation,Builtin,3,15945,0x55ca7c803740,120,ProxyRevoke
code-creation,Builtin,3,15955,0x55ca7c8037c0,3512,ProxySetProperty
code-creation,Builtin,3,15959,0x55ca7c804580,1320,ProxySetPrototypeOf
code-creation,Builtin,3,15971,0x55ca7c804ac0,176,ReflectIsExtensible
code-creation,Builtin,3,15975,0x55ca7c804b80,180,ReflectPreventExtensions
code-creation,Builtin,3,15986,0x55ca7c804c40,176,ReflectGetPrototypeOf
code-creation,Builtin,3,15990,0x55ca7c804d00,264,ReflectSetPrototypeOf
code-creation,Builtin,3,16000,0x55ca7c804e40,344,ReflectGet
code-creation,Builtin,3,16004,0x55ca7c804fc0,152,ReflectDeleteProperty
code-creation,Builtin,3,16014,0x55ca7c805080,148,ReflectHas
code-creation,Builtin,3,16018,0x55ca7c805140,4680,ReflectGetOwnPropertyDescriptor
code-creation,Builtin,3,16028,0x55ca7c8063c0,8292,RegExpPrototypeExecSlow
code-creation,Builtin,3,16033,0x55ca7c808440,8516,RegExpPrototypeExec
code-creation,Builtin,3,16043,0x55ca7c80a5c0,2884,RegExpPrototypeMatchAll
code-creation,Builtin,3,16048,0x55ca7c80b140,12908,RegExpStringIteratorPrototypeNext
code-creation,Builtin,3,16058,0x55ca7c80e3c0,16072,RegExpMatchFast
code-creation,Builtin,3,16062,0x55ca7c8122c0,3292,RegExpPrototypeMatch
code-creation,Builtin,3,16072,0x55ca7c812fc0,10804,RegExpReplace
code-creation,Builtin,3,16076,0x55ca7c815a00,532,RegExpPrototypeReplace
code-creation,Builtin,3,16087,0x55ca7c815c40,4532,RegExpSearchFast
code-creation,Builtin,3,16090,0x55ca7c816e00,1528,RegExpPrototypeSearch
code-creation,Builtin,3,16101,0x55ca7c817400,264,RegExpPrototypeSourceGetter
code-creation,Builtin,3,16106,0x55ca7c817540,10624,RegExpSplit
code-creation,Builtin,3,16116,0x55ca7c819f00,648,RegExpPrototypeSplit
code-creation,Builtin,3,16120,0x55ca7c81a1c0,5352,RegExpPrototypeTest
code-creation,Builtin,3,16133,0x55ca7c81b6c0,4484,RegExpPrototypeTestFast
code-creation,Builtin,3,16138,0x55ca7c81c880,220,RegExpPrototypeGlobalGetter
code-creation,Builtin,3,16148,0x55ca7c81c980,220,RegExpPrototypeIgnoreCaseGetter
code-creation,Builtin,3,16153,0x55ca7c81ca80,224,RegExpPrototypeMultilineGetter
code-creation,Builtin,3,16163,0x55ca7c81cb80,224,RegExpPrototypeHasIndicesGetter
code-creation,Builtin,3,16167,0x55ca7c81cc80,224,RegExpPrototypeLinearGetter
code-creation,Builtin,3,16178,0x55ca7c81cd80,224,RegExpPrototypeDotAllGetter
code-creation,Builtin,3,16182,0x55ca7c81ce80,244,RegExpPrototypeStickyGetter
code-creation,Builtin,3,16192,0x55ca7c81cf80,244,RegExpPrototypeUnicodeGetter
code-creation,Builtin,3,16197,0x55ca7c81d080,224,RegExpPrototypeUnicodeSetsGetter
code-creation,Builtin,3,16207,0x55ca7c81d180,2572,RegExpPrototypeFlagsGetter
code-creation,Builtin,3,16211,0x55ca7c81dbc0,12532,SetPrototypeDifference
code-creation,Builtin,3,16222,0x55ca7c820cc0,13568,SetPrototypeIntersection
code-creation,Builtin,3,16226,0x55ca7c824200,3112,SetPrototypeIsDisjointFrom
code-creation,Builtin,3,16236,0x55ca7c824e40,1860,SetPrototypeIsSubsetOf
code-creation,Builtin,3,16240,0x55ca7c8255c0,2320,SetPrototypeIsSupersetOf
code-creation,Builtin,3,16250,0x55ca7c825f00,12216,SetPrototypeSymmetricDifference
code-creation,Builtin,3,16264,0x55ca7c828ec0,9160,SetPrototypeUnion
code-creation,Builtin,3,16268,0x55ca7c82b2c0,1260,StringPrototypeAt
code-creation,Builtin,3,16278,0x55ca7c82b7c0,3804,StringPrototypeEndsWith
code-creation,Builtin,3,16282,0x55ca7c82c6c0,484,CreateHTML
code-creation,Builtin,3,16293,0x55ca7c82c8c0,296,StringPrototypeAnchor
code-creation,Builtin,3,16297,0x55ca7c82ca00,156,StringPrototypeBig
code-creation,Builtin,3,16306,0x55ca7c82cac0,156,StringPrototypeBlink
code-creation,Builtin,3,16310,0x55ca7c82cb80,156,StringPrototypeBold
code-creation,Builtin,3,16321,0x55ca7c82cc40,296,StringPrototypeFontcolor
code-creation,Builtin,3,16325,0x55ca7c82cd80,296,StringPrototypeFontsize
code-creation,Builtin,3,16335,0x55ca7c82cec0,156,StringPrototypeFixed
code-creation,Builtin,3,16339,0x55ca7c82cf80,156,StringPrototypeItalics
code-creation,Builtin,3,16349,0x55ca7c82d040,296,StringPrototypeLink
code-creation,Builtin,3,16354,0x55ca7c82d180,156,StringPrototypeSmall
code-creation,Builtin,3,16364,0x55ca7c82d240,156,StringPrototypeStrike
code-creation,Builtin,3,16368,0x55ca7c82d300,156,StringPrototypeSub
code-creation,Builtin,3,16378,0x55ca7c82d3c0,156,StringPrototypeSup
code-creation,Builtin,3,16383,0x55ca7c82d480,972,StringPrototypeIncludes
code-creation,Builtin,3,16392,0x55ca7c82d880,644,StringPrototypeIndexOf
code-creation,Builtin,3,16397,0x55ca7c82db40,668,StringPrototypeIsWellFormed
code-creation,Builtin,3,16408,0x55ca7c82de00,324,StringPrototypeIterator
code-creation,Builtin,3,16412,0x55ca7c82df80,1668,StringIteratorPrototypeNext
code-creation,Builtin,3,16422,0x55ca7c82e640,1676,StringPrototypeMatch
code-creation,Builtin,3,16426,0x55ca7c82ed00,1676,StringPrototypeSearch
code-creation,Builtin,3,16436,0x55ca7c82f3c0,796,StringPrototypePadStart
code-creation,Builtin,3,16441,0x55ca7c82f700,796,StringPrototypePadEnd
code-creation,Builtin,3,16451,0x55ca7c82fa40,156,StringRepeat
code-creation,Builtin,3,16455,0x55ca7c82fb00,392,StringPrototypeRepeat
code-creation,Builtin,3,16465,0x55ca7c82fcc0,14864,StringPrototypeReplaceAll
code-creation,Builtin,3,16469,0x55ca7c833700,4632,StringPrototypeSlice
code-creation,Builtin,3,16485,0x55ca7c834940,3804,StringPrototypeStartsWith
code-creation,Builtin,3,16489,0x55ca7c835840,4492,StringPrototypeSubstr
code-creation,Builtin,3,16500,0x55ca7c836a00,4448,StringPrototypeSubstring
code-creation,Builtin,3,16504,0x55ca7c837b80,1028,StringPrototypeToWellFormed
code-creation,Builtin,3,16514,0x55ca7c837fc0,9028,StringPrototypeTrim
code-creation,Builtin,3,16518,0x55ca7c83a340,8640,StringPrototypeTrimStart
code-creation,Builtin,3,16528,0x55ca7c83c540,8008,StringPrototypeTrimEnd
code-creation,Builtin,3,16532,0x55ca7c83e4c0,300,SuppressedErrorConstructor
code-creation,Builtin,3,16543,0x55ca7c83e600,220,SymbolPrototypeDescriptionGetter
code-creation,Builtin,3,16547,0x55ca7c83e700,212,SymbolPrototypeToPrimitive
code-creation,Builtin,3,16559,0x55ca7c83e800,232,SymbolPrototypeToString
code-creation,Builtin,3,16571,0x55ca7c83e900,212,SymbolPrototypeValueOf
code-creation,Builtin,3,16575,0x55ca7c83ea00,1104,TypedArrayPrototypeAt
code-creation,Builtin,3,16585,0x55ca7c83ee80,12808,CreateTypedArray
code-creation,Builtin,3,16590,0x55ca7c8420c0,1676,TypedArrayPrototypeEvery
code-creation,Builtin,3,16600,0x55ca7c842780,412,TypedArrayPrototypeEntries
code-creation,Builtin,3,16604,0x55ca7c842940,4232,TypedArrayPrototypeFilter
code-creation,Builtin,3,16614,0x55ca7c843a00,1676,TypedArrayPrototypeFind
code-creation,Builtin,3,16619,0x55ca7c8440c0,1684,TypedArrayPrototypeFindIndex
code-creation,Builtin,3,16630,0x55ca7c844780,1696,TypedArrayPrototypeFindLast
code-creation,Builtin,3,16634,0x55ca7c844e40,1704,TypedArrayPrototypeFindLastIndex
code-creation,Builtin,3,16637,0x55ca7c845500,1552,TypedArrayPrototypeForEach
code-creation,Builtin,3,16647,0x55ca7c845b40,5076,TypedArrayFrom
code-creation,Builtin,3,16652,0x55ca7c846f40,412,TypedArrayPrototypeKeys
code-creation,Builtin,3,16663,0x55ca7c847100,1452,TypedArrayOf
code-creation,Builtin,3,16667,0x55ca7c8476c0,1704,TypedArrayPrototypeReduce
code-creation,Builtin,3,16677,0x55ca7c847d80,1656,TypedArrayPrototypeReduceRight
code-creation,Builtin,3,16691,0x55ca7c848400,3816,TypedArrayPrototypeSet
code-creation,Builtin,3,16695,0x55ca7c849300,3816,TypedArrayPrototypeSlice
code-creation,Builtin,3,16705,0x55ca7c84a200,1676,TypedArrayPrototypeSome
code-creation,Builtin,3,16710,0x55ca7c84a8c0,880,TypedArrayMergeSort
code-creation,Builtin,3,16720,0x55ca7c84ac40,2204,TypedArrayPrototypeSort
code-creation,Builtin,3,16724,0x55ca7c84b500,2792,TypedArrayPrototypeSubArray
code-creation,Builtin,3,16745,0x55ca7c84c000,1560,TypedArrayPrototypeToReversed
code-creation,Builtin,3,16749,0x55ca7c84c640,2984,TypedArrayPrototypeToSorted
code-creation,Builtin,3,16752,0x55ca7c84d200,412,TypedArrayPrototypeValues
code-creation,Builtin,3,16754,0x55ca7c84d3c0,3528,TypedArrayPrototypeWith
code-creation,Builtin,3,16755,0x55ca7c84e1c0,1548,WeakRefConstructor
code-creation,Builtin,3,16761,0x55ca7c84e800,184,WeakRefDeref
code-creation,Builtin,3,16771,0x55ca7c84e8c0,716,NewSloppyArgumentsElements
code-creation,Builtin,3,16775,0x55ca7c84ebc0,288,NewStrictArgumentsElements
code-creation,Builtin,3,16786,0x55ca7c84ed00,372,NewRestArgumentsElements
code-creation,Builtin,3,16790,0x55ca7c84ee80,1396,FastNewSloppyArguments
code-creation,Builtin,3,16800,0x55ca7c84f400,504,FastNewStrictArguments
code-creation,Builtin,3,16805,0x55ca7c84f600,556,FastNewRestArguments
code-creation,Builtin,3,16815,0x55ca7c84f840,256,LoadFromContextCell
code-creation,Builtin,3,16819,0x55ca7c84f980,2372,StoreCurrentContextElementBaseline
code-creation,Builtin,3,16829,0x55ca7c850300,2448,StoreContextElementBaseline
code-creation,Builtin,3,16833,0x55ca7c850cc0,316,DetachContextCell
code-creation,Builtin,3,16843,0x55ca7c850e00,736,StringSlowFlatten
code-creation,Builtin,3,16847,0x55ca7c851100,2744,StringIndexOf
code-creation,Builtin,3,16857,0x55ca7c851bc0,1896,TestTurbofanType
code-creation,Builtin,3,16861,0x55ca7c852340,156,CheckTurbofanType
code-creation,Builtin,3,16871,0x55ca7c852400,540,CheckTurboshaftWord32Type
code-creation,Builtin,3,16876,0x55ca7c852640,928,CheckTurboshaftWord64Type
code-creation,Builtin,3,16886,0x55ca7c852a00,1012,CheckTurboshaftFloat32Type
code-creation,Builtin,3,16890,0x55ca7c852e00,1012,CheckTurboshaftFloat64Type
code-creation,Builtin,3,16900,0x55ca7c853200,124,DebugPrintWord32
code-creation,Builtin,3,16904,0x55ca7c853280,180,DebugPrintWord64
code-creation,Builtin,3,16914,0x55ca7c853340,132,DebugPrintFloat32
code-creation,Builtin,3,16918,0x55ca7c853400,176,DebugPrintFloat64
code-creation,Builtin,3,16928,0x55ca7c8534c0,140,DebugPrintObject
code-creation,Builtin,3,16932,0x55ca7c853580,4,GenericBuiltinTest_JSAny_0
code-creation,Builtin,3,16942,0x55ca7c8535c0,8,TestHelperPlus1
code-creation,Builtin,3,16946,0x55ca7c853600,8,TestHelperPlus2
code-creation,Builtin,3,16956,0x55ca7c853640,16,ReturnTwoValues
code-creation,Builtin,3,16960,0x55ca7c853680,28,ThrowAsBuiltin
code-creation,Builtin,3,16970,0x55ca7c8536c0,84,TestCallNever
code-creation,Builtin,3,16974,0x55ca7c853740,36,TestIncrementArraySpeciesModified
code-creation,Builtin,3,16985,0x55ca7c853780,36,Load_FastSmiElements_0
code-creation,Builtin,3,16990,0x55ca7c8537c0,36,Load_FastObjectElements_0
code-creation,Builtin,3,17000,0x55ca7c853800,164,Load_FastDoubleElements_0
code-creation,Builtin,3,17004,0x55ca7c8538c0,32,Store_FastSmiElements_0
code-creation,Builtin,3,17015,0x55ca7c853900,96,Store_FastObjectElements_0
code-creation,Builtin,3,17019,0x55ca7c853980,88,Store_FastDoubleElements_0
code-creation,Builtin,3,17029,0x55ca7c853a00,40,Delete_FastSmiElements_0
code-creation,Builtin,3,17033,0x55ca7c853a40,40,Delete_FastObjectElements_0
code-creation,Builtin,3,17043,0x55ca7c853a80,44,Delete_FastDoubleElements_0
code-creation,Builtin,3,17048,0x55ca7c853ac0,196,SortCompareDefault
code-creation,Builtin,3,17058,0x55ca7c853bc0,88,SortCompareUserFn
code-creation,Builtin,3,17062,0x55ca7c853c40,8,CanUseSameAccessor_GenericElementsAccessor_0
code-creation,Builtin,3,17080,0x55ca7c853c80,380,Copy
code-creation,Builtin,3,17100,0x55ca7c853e00,6108,MergeAt
code-creation,Builtin,3,17106,0x55ca7c855600,904,GallopLeft
code-creation,Builtin,3,17131,0x55ca7c8559c0,972,GallopRight
code-creation,Builtin,3,17148,0x55ca7c855dc0,7140,ArrayPowerSort
code-creation,Builtin,3,17161,0x55ca7c8579c0,1764,ArrayPrototypeSort
code-creation,Builtin,3,17165,0x55ca7c8580c0,4768,StringFastLocaleCompare
code-creation,Builtin,3,17185,0x55ca7c859380,3384,JSToWasmWrapper
code-creation,Builtin,3,17190,0x55ca7c85a0c0,3392,WasmPromising
code-creation,Builtin,3,17200,0x55ca7c85ae40,3392,WasmStressSwitch
code-creation,Builtin,3,17205,0x55ca7c85bbc0,2952,JSToWasmHandleReturns
code-creation,Builtin,3,17215,0x55ca7c85c780,88,WasmInt32ToHeapNumber
code-creation,Builtin,3,17219,0x55ca7c85c800,68,WasmInt32ToSharedHeapNumber
code-creation,Builtin,3,17229,0x55ca7c85c880,116,WasmFuncRefToJS
code-creation,Builtin,3,17233,0x55ca7c85c900,328,WasmTaggedNonSmiToInt32
code-creation,Builtin,3,17244,0x55ca7c85ca80,308,WasmTaggedToFloat64
code-creation,Builtin,3,17248,0x55ca7c85cbc0,100,WasmTaggedToFloat32
code-creation,Builtin,3,17258,0x55ca7c85cc40,68,WasmMemoryGrow
code-creation,Builtin,3,17262,0x55ca7c85ccc0,88,WasmTableInit
code-creation,Builtin,3,17272,0x55ca7c85cd40,92,WasmTableCopy
code-creation,Builtin,3,17276,0x55ca7c85cdc0,76,WasmTableFill
code-creation,Builtin,3,17286,0x55ca7c85ce40,64,WasmTableGrow
code-creation,Builtin,3,17290,0x55ca7c85cec0,72,WasmTableGet
code-creation,Builtin,3,17300,0x55ca7c85cf40,136,WasmTableSet
code-creation,Builtin,3,17304,0x55ca7c85d000,148,WasmTableGetFuncRef
code-creation,Builtin,3,17314,0x55ca7c85d0c0,48,WasmFunctionTableGet
code-creation,Builtin,3,17318,0x55ca7c85d100,92,WasmTableSetFuncRef
code-creation,Builtin,3,17328,0x55ca7c85d180,68,WasmRefFunc
code-creation,Builtin,3,17332,0x55ca7c85d200,32,WasmInternalFunctionCreateExternal
code-creation,Builtin,3,17343,0x55ca7c85d240,224,WasmAllocateZeroedFixedArray
code-creation,Builtin,3,17355,0x55ca7c85d340,148,WasmAllocateFixedArray
code-creation,Builtin,3,17360,0x55ca7c85d400,36,WasmLiftoffDeoptFinish
code-creation,Builtin,3,17370,0x55ca7c85d440,44,WasmThrow
code-creation,Builtin,3,17374,0x55ca7c85d480,40,WasmRethrow
code-creation,Builtin,3,17384,0x55ca7c85d4c0,52,WasmThrowRef
code-creation,Builtin,3,17388,0x55ca7c85d500,40,WasmRethrowExplicitContext
code-creation,Builtin,3,17399,0x55ca7c85d540,40,WasmTriggerTierUp
code-creation,Builtin,3,17403,0x55ca7c85d580,20,WasmGrowableStackGuard
code-creation,Builtin,3,17413,0x55ca7c85d5c0,44,WasmStackGuard
code-creation,Builtin,3,17417,0x55ca7c85d600,28,WasmStackGuardLoop
code-creation,Builtin,3,17427,0x55ca7c85d640,28,WasmStackOverflow
code-creation,Builtin,3,17431,0x55ca7c85d680,28,WasmTraceGlobal
code-creation,Builtin,3,17441,0x55ca7c85d6c0,28,WasmTraceMemory
code-creation,Builtin,3,17445,0x55ca7c85d700,28,WasmTraceEnter
code-creation,Builtin,3,17455,0x55ca7c85d740,40,WasmTraceExit
code-creation,Builtin,3,17459,0x55ca7c85d780,44,WasmConfigureAllPrototypesOpt
code-creation,Builtin,3,17469,0x55ca7c85d7c0,712,WasmAllocateJSArray
code-creation,Builtin,3,17473,0x55ca7c85dac0,92,WasmAllocateStructWithRtt
code-creation,Builtin,3,17484,0x55ca7c85db40,52,WasmAllocateDescriptorStruct
code-creation,Builtin,3,17496,0x55ca7c85db80,132,WasmAllocateSharedStructWithRtt
code-creation,Builtin,3,17501,0x55ca7c85dc40,120,WasmAllocateArray_Uninitialized
code-creation,Builtin,3,17511,0x55ca7c85dcc0,164,WasmAllocateSharedArray_Uninitialized
code-creation,Builtin,3,17524,0x55ca7c85dd80,96,WasmArrayNewSegment
code-creation,Builtin,3,17528,0x55ca7c85de00,180,WasmArrayInitSegment
code-creation,Builtin,3,17538,0x55ca7c85dec0,136,WasmArrayCopy
code-creation,Builtin,3,17542,0x55ca7c85df80,100,WasmUint32ToNumber
code-creation,Builtin,3,17552,0x55ca7c85e000,132,UintPtr53ToNumber
code-creation,Builtin,3,17556,0x55ca7c85e0c0,380,WasmI32AtomicWait
code-creation,Builtin,3,17566,0x55ca7c85e240,288,WasmI64AtomicWait
code-creation,Builtin,3,17570,0x55ca7c85e380,192,WasmManagedObjectWait32
code-creation,Builtin,3,17581,0x55ca7c85e480,56,WasmManagedObjectWait64
code-creation,Builtin,3,17585,0x55ca7c85e4c0,56,WasmManagedObjectWaitRef
code-creation,Builtin,3,17595,0x55ca7c85e500,28,WasmWaitqueueNew
code-creation,Builtin,3,17609,0x55ca7c85e540,1156,CallRefIC
code-creation,Builtin,3,17613,0x55ca7c85ea00,1020,CallIndirectIC
code-creation,Builtin,3,17623,0x55ca7c85ee00,92,WasmTrap
code-creation,Builtin,3,17627,0x55ca7c85ee80,12,ThrowWasmTrapUnreachable
code-creation,Builtin,3,17639,0x55ca7c85eec0,80,WasmTrapHandlerThrowTrap
code-creation,Builtin,3,17644,0x55ca7c85ef40,20,WasmPropagateException
code-creation,Builtin,3,17654,0x55ca7c85ef80,12,ThrowWasmTrapMemOutOfBounds
code-creation,Builtin,3,17666,0x55ca7c85efc0,12,ThrowWasmTrapUnalignedAccess
code-creation,Builtin,3,17671,0x55ca7c85f000,12,ThrowWasmTrapDivByZero
code-creation,Builtin,3,17681,0x55ca7c85f040,12,ThrowWasmTrapDivUnrepresentable
code-creation,Builtin,3,17694,0x55ca7c85f080,12,ThrowWasmTrapRemByZero
code-creation,Builtin,3,17697,0x55ca7c85f0c0,12,ThrowWasmTrapFloatUnrepresentable
code-creation,Builtin,3,17708,0x55ca7c85f100,12,ThrowWasmTrapFuncSigMismatch
code-creation,Builtin,3,17712,0x55ca7c85f140,12,ThrowWasmTrapNullFunc
code-creation,Builtin,3,17723,0x55ca7c85f180,12,ThrowWasmTrapDataSegmentOutOfBounds
code-creation,Builtin,3,17746,0x55ca7c85f1c0,12,ThrowWasmTrapElementSegmentOutOfBounds
code-creation,Builtin,3,17751,0x55ca7c85f200,12,ThrowWasmTrapTableOutOfBounds
code-creation,Builtin,3,17753,0x55ca7c85f240,12,ThrowWasmTrapRethrowNull
code-creation,Builtin,3,17755,0x55ca7c85f280,12,ThrowWasmTrapNullDereference
code-creation,Builtin,3,17757,0x55ca7c85f2c0,12,ThrowWasmTrapIllegalCast
code-creation,Builtin,3,17767,0x55ca7c85f300,12,ThrowWasmTrapArrayOutOfBounds
code-creation,Builtin,3,17772,0x55ca7c85f340,12,ThrowWasmTrapArrayTooLarge
code-creation,Builtin,3,17783,0x55ca7c85f380,12,ThrowWasmTrapStringOffsetOutOfBounds
code-creation,Builtin,3,17795,0x55ca7c85f3c0,24,WasmTypeAssertionFailed
code-creation,Builtin,3,17800,0x55ca7c85f400,12,ThrowWasmTrapResume
code-creation,Builtin,3,17802,0x55ca7c85f440,12,ThrowWasmTrapSuspend
code-creation,Builtin,3,17804,0x55ca7c85f480,12,ThrowWasmTrapSwitch
code-creation,Builtin,3,17806,0x55ca7c85f4c0,476,WasmStringNewWtf8
code-creation,Builtin,3,17808,0x55ca7c85f6c0,160,WasmStringNewWtf8Array
code-creation,Builtin,3,17810,0x55ca7c85f780,476,WasmStringNewWtf16
code-creation,Builtin,3,17811,0x55ca7c85f980,1292,WasmStringNewWtf16Array
code-creation,Builtin,3,17822,0x55ca7c85fec0,144,WasmStringFromDataSegment
code-creation,Builtin,3,17827,0x55ca7c85ff80,240,WasmStringAsWtf16
code-creation,Builtin,3,17838,0x55ca7c860080,44,WasmStringConst
code-creation,Builtin,3,17842,0x55ca7c8600c0,96,WasmStringMeasureUtf8
code-creation,Builtin,3,17852,0x55ca7c860140,96,WasmStringMeasureWtf8
code-creation,Builtin,3,17856,0x55ca7c8601c0,276,WasmStringEncodeWtf8
code-creation,Builtin,3,17866,0x55ca7c860300,324,WasmStringEncodeWtf8Array
code-creation,Builtin,3,17871,0x55ca7c860480,48,WasmStringToUtf8Array
code-creation,Builtin,3,17881,0x55ca7c8604c0,228,WasmStringEncodeWtf16
code-creation,Builtin,3,17885,0x55ca7c8605c0,1228,WasmStringEncodeWtf16Array
code-creation,Builtin,3,17896,0x55ca7c860ac0,60,ThrowToLowerCaseCalledOnNull
code-creation,Builtin,3,17900,0x55ca7c860b00,60,ThrowIndexOfCalledOnNull
code-creation,Builtin,3,17910,0x55ca7c860b40,48,ThrowDataViewTypeError
code-creation,Builtin,3,17914,0x55ca7c860b80,44,ThrowDataViewDetachedError
code-creation,Builtin,3,17925,0x55ca7c860bc0,44,ThrowDataViewOutOfBounds
code-creation,Builtin,3,17929,0x55ca7c860c00,20,WasmStringConcat
code-creation,Builtin,3,17938,0x55ca7c860c40,44,WasmStringAdd_NoMapCheck_Shared
code-creation,Builtin,3,17951,0x55ca7c860c80,264,WasmStringEqual
code-creation,Builtin,3,17956,0x55ca7c860dc0,120,WasmStringIsUSVSequence
code-creation,Builtin,3,17965,0x55ca7c860e40,40,WasmStringAsWtf8
code-creation,Builtin,3,17969,0x55ca7c860e80,212,WasmStringViewWtf8Advance
code-creation,Builtin,3,17980,0x55ca7c860f80,708,WasmStringViewWtf8Encode
code-creation,Builtin,3,17984,0x55ca7c861280,524,WasmStringViewWtf8Slice
code-creation,Builtin,3,17994,0x55ca7c8614c0,480,WasmStringViewWtf16GetCodeUnit
code-creation,Builtin,3,17999,0x55ca7c8616c0,264,WasmStringViewWtf16Encode
code-creation,Builtin,3,18013,0x55ca7c861800,6072,WasmStringViewWtf16Slice
code-creation,Builtin,3,18017,0x55ca7c862fc0,76,WasmStringSliceShared
code-creation,Builtin,3,18027,0x55ca7c863040,88,WasmStringAsIter
code-creation,Builtin,3,18031,0x55ca7c8630c0,1032,WasmStringCodePointAt
code-creation,Builtin,3,18041,0x55ca7c863500,1048,WasmStringViewIterNext
code-creation,Builtin,3,18045,0x55ca7c863940,1084,WasmStringViewIterAdvance
code-creation,Builtin,3,18056,0x55ca7c863d80,1144,WasmStringViewIterRewind
code-creation,Builtin,3,18068,0x55ca7c864200,4716,WasmStringViewIterSlice
code-creation,Builtin,3,18072,0x55ca7c865480,2076,WasmIntToString
code-creation,Builtin,3,18081,0x55ca7c865cc0,504,WasmStringToDouble
code-creation,Builtin,3,18086,0x55ca7c865ec0,280,WasmStringFromCodePoint
code-creation,Builtin,3,18096,0x55ca7c866000,36,WasmStringHash
code-creation,Builtin,3,18100,0x55ca7c866040,56,WasmAnyConvertExtern
code-creation,Builtin,3,18110,0x55ca7c866080,56,WasmAnyConvertExternShared
code-creation,Builtin,3,18114,0x55ca7c8660c0,456,WasmFastApiCallTypeCheckAndUpdateIC
code-creation,Builtin,3,18128,0x55ca7c8662c0,3712,WasmStringIndexOf
code-creation,Builtin,3,18140,0x55ca7c867180,84,WasmLiftoffIsEqRefUnshared
code-creation,Builtin,3,18144,0x55ca7c867200,68,WasmLiftoffIsArrayRefUnshared
code-creation,Builtin,3,18154,0x55ca7c867280,68,WasmLiftoffIsStructRefUnshared
code-creation,Builtin,3,18159,0x55ca7c867300,84,WasmLiftoffCastEqRefUnshared
code-creation,Builtin,3,18170,0x55ca7c867380,60,WasmLiftoffCastArrayRefUnshared
code-creation,Builtin,3,18174,0x55ca7c8673c0,60,WasmLiftoffCastStructRefUnshared
code-creation,Builtin,3,18185,0x55ca7c867400,116,WebAssemblyStringCast
code-creation,Builtin,3,18189,0x55ca7c867480,88,WebAssemblyStringTest
code-creation,Builtin,3,18199,0x55ca7c867500,364,WebAssemblyStringFromWtf16Array
code-creation,Builtin,3,18211,0x55ca7c867680,372,WebAssemblyStringFromWtf16ArrayShared
code-creation,Builtin,3,18224,0x55ca7c867800,376,WebAssemblyStringFromUtf8Array
code-creation,Builtin,3,18228,0x55ca7c867980,376,WebAssemblyStringFromUtf8ArrayShared
code-creation,Builtin,3,18238,0x55ca7c867b00,424,WebAssemblyStringIntoUtf8Array
code-creation,Builtin,3,18252,0x55ca7c867cc0,424,WebAssemblyStringIntoUtf8ArrayShared
code-creation,Builtin,3,18256,0x55ca7c867e80,136,WebAssemblyStringToUtf8Array
code-creation,Builtin,3,18266,0x55ca7c867f40,136,WebAssemblyStringToUtf8ArrayShared
code-creation,Builtin,3,18271,0x55ca7c868000,300,WebAssemblyStringToWtf16Array
code-creation,Builtin,3,18282,0x55ca7c868140,300,WebAssemblyStringToWtf16ArrayShared
code-creation,Builtin,3,18286,0x55ca7c868280,260,WebAssemblyStringFromCharCode
code-creation,Builtin,3,18297,0x55ca7c8683c0,176,WebAssemblyStringFromCharCodeShared
code-creation,Builtin,3,18309,0x55ca7c868480,320,WebAssemblyStringFromCodePoint
code-creation,Builtin,3,18314,0x55ca7c868600,144,WebAssemblyStringFromCodePointShared
code-creation,Builtin,3,18324,0x55ca7c8686c0,1160,WebAssemblyStringCodePointAt
code-creation,Builtin,3,18337,0x55ca7c868b80,648,WebAssemblyStringCharCodeAt
code-creation,Builtin,3,18341,0x55ca7c868e40,120,WebAssemblyStringLength
code-creation,Builtin,3,18351,0x55ca7c868ec0,132,WebAssemblyStringMeasureUtf8
code-creation,Builtin,3,18364,0x55ca7c868f80,144,WebAssemblyStringConcat
code-creation,Builtin,3,18369,0x55ca7c869040,376,WebAssemblyStringSubstring
code-creation,Builtin,3,18379,0x55ca7c8691c0,264,WebAssemblyStringEquals
code-creation,Builtin,3,18383,0x55ca7c869300,144,WebAssemblyStringCompare
code-creation,Builtin,3,18394,0x55ca7c8693c0,128,WebAssemblyConfigureAllPrototypes
code-creation,Builtin,3,18399,0x55ca7c869480,160,LoadJoinElement_GenericElementsAccessor_0
code-creation,Builtin,3,18410,0x55ca7c869540,120,LoadJoinTypedElement_Int32Elements_0
code-creation,Builtin,3,18422,0x55ca7c8695c0,308,LoadJoinTypedElement_Float16Elements_0
code-creation,Builtin,3,18436,0x55ca7c869700,112,LoadJoinTypedElement_Float32Elements_0
code-creation,Builtin,3,18440,0x55ca7c869780,108,LoadJoinTypedElement_Float64Elements_0
code-creation,Builtin,3,18451,0x55ca7c869800,28,LoadJoinTypedElement_Uint8ClampedElements_0
code-creation,Builtin,3,18466,0x55ca7c869840,188,LoadJoinTypedElement_BigUint64Elements_0
code-creation,Builtin,3,18478,0x55ca7c869900,232,LoadJoinTypedElement_BigInt64Elements_0
code-creation,Builtin,3,18494,0x55ca7c869a00,28,LoadJoinTypedElement_Uint8Elements_0
code-creation,Builtin,3,18506,0x55ca7c869a40,28,LoadJoinTypedElement_Int8Elements_0
code-creation,Builtin,3,18511,0x55ca7c869a80,28,LoadJoinTypedElement_Uint16Elements_0
code-creation,Builtin,3,18525,0x55ca7c869ac0,28,LoadJoinTypedElement_Int16Elements_0
code-creation,Builtin,3,18540,0x55ca7c869b00,124,LoadJoinTypedElement_Uint32Elements_0
code-creation,Builtin,3,18555,0x55ca7c869b80,8,GenericBuiltinTest_Smi_0
code-creation,Builtin,3,18574,0x55ca7c869bc0,28,CanUseSameAccessor_FastDoubleElements_0
code-creation,Builtin,3,18594,0x55ca7c869c00,28,CanUseSameAccessor_FastSmiElements_0
code-creation,Builtin,3,18606,0x55ca7c869c40,28,CanUseSameAccessor_FastObjectElements_0
code-creation,Builtin,3,18611,0x55ca7c869c80,24,LoadNoHasPropertyCheck_GenericElementsAccessor_0
code-creation,Builtin,3,18621,0x55ca7c869cc0,3704,Load_GenericElementsAccessor_0
code-creation,Builtin,3,18636,0x55ca7c86ab40,28,Store_GenericElementsAccessor_0
code-creation,Builtin,3,18640,0x55ca7c86ab80,32,Delete_GenericElementsAccessor_0
code-creation,Builtin,3,18643,0x55ca7c86abc0,120,LoadTypedElement_Int32Elements_0
code-creation,Builtin,3,18653,0x55ca7c86ac40,204,StoreTypedElementNumeric_Int32Elements_0
code-creation,Builtin,3,18666,0x55ca7c86ad40,536,StoreTypedElementJSAny_Int32Elements_0
code-creation,Builtin,3,18679,0x55ca7c86af80,308,LoadTypedElement_Float16Elements_0
code-creation,Builtin,3,18684,0x55ca7c86b0c0,240,StoreTypedElementNumeric_Float16Elements_0
code-creation,Builtin,3,18695,0x55ca7c86b1c0,840,StoreTypedElementJSAny_Float16Elements_0
code-creation,Builtin,3,18699,0x55ca7c86b540,112,LoadTypedElement_Float32Elements_0
code-creation,Builtin,3,18711,0x55ca7c86b5c0,36,StoreTypedElementNumeric_Float32Elements_0
code-creation,Builtin,3,18725,0x55ca7c86b600,508,StoreTypedElementJSAny_Float32Elements_0
code-creation,Builtin,3,18755,0x55ca7c86b800,108,LoadTypedElement_Float64Elements_0
code-creation,Builtin,3,18770,0x55ca7c86b880,32,StoreTypedElementNumeric_Float64Elements_0
code-creation,Builtin,3,18775,0x55ca7c86b8c0,508,StoreTypedElementJSAny_Float64Elements_0
code-creation,Builtin,3,18789,0x55ca7c86bac0,28,LoadTypedElement_Uint8ClampedElements_0
code-creation,Builtin,3,18804,0x55ca7c86bb00,28,StoreTypedElementNumeric_Uint8ClampedElements_0
code-creation,Builtin,3,18810,0x55ca7c86bb40,956,StoreTypedElementJSAny_Uint8ClampedElements_0
code-creation,Builtin,3,18841,0x55ca7c86bf00,188,LoadTypedElement_BigUint64Elements_0
code-creation,Builtin,3,18848,0x55ca7c86bfc0,76,StoreTypedElementNumeric_BigUint64Elements_0
code-creation,Builtin,3,18851,0x55ca7c86c040,528,StoreTypedElementJSAny_BigUint64Elements_0
code-creation,Builtin,3,18854,0x55ca7c86c280,232,LoadTypedElement_BigInt64Elements_0
code-creation,Builtin,3,18864,0x55ca7c86c380,76,StoreTypedElementNumeric_BigInt64Elements_0
code-creation,Builtin,3,18877,0x55ca7c86c400,528,StoreTypedElementJSAny_BigInt64Elements_0
code-creation,Builtin,3,18890,0x55ca7c86c640,28,LoadTypedElement_Uint8Elements_0
code-creation,Builtin,3,18895,0x55ca7c86c680,28,StoreTypedElementNumeric_Uint8Elements_0
code-creation,Builtin,3,18906,0x55ca7c86c6c0,536,StoreTypedElementJSAny_Uint8Elements_0
code-creation,Builtin,3,18911,0x55ca7c86c900,28,LoadTypedElement_Int8Elements_0
code-creation,Builtin,3,18922,0x55ca7c86c940,28,StoreTypedElementNumeric_Int8Elements_0
code-creation,Builtin,3,18935,0x55ca7c86c980,536,StoreTypedElementJSAny_Int8Elements_0
code-creation,Builtin,3,18947,0x55ca7c86cbc0,28,LoadTypedElement_Uint16Elements_0
code-creation,Builtin,3,18952,0x55ca7c86cc00,28,StoreTypedElementNumeric_Uint16Elements_0
code-creation,Builtin,3,18962,0x55ca7c86cc40,536,StoreTypedElementJSAny_Uint16Elements_0
code-creation,Builtin,3,18974,0x55ca7c86ce80,28,LoadTypedElement_Int16Elements_0
code-creation,Builtin,3,18979,0x55ca7c86cec0,28,StoreTypedElementNumeric_Int16Elements_0
code-creation,Builtin,3,18993,0x55ca7c86cf00,536,StoreTypedElementJSAny_Int16Elements_0
code-creation,Builtin,3,19006,0x55ca7c86d140,124,LoadTypedElement_Uint32Elements_0
code-creation,Builtin,3,19010,0x55ca7c86d1c0,204,StoreTypedElementNumeric_Uint32Elements_0
code-creation,Builtin,3,19021,0x55ca7c86d2c0,536,StoreTypedElementJSAny_Uint32Elements_0
code-creation,Builtin,3,19034,0x55ca7c86d500,12,CollatorConstructor
code-creation,Builtin,3,19038,0x55ca7c86d540,12,CollatorInternalCompare
code-creation,Builtin,3,19049,0x55ca7c86d580,12,CollatorPrototypeCompare
code-creation,Builtin,3,19053,0x55ca7c86d5c0,12,CollatorSupportedLocalesOf
code-creation,Builtin,3,19064,0x55ca7c86d600,12,CollatorPrototypeResolvedOptions
code-creation,Builtin,3,19068,0x55ca7c86d640,12,DatePrototypeToLocaleDateString
code-creation,Builtin,3,19079,0x55ca7c86d680,12,DatePrototypeToLocaleString
code-creation,Builtin,3,19083,0x55ca7c86d6c0,12,DatePrototypeToLocaleTimeString
code-creation,Builtin,3,19093,0x55ca7c86d700,12,DateTimeFormatConstructor
code-creation,Builtin,3,19098,0x55ca7c86d740,12,DateTimeFormatInternalFormat
code-creation,Builtin,3,19108,0x55ca7c86d780,12,DateTimeFormatPrototypeFormat
code-creation,Builtin,3,19113,0x55ca7c86d7c0,12,DateTimeFormatPrototypeFormatRange
code-creation,Builtin,3,19124,0x55ca7c86d800,12,DateTimeFormatPrototypeFormatRangeToParts
code-creation,Builtin,3,19140,0x55ca7c86d840,12,DateTimeFormatPrototypeFormatToParts
code-creation,Builtin,3,19145,0x55ca7c86d880,12,DateTimeFormatPrototypeResolvedOptions
code-creation,Builtin,3,19155,0x55ca7c86d8c0,12,DateTimeFormatSupportedLocalesOf
code-creation,Builtin,3,19159,0x55ca7c86d900,12,DisplayNamesConstructor
code-creation,Builtin,3,19169,0x55ca7c86d940,12,DisplayNamesPrototypeOf
code-creation,Builtin,3,19173,0x55ca7c86d980,12,DisplayNamesPrototypeResolvedOptions
code-creation,Builtin,3,19184,0x55ca7c86d9c0,12,DisplayNamesSupportedLocalesOf
code-creation,Builtin,3,19188,0x55ca7c86da00,12,DurationFormatConstructor
code-creation,Builtin,3,19199,0x55ca7c86da40,12,DurationFormatPrototypeFormat
code-creation,Builtin,3,19212,0x55ca7c86da80,12,DurationFormatPrototypeFormatToParts
code-creation,Builtin,3,19224,0x55ca7c86dac0,12,DurationFormatPrototypeResolvedOptions
code-creation,Builtin,3,19237,0x55ca7c86db00,12,DurationFormatSupportedLocalesOf
code-creation,Builtin,3,19241,0x55ca7c86db40,12,IntlGetCanonicalLocales
code-creation,Builtin,3,19251,0x55ca7c86db80,12,IntlSupportedValuesOf
code-creation,Builtin,3,19256,0x55ca7c86dbc0,12,ListFormatConstructor
code-creation,Builtin,3,19266,0x55ca7c86dc00,212,ListFormatPrototypeFormat
code-creation,Builtin,3,19270,0x55ca7c86dd00,212,ListFormatPrototypeFormatToParts
code-creation,Builtin,3,19280,0x55ca7c86de00,12,ListFormatPrototypeResolvedOptions
code-creation,Builtin,3,19285,0x55ca7c86de40,12,ListFormatSupportedLocalesOf
code-creation,Builtin,3,19295,0x55ca7c86de80,12,LocaleConstructor
code-creation,Builtin,3,19299,0x55ca7c86dec0,12,LocalePrototypeBaseName
code-creation,Builtin,3,19309,0x55ca7c86df00,12,LocalePrototypeCalendar
code-creation,Builtin,3,19313,0x55ca7c86df40,12,LocalePrototypeCaseFirst
code-creation,Builtin,3,19324,0x55ca7c86df80,12,LocalePrototypeCollation
code-creation,Builtin,3,19328,0x55ca7c86dfc0,12,LocalePrototypeFirstDayOfWeek
code-creation,Builtin,3,19338,0x55ca7c86e000,12,LocalePrototypeGetCalendars
code-creation,Builtin,3,19342,0x55ca7c86e040,12,LocalePrototypeGetCollations
code-creation,Builtin,3,19352,0x55ca7c86e080,12,LocalePrototypeGetHourCycles
code-creation,Builtin,3,19357,0x55ca7c86e0c0,12,LocalePrototypeGetNumberingSystems
code-creation,Builtin,3,19367,0x55ca7c86e100,12,LocalePrototypeGetTimeZones
code-creation,Builtin,3,19371,0x55ca7c86e140,12,LocalePrototypeGetTextInfo
code-creation,Builtin,3,19381,0x55ca7c86e180,12,LocalePrototypeGetWeekInfo
code-creation,Builtin,3,19386,0x55ca7c86e1c0,12,LocalePrototypeHourCycle
code-creation,Builtin,3,19396,0x55ca7c86e200,12,LocalePrototypeLanguage
code-creation,Builtin,3,19400,0x55ca7c86e240,12,LocalePrototypeMaximize
code-creation,Builtin,3,19410,0x55ca7c86e280,12,LocalePrototypeMinimize
code-creation,Builtin,3,19424,0x55ca7c86e2c0,12,LocalePrototypeNumeric
code-creation,Builtin,3,19437,0x55ca7c86e300,12,LocalePrototypeNumberingSystem
code-creation,Builtin,3,19441,0x55ca7c86e340,12,LocalePrototypeRegion
code-creation,Builtin,3,19451,0x55ca7c86e380,12,LocalePrototypeScript
code-creation,Builtin,3,19455,0x55ca7c86e3c0,12,LocalePrototypeToString
code-creation,Builtin,3,19466,0x55ca7c86e400,12,LocalePrototypeVariants
code-creation,Builtin,3,19470,0x55ca7c86e440,12,NumberFormatConstructor
code-creation,Builtin,3,19480,0x55ca7c86e480,12,NumberFormatInternalFormatNumber
code-creation,Builtin,3,19484,0x55ca7c86e4c0,12,NumberFormatPrototypeFormatNumber
code-creation,Builtin,3,19495,0x55ca7c86e500,12,NumberFormatPrototypeFormatRange
code-creation,Builtin,3,19499,0x55ca7c86e540,12,NumberFormatPrototypeFormatRangeToParts
code-creation,Builtin,3,19509,0x55ca7c86e580,12,NumberFormatPrototypeFormatToParts
code-creation,Builtin,3,19522,0x55ca7c86e5c0,12,NumberFormatPrototypeResolvedOptions
code-creation,Builtin,3,19526,0x55ca7c86e600,12,NumberFormatSupportedLocalesOf
code-creation,Builtin,3,19537,0x55ca7c86e640,12,PluralRulesConstructor
code-creation,Builtin,3,19541,0x55ca7c86e680,12,PluralRulesPrototypeResolvedOptions
code-creation,Builtin,3,19552,0x55ca7c86e6c0,12,PluralRulesPrototypeSelect
code-creation,Builtin,3,19556,0x55ca7c86e700,12,PluralRulesPrototypeSelectRange
code-creation,Builtin,3,19566,0x55ca7c86e740,12,PluralRulesSupportedLocalesOf
code-creation,Builtin,3,19570,0x55ca7c86e780,12,RelativeTimeFormatConstructor
code-creation,Builtin,3,19581,0x55ca7c86e7c0,12,RelativeTimeFormatPrototypeFormat
code-creation,Builtin,3,19585,0x55ca7c86e800,12,RelativeTimeFormatPrototypeFormatToParts
code-creation,Builtin,3,19596,0x55ca7c86e840,12,RelativeTimeFormatPrototypeResolvedOptions
code-creation,Builtin,3,19608,0x55ca7c86e880,12,RelativeTimeFormatSupportedLocalesOf
code-creation,Builtin,3,19613,0x55ca7c86e8c0,12,SegmenterConstructor
code-creation,Builtin,3,19623,0x55ca7c86e900,12,SegmenterPrototypeResolvedOptions
code-creation,Builtin,3,19636,0x55ca7c86e940,12,SegmenterPrototypeSegment
code-creation,Builtin,3,19640,0x55ca7c86e980,12,SegmenterSupportedLocalesOf
code-creation,Builtin,3,19643,0x55ca7c86e9c0,12,SegmentIteratorPrototypeNext
code-creation,Builtin,3,19653,0x55ca7c86ea00,12,SegmentsPrototypeContaining
code-creation,Builtin,3,19657,0x55ca7c86ea40,12,SegmentsPrototypeIterator
code-creation,Builtin,3,19668,0x55ca7c86ea80,12,StringPrototypeLocaleCompareIntl
code-creation,Builtin,3,19672,0x55ca7c86eac0,12,StringPrototypeNormalizeIntl
code-creation,Builtin,3,19682,0x55ca7c86eb00,1956,StringPrototypeToLocaleLowerCase
code-creation,Builtin,3,19695,0x55ca7c86f2c0,12,StringPrototypeToLocaleUpperCase
code-creation,Builtin,3,19700,0x55ca7c86f300,196,StringPrototypeToLowerCaseIntl
code-creation,Builtin,3,19710,0x55ca7c86f400,12,StringPrototypeToUpperCaseIntl
code-creation,Builtin,3,19715,0x55ca7c86f440,872,StringToLowerCaseIntl
code-creation,Builtin,3,19726,0x55ca7c86f7c0,872,WasmStringToLowerCaseIntl
code-creation,Builtin,3,19730,0x55ca7c86fb40,12,V8BreakIteratorConstructor
code-creation,Builtin,3,19756,0x55ca7c86fb80,12,V8BreakIteratorInternalAdoptText
code-creation,Builtin,3,19770,0x55ca7c86fbc0,12,V8BreakIteratorInternalBreakType
code-creation,Builtin,3,19783,0x55ca7c86fc00,12,V8BreakIteratorInternalCurrent
code-creation,Builtin,3,19787,0x55ca7c86fc40,12,V8BreakIteratorInternalFirst
code-creation,Builtin,3,19797,0x55ca7c86fc80,12,V8BreakIteratorInternalNext
code-creation,Builtin,3,19801,0x55ca7c86fcc0,12,V8BreakIteratorPrototypeAdoptText
code-creation,Builtin,3,19804,0x55ca7c86fd00,12,V8BreakIteratorPrototypeBreakType
code-creation,Builtin,3,19807,0x55ca7c86fd40,12,V8BreakIteratorPrototypeCurrent
code-creation,Builtin,3,19809,0x55ca7c86fd80,12,V8BreakIteratorPrototypeFirst
code-creation,Builtin,3,19810,0x55ca7c86fdc0,12,V8BreakIteratorPrototypeNext
code-creation,Builtin,3,19812,0x55ca7c86fe00,12,V8BreakIteratorPrototypeResolvedOptions
code-creation,Builtin,3,19815,0x55ca7c86fe40,12,V8BreakIteratorSupportedLocalesOf
code-creation,Builtin,3,19827,0x55ca7c86fe80,12,TemporalNowInstant
code-creation,Builtin,3,19831,0x55ca7c86fec0,12,TemporalNowTimeZoneId
code-creation,Builtin,3,19843,0x55ca7c86ff00,12,TemporalNowPlainDateTimeISO
code-creation,Builtin,3,19847,0x55ca7c86ff40,12,TemporalNowZonedDateTimeISO
code-creation,Builtin,3,19857,0x55ca7c86ff80,12,TemporalNowPlainDateISO
code-creation,Builtin,3,19861,0x55ca7c86ffc0,12,TemporalNowPlainTimeISO
code-creation,Builtin,3,19871,0x55ca7c870000,12,TemporalPlainDateConstructor
code-creation,Builtin,3,19875,0x55ca7c870040,12,TemporalPlainDateFrom
code-creation,Builtin,3,19885,0x55ca7c870080,12,TemporalPlainDateCompare
code-creation,Builtin,3,19889,0x55ca7c8700c0,12,TemporalPlainDatePrototypeCalendarId
code-creation,Builtin,3,19900,0x55ca7c870100,12,TemporalPlainDatePrototypeEra
code-creation,Builtin,3,19904,0x55ca7c870140,12,TemporalPlainDatePrototypeEraYear
code-creation,Builtin,3,19915,0x55ca7c870180,12,TemporalPlainDatePrototypeYear
code-creation,Builtin,3,19919,0x55ca7c8701c0,12,TemporalPlainDatePrototypeMonth
code-creation,Builtin,3,19930,0x55ca7c870200,12,TemporalPlainDatePrototypeMonthCode
code-creation,Builtin,3,19934,0x55ca7c870240,12,TemporalPlainDatePrototypeDay
code-creation,Builtin,3,19945,0x55ca7c870280,12,TemporalPlainDatePrototypeDayOfWeek
code-creation,Builtin,3,19957,0x55ca7c8702c0,12,TemporalPlainDatePrototypeDayOfYear
code-creation,Builtin,3,19970,0x55ca7c870300,12,TemporalPlainDatePrototypeWeekOfYear
code-creation,Builtin,3,19974,0x55ca7c870340,12,TemporalPlainDatePrototypeYearOfWeek
code-creation,Builtin,3,19985,0x55ca7c870380,12,TemporalPlainDatePrototypeDaysInWeek
code-creation,Builtin,3,19998,0x55ca7c8703c0,12,TemporalPlainDatePrototypeDaysInMonth
code-creation,Builtin,3,20011,0x55ca7c870400,12,TemporalPlainDatePrototypeDaysInYear
code-creation,Builtin,3,20015,0x55ca7c870440,12,TemporalPlainDatePrototypeMonthsInYear
code-creation,Builtin,3,20025,0x55ca7c870480,12,TemporalPlainDatePrototypeInLeapYear
code-creation,Builtin,3,20031,0x55ca7c8704c0,12,TemporalPlainDatePrototypeToPlainYearMonth
code-creation,Builtin,3,20042,0x55ca7c870500,12,TemporalPlainDatePrototypeToPlainMonthDay
code-creation,Builtin,3,20054,0x55ca7c870540,12,TemporalPlainDatePrototypeAdd
code-creation,Builtin,3,20058,0x55ca7c870580,12,TemporalPlainDatePrototypeSubtract
code-creation,Builtin,3,20069,0x55ca7c8705c0,12,TemporalPlainDatePrototypeWith
code-creation,Builtin,3,20081,0x55ca7c870600,12,TemporalPlainDatePrototypeWithCalendar
code-creation,Builtin,3,20086,0x55ca7c870640,12,TemporalPlainDatePrototypeUntil
code-creation,Builtin,3,20096,0x55ca7c870680,12,TemporalPlainDatePrototypeSince
code-creation,Builtin,3,20100,0x55ca7c8706c0,12,TemporalPlainDatePrototypeEquals
code-creation,Builtin,3,20111,0x55ca7c870700,12,TemporalPlainDatePrototypeToPlainDateTime
code-creation,Builtin,3,20123,0x55ca7c870740,12,TemporalPlainDatePrototypeToZonedDateTime
code-creation,Builtin,3,20139,0x55ca7c870780,12,TemporalPlainDatePrototypeToString
code-creation,Builtin,3,20144,0x55ca7c8707c0,12,TemporalPlainDatePrototypeToLocaleString
code-creation,Builtin,3,20154,0x55ca7c870800,12,TemporalPlainDatePrototypeToJSON
code-creation,Builtin,3,20158,0x55ca7c870840,12,TemporalPlainDatePrototypeValueOf
code-creation,Builtin,3,20169,0x55ca7c870880,12,TemporalPlainTimeConstructor
code-creation,Builtin,3,20173,0x55ca7c8708c0,12,TemporalPlainTimeFrom
code-creation,Builtin,3,20183,0x55ca7c870900,12,TemporalPlainTimeCompare
code-creation,Builtin,3,20187,0x55ca7c870940,12,TemporalPlainTimePrototypeHour
code-creation,Builtin,3,20198,0x55ca7c870980,12,TemporalPlainTimePrototypeMinute
code-creation,Builtin,3,20202,0x55ca7c8709c0,12,TemporalPlainTimePrototypeSecond
code-creation,Builtin,3,20214,0x55ca7c870a00,12,TemporalPlainTimePrototypeMillisecond
code-creation,Builtin,3,20226,0x55ca7c870a40,12,TemporalPlainTimePrototypeMicrosecond
code-creation,Builtin,3,20231,0x55ca7c870a80,12,TemporalPlainTimePrototypeNanosecond
code-creation,Builtin,3,20241,0x55ca7c870ac0,12,TemporalPlainTimePrototypeAdd
code-creation,Builtin,3,20255,0x55ca7c870b00,12,TemporalPlainTimePrototypeSubtract
code-creation,Builtin,3,20268,0x55ca7c870b40,12,TemporalPlainTimePrototypeWith
code-creation,Builtin,3,20272,0x55ca7c870b80,12,TemporalPlainTimePrototypeUntil
code-creation,Builtin,3,20282,0x55ca7c870bc0,12,TemporalPlainTimePrototypeSince
code-creation,Builtin,3,20286,0x55ca7c870c00,12,TemporalPlainTimePrototypeRound
code-creation,Builtin,3,20297,0x55ca7c870c40,12,TemporalPlainTimePrototypeEquals
code-creation,Builtin,3,20310,0x55ca7c870c80,12,TemporalPlainTimePrototypeToString
code-creation,Builtin,3,20315,0x55ca7c870cc0,12,TemporalPlainTimePrototypeToLocaleString
code-creation,Builtin,3,20325,0x55ca7c870d00,12,TemporalPlainTimePrototypeToJSON
code-creation,Builtin,3,20330,0x55ca7c870d40,12,TemporalPlainTimePrototypeValueOf
code-creation,Builtin,3,20341,0x55ca7c870d80,12,TemporalPlainDateTimeConstructor
code-creation,Builtin,3,20353,0x55ca7c870dc0,12,TemporalPlainDateTimeFrom
code-creation,Builtin,3,20358,0x55ca7c870e00,12,TemporalPlainDateTimeCompare
code-creation,Builtin,3,20368,0x55ca7c870e40,12,TemporalPlainDateTimePrototypeCalendarId
code-creation,Builtin,3,20381,0x55ca7c870e80,12,TemporalPlainDateTimePrototypeEra
code-creation,Builtin,3,20385,0x55ca7c870ec0,12,TemporalPlainDateTimePrototypeEraYear
code-creation,Builtin,3,20395,0x55ca7c870f00,12,TemporalPlainDateTimePrototypeYear
code-creation,Builtin,3,20399,0x55ca7c870f40,12,TemporalPlainDateTimePrototypeMonth
code-creation,Builtin,3,20410,0x55ca7c870f80,12,TemporalPlainDateTimePrototypeMonthCode
code-creation,Builtin,3,20423,0x55ca7c870fc0,12,TemporalPlainDateTimePrototypeDay
code-creation,Builtin,3,20427,0x55ca7c871000,12,TemporalPlainDateTimePrototypeHour
code-creation,Builtin,3,20438,0x55ca7c871040,12,TemporalPlainDateTimePrototypeMinute
code-creation,Builtin,3,20450,0x55ca7c871080,12,TemporalPlainDateTimePrototypeSecond
code-creation,Builtin,3,20462,0x55ca7c8710c0,12,TemporalPlainDateTimePrototypeMillisecond
code-creation,Builtin,3,20474,0x55ca7c871100,12,TemporalPlainDateTimePrototypeMicrosecond
code-creation,Builtin,3,20479,0x55ca7c871140,12,TemporalPlainDateTimePrototypeNanosecond
code-creation,Builtin,3,20489,0x55ca7c871180,12,TemporalPlainDateTimePrototypeDayOfWeek
code-creation,Builtin,3,20502,0x55ca7c8711c0,12,TemporalPlainDateTimePrototypeDayOfYear
code-creation,Builtin,3,20507,0x55ca7c871200,12,TemporalPlainDateTimePrototypeWeekOfYear
code-creation,Builtin,3,20517,0x55ca7c871240,12,TemporalPlainDateTimePrototypeYearOfWeek
code-creation,Builtin,3,20529,0x55ca7c871280,12,TemporalPlainDateTimePrototypeDaysInWeek
code-creation,Builtin,3,20542,0x55ca7c8712c0,12,TemporalPlainDateTimePrototypeDaysInMonth
code-creation,Builtin,3,20555,0x55ca7c871300,12,TemporalPlainDateTimePrototypeDaysInYear
code-creation,Builtin,3,20567,0x55ca7c871340,12,TemporalPlainDateTimePrototypeMonthsInYear
code-creation,Builtin,3,20572,0x55ca7c871380,12,TemporalPlainDateTimePrototypeInLeapYear
code-creation,Builtin,3,20582,0x55ca7c8713c0,12,TemporalPlainDateTimePrototypeWith
code-creation,Builtin,3,20586,0x55ca7c871400,12,TemporalPlainDateTimePrototypeWithPlainTime
code-creation,Builtin,3,20597,0x55ca7c871440,12,TemporalPlainDateTimePrototypeWithCalendar
code-creation,Builtin,3,20602,0x55ca7c871480,12,TemporalPlainDateTimePrototypeAdd
code-creation,Builtin,3,20613,0x55ca7c8714c0,12,TemporalPlainDateTimePrototypeSubtract
code-creation,Builtin,3,20618,0x55ca7c871500,12,TemporalPlainDateTimePrototypeUntil
code-creation,Builtin,3,20630,0x55ca7c871540,12,TemporalPlainDateTimePrototypeSince
code-creation,Builtin,3,20635,0x55ca7c871580,12,TemporalPlainDateTimePrototypeRound
code-creation,Builtin,3,20645,0x55ca7c8715c0,12,TemporalPlainDateTimePrototypeEquals
code-creation,Builtin,3,20658,0x55ca7c871600,12,TemporalPlainDateTimePrototypeToString
code-creation,Builtin,3,20663,0x55ca7c871640,12,TemporalPlainDateTimePrototypeToJSON
code-creation,Builtin,3,20672,0x55ca7c871680,12,TemporalPlainDateTimePrototypeToLocaleString
code-creation,Builtin,3,20678,0x55ca7c8716c0,12,TemporalPlainDateTimePrototypeValueOf
code-creation,Builtin,3,20689,0x55ca7c871700,12,TemporalPlainDateTimePrototypeToZonedDateTime
code-creation,Builtin,3,20704,0x55ca7c871740,12,TemporalPlainDateTimePrototypeToPlainDate
code-creation,Builtin,3,20789,0x55ca7c871780,12,TemporalPlainDateTimePrototypeToPlainTime
code-creation,Builtin,3,20802,0x55ca7c8717c0,12,TemporalZonedDateTimeConstructor
code-creation,Builtin,3,20806,0x55ca7c871800,12,TemporalZonedDateTimeFrom
code-creation,Builtin,3,20816,0x55ca7c871840,12,TemporalZonedDateTimeCompare
code-creation,Builtin,3,20820,0x55ca7c871880,12,TemporalZonedDateTimePrototypeTimeZoneId
code-creation,Builtin,3,20831,0x55ca7c8718c0,12,TemporalZonedDateTimePrototypeCalendarId
code-creation,Builtin,3,20844,0x55ca7c871900,12,TemporalZonedDateTimePrototypeEra
code-creation,Builtin,3,20848,0x55ca7c871940,12,TemporalZonedDateTimePrototypeEraYear
code-creation,Builtin,3,20850,0x55ca7c871980,12,TemporalZonedDateTimePrototypeYear
code-creation,Builtin,3,20853,0x55ca7c8719c0,12,TemporalZonedDateTimePrototypeMonth
code-creation,Builtin,3,20863,0x55ca7c871a00,12,TemporalZonedDateTimePrototypeMonthCode
code-creation,Builtin,3,20868,0x55ca7c871a40,12,TemporalZonedDateTimePrototypeDay
code-creation,Builtin,3,20879,0x55ca7c871a80,12,TemporalZonedDateTimePrototypeHour
code-creation,Builtin,3,20883,0x55ca7c871ac0,12,TemporalZonedDateTimePrototypeMinute
code-creation,Builtin,3,20894,0x55ca7c871b00,12,TemporalZonedDateTimePrototypeSecond
code-creation,Builtin,3,20898,0x55ca7c871b40,12,TemporalZonedDateTimePrototypeMillisecond
code-creation,Builtin,3,20909,0x55ca7c871b80,12,TemporalZonedDateTimePrototypeMicrosecond
code-creation,Builtin,3,20922,0x55ca7c871bc0,12,TemporalZonedDateTimePrototypeNanosecond
code-creation,Builtin,3,20934,0x55ca7c871c00,12,TemporalZonedDateTimePrototypeEpochMilliseconds
code-creation,Builtin,3,20947,0x55ca7c871c40,12,TemporalZonedDateTimePrototypeEpochNanoseconds
code-creation,Builtin,3,20960,0x55ca7c871c80,12,TemporalZonedDateTimePrototypeDayOfWeek
code-creation,Builtin,3,20965,0x55ca7c871cc0,12,TemporalZonedDateTimePrototypeDayOfYear
code-creation,Builtin,3,20975,0x55ca7c871d00,12,TemporalZonedDateTimePrototypeWeekOfYear
code-creation,Builtin,3,20979,0x55ca7c871d40,12,TemporalZonedDateTimePrototypeYearOfWeek
code-creation,Builtin,3,20990,0x55ca7c871d80,12,TemporalZonedDateTimePrototypeHoursInDay
code-creation,Builtin,3,21003,0x55ca7c871dc0,12,TemporalZonedDateTimePrototypeDaysInWeek
code-creation,Builtin,3,21007,0x55ca7c871e00,12,TemporalZonedDateTimePrototypeDaysInMonth
code-creation,Builtin,3,21017,0x55ca7c871e40,12,TemporalZonedDateTimePrototypeDaysInYear
code-creation,Builtin,3,21022,0x55ca7c871e80,12,TemporalZonedDateTimePrototypeMonthsInYear
code-creation,Builtin,3,21033,0x55ca7c871ec0,12,TemporalZonedDateTimePrototypeInLeapYear
code-creation,Builtin,3,21046,0x55ca7c871f00,12,TemporalZonedDateTimePrototypeOffsetNanoseconds
code-creation,Builtin,3,21059,0x55ca7c871f40,12,TemporalZonedDateTimePrototypeOffset
code-creation,Builtin,3,21063,0x55ca7c871f80,12,TemporalZonedDateTimePrototypeWith
code-creation,Builtin,3,21074,0x55ca7c871fc0,12,TemporalZonedDateTimePrototypeWithPlainTime
code-creation,Builtin,3,21086,0x55ca7c872000,12,TemporalZonedDateTimePrototypeWithTimeZone
code-creation,Builtin,3,21098,0x55ca7c872040,12,TemporalZonedDateTimePrototypeWithCalendar
code-creation,Builtin,3,21111,0x55ca7c872080,12,TemporalZonedDateTimePrototypeAdd
code-creation,Builtin,3,21116,0x55ca7c8720c0,12,TemporalZonedDateTimePrototypeSubtract
code-creation,Builtin,3,21129,0x55ca7c872100,12,TemporalZonedDateTimePrototypeUntil
code-creation,Builtin,3,21141,0x55ca7c872140,12,TemporalZonedDateTimePrototypeSince
code-creation,Builtin,3,21154,0x55ca7c872180,12,TemporalZonedDateTimePrototypeRound
code-creation,Builtin,3,21158,0x55ca7c8721c0,12,TemporalZonedDateTimePrototypeEquals
code-creation,Builtin,3,21168,0x55ca7c872200,12,TemporalZonedDateTimePrototypeToString
code-creation,Builtin,3,21173,0x55ca7c872240,12,TemporalZonedDateTimePrototypeToJSON
code-creation,Builtin,3,21184,0x55ca7c872280,12,TemporalZonedDateTimePrototypeToLocaleString
code-creation,Builtin,3,21199,0x55ca7c8722c0,12,TemporalZonedDateTimePrototypeValueOf
code-creation,Builtin,3,21204,0x55ca7c872300,12,TemporalZonedDateTimePrototypeStartOfDay
code-creation,Builtin,3,21214,0x55ca7c872340,12,TemporalZonedDateTimePrototypeGetTimeZoneTransition
code-creation,Builtin,3,21227,0x55ca7c872380,12,TemporalZonedDateTimePrototypeToInstant
code-creation,Builtin,3,21231,0x55ca7c8723c0,12,TemporalZonedDateTimePrototypeToPlainDate
code-creation,Builtin,3,21241,0x55ca7c872400,12,TemporalZonedDateTimePrototypeToPlainTime
code-creation,Builtin,3,21254,0x55ca7c872440,12,TemporalZonedDateTimePrototypeToPlainDateTime
code-creation,Builtin,3,21267,0x55ca7c872480,12,TemporalDurationConstructor
code-creation,Builtin,3,21272,0x55ca7c8724c0,12,TemporalDurationFrom
code-creation,Builtin,3,21281,0x55ca7c872500,12,TemporalDurationCompare
code-creation,Builtin,3,21286,0x55ca7c872540,12,TemporalDurationPrototypeYears
code-creation,Builtin,3,21296,0x55ca7c872580,12,TemporalDurationPrototypeMonths
code-creation,Builtin,3,21301,0x55ca7c8725c0,12,TemporalDurationPrototypeWeeks
code-creation,Builtin,3,21311,0x55ca7c872600,12,TemporalDurationPrototypeDays
code-creation,Builtin,3,21315,0x55ca7c872640,12,TemporalDurationPrototypeHours
code-creation,Builtin,3,21326,0x55ca7c872680,12,TemporalDurationPrototypeMinutes
code-creation,Builtin,3,21330,0x55ca7c8726c0,12,TemporalDurationPrototypeSeconds
code-creation,Builtin,3,21340,0x55ca7c872700,12,TemporalDurationPrototypeMilliseconds
code-creation,Builtin,3,21353,0x55ca7c872740,12,TemporalDurationPrototypeMicroseconds
code-creation,Builtin,3,21357,0x55ca7c872780,12,TemporalDurationPrototypeNanoseconds
code-creation,Builtin,3,21368,0x55ca7c8727c0,12,TemporalDurationPrototypeSign
code-creation,Builtin,3,21381,0x55ca7c872800,12,TemporalDurationPrototypeBlank
code-creation,Builtin,3,21393,0x55ca7c872840,12,TemporalDurationPrototypeWith
code-creation,Builtin,3,21397,0x55ca7c872880,12,TemporalDurationPrototypeNegated
code-creation,Builtin,3,21408,0x55ca7c8728c0,12,TemporalDurationPrototypeAbs
code-creation,Builtin,3,21425,0x55ca7c872900,12,TemporalDurationPrototypeAdd
code-creation,Builtin,3,21441,0x55ca7c872940,12,TemporalDurationPrototypeSubtract
code-creation,Builtin,3,21453,0x55ca7c872980,12,TemporalDurationPrototypeRound
code-creation,Builtin,3,21466,0x55ca7c8729c0,12,TemporalDurationPrototypeTotal
code-creation,Builtin,3,21479,0x55ca7c872a00,12,TemporalDurationPrototypeToString
code-creation,Builtin,3,21492,0x55ca7c872a40,12,TemporalDurationPrototypeToJSON
code-creation,Builtin,3,21505,0x55ca7c872a80,12,TemporalDurationPrototypeToLocaleString
code-creation,Builtin,3,21518,0x55ca7c872ac0,12,TemporalDurationPrototypeValueOf
code-creation,Builtin,3,21523,0x55ca7c872b00,12,TemporalInstantConstructor
code-creation,Builtin,3,21533,0x55ca7c872b40,12,TemporalInstantFrom
code-creation,Builtin,3,21537,0x55ca7c872b80,12,TemporalInstantFromEpochMilliseconds
code-creation,Builtin,3,21548,0x55ca7c872bc0,12,TemporalInstantFromEpochNanoseconds
code-creation,Builtin,3,21560,0x55ca7c872c00,12,TemporalInstantCompare
code-creation,Builtin,3,21566,0x55ca7c872c40,12,TemporalInstantPrototypeEpochMilliseconds
code-creation,Builtin,3,21579,0x55ca7c872c80,12,TemporalInstantPrototypeEpochNanoseconds
code-creation,Builtin,3,21594,0x55ca7c872cc0,12,TemporalInstantPrototypeAdd
code-creation,Builtin,3,21609,0x55ca7c872d00,12,TemporalInstantPrototypeSubtract
code-creation,Builtin,3,21624,0x55ca7c872d40,12,TemporalInstantPrototypeUntil
code-creation,Builtin,3,21638,0x55ca7c872d80,12,TemporalInstantPrototypeSince
code-creation,Builtin,3,21651,0x55ca7c872dc0,12,TemporalInstantPrototypeRound
code-creation,Builtin,3,21665,0x55ca7c872e00,12,TemporalInstantPrototypeEquals
code-creation,Builtin,3,21679,0x55ca7c872e40,12,TemporalInstantPrototypeToString
code-creation,Builtin,3,21692,0x55ca7c872e80,12,TemporalInstantPrototypeToJSON
code-creation,Builtin,3,21705,0x55ca7c872ec0,12,TemporalInstantPrototypeToLocaleString
code-creation,Builtin,3,21719,0x55ca7c872f00,12,TemporalInstantPrototypeValueOf
code-creation,Builtin,3,21748,0x55ca7c872f40,12,TemporalInstantPrototypeToZonedDateTimeISO
code-creation,Builtin,3,21767,0x55ca7c872f80,12,TemporalPlainYearMonthConstructor
code-creation,Builtin,3,21780,0x55ca7c872fc0,12,TemporalPlainYearMonthFrom
code-creation,Builtin,3,21794,0x55ca7c873000,12,TemporalPlainYearMonthCompare
code-creation,Builtin,3,21800,0x55ca7c873040,12,TemporalPlainYearMonthPrototypeCalendarId
code-creation,Builtin,3,21804,0x55ca7c873080,12,TemporalPlainYearMonthPrototypeEra
code-creation,Builtin,3,21807,0x55ca7c8730c0,12,TemporalPlainYearMonthPrototypeEraYear
code-creation,Builtin,3,21820,0x55ca7c873100,12,TemporalPlainYearMonthPrototypeYear
code-creation,Builtin,3,21834,0x55ca7c873140,12,TemporalPlainYearMonthPrototypeMonth
code-creation,Builtin,3,21847,0x55ca7c873180,12,TemporalPlainYearMonthPrototypeMonthCode
code-creation,Builtin,3,21861,0x55ca7c8731c0,12,TemporalPlainYearMonthPrototypeDaysInYear
code-creation,Builtin,3,21875,0x55ca7c873200,12,TemporalPlainYearMonthPrototypeDaysInMonth
code-creation,Builtin,3,21890,0x55ca7c873240,12,TemporalPlainYearMonthPrototypeMonthsInYear
code-creation,Builtin,3,21896,0x55ca7c873280,12,TemporalPlainYearMonthPrototypeInLeapYear
code-creation,Builtin,3,21909,0x55ca7c8732c0,12,TemporalPlainYearMonthPrototypeWith
code-creation,Builtin,3,21923,0x55ca7c873300,12,TemporalPlainYearMonthPrototypeAdd
code-creation,Builtin,3,21936,0x55ca7c873340,12,TemporalPlainYearMonthPrototypeSubtract
code-creation,Builtin,3,21948,0x55ca7c873380,12,TemporalPlainYearMonthPrototypeUntil
code-creation,Builtin,3,21953,0x55ca7c8733c0,12,TemporalPlainYearMonthPrototypeSince
code-creation,Builtin,3,21964,0x55ca7c873400,12,TemporalPlainYearMonthPrototypeEquals
code-creation,Builtin,3,21976,0x55ca7c873440,12,TemporalPlainYearMonthPrototypeToString
code-creation,Builtin,3,21981,0x55ca7c873480,12,TemporalPlainYearMonthPrototypeToJSON
code-creation,Builtin,3,21991,0x55ca7c8734c0,12,TemporalPlainYearMonthPrototypeToLocaleString
code-creation,Builtin,3,22005,0x55ca7c873500,12,TemporalPlainYearMonthPrototypeValueOf
code-creation,Builtin,3,22010,0x55ca7c873540,12,TemporalPlainYearMonthPrototypeToPlainDate
code-creation,Builtin,3,22020,0x55ca7c873580,12,TemporalPlainMonthDayConstructor
code-creation,Builtin,3,22024,0x55ca7c8735c0,12,TemporalPlainMonthDayFrom
code-creation,Builtin,3,22035,0x55ca7c873600,12,TemporalPlainMonthDayPrototypeCalendarId
code-creation,Builtin,3,22039,0x55ca7c873640,12,TemporalPlainMonthDayPrototypeMonthCode
code-creation,Builtin,3,22050,0x55ca7c873680,12,TemporalPlainMonthDayPrototypeDay
code-creation,Builtin,3,22063,0x55ca7c8736c0,12,TemporalPlainMonthDayPrototypeWith
code-creation,Builtin,3,22067,0x55ca7c873700,12,TemporalPlainMonthDayPrototypeEquals
code-creation,Builtin,3,22077,0x55ca7c873740,12,TemporalPlainMonthDayPrototypeToString
code-creation,Builtin,3,22082,0x55ca7c873780,12,TemporalPlainMonthDayPrototypeToJSON
code-creation,Builtin,3,22093,0x55ca7c8737c0,12,TemporalPlainMonthDayPrototypeToLocaleString
code-creation,Builtin,3,22105,0x55ca7c873800,12,TemporalPlainMonthDayPrototypeValueOf
code-creation,Builtin,3,22118,0x55ca7c873840,12,TemporalPlainMonthDayPrototypeToPlainDate
code-creation,Builtin,3,22122,0x55ca7c873880,12,DatePrototypeToTemporalInstant
code-creation,BytecodeHandler,0,22137,0x55ca7c8738c0,24,Wide
code-creation,BytecodeHandler,0,22150,0x55ca7c873900,24,ExtraWide
code-creation,BytecodeHandler,0,22154,0x55ca7c873940,96,DebugBreakWide
code-creation,BytecodeHandler,0,22164,0x55ca7c8739c0,96,DebugBreakExtraWide
code-creation,BytecodeHandler,0,22168,0x55ca7c873a40,152,DebugBreak0
code-creation,BytecodeHandler,0,22179,0x55ca7c873b00,96,DebugBreak1
code-creation,BytecodeHandler,0,22183,0x55ca7c873b80,96,DebugBreak2
code-creation,BytecodeHandler,0,22193,0x55ca7c873c00,96,DebugBreak3
code-creation,BytecodeHandler,0,22197,0x55ca7c873c80,96,DebugBreak4
code-creation,BytecodeHandler,0,22207,0x55ca7c873d00,96,DebugBreak5
code-creation,BytecodeHandler,0,22211,0x55ca7c873d80,96,DebugBreak6
code-creation,BytecodeHandler,0,22221,0x55ca7c873e00,36,Ldar
code-creation,BytecodeHandler,0,22225,0x55ca7c873e40,64,LdaZero
code-creation,BytecodeHandler,0,22238,0x55ca7c873ec0,68,LdaSmi
code-creation,BytecodeHandler,0,22242,0x55ca7c873f40,64,LdaUndefined
code-creation,BytecodeHandler,0,22252,0x55ca7c873fc0,64,LdaNull
code-creation,BytecodeHandler,0,22256,0x55ca7c874040,72,LdaTheHole
code-creation,BytecodeHandler,0,22266,0x55ca7c8740c0,72,LdaTdzHole
code-creation,BytecodeHandler,0,22270,0x55ca7c874140,24,LdaTrue
code-creation,BytecodeHandler,0,22280,0x55ca7c874180,24,LdaFalse
code-creation,BytecodeHandler,0,22284,0x55ca7c8741c0,80,LdaConstant
code-creation,BytecodeHandler,0,22294,0x55ca7c874240,160,LdaContextSlotNoCell
code-creation,BytecodeHandler,0,22298,0x55ca7c874300,428,LdaContextSlot
code-creation,BytecodeHandler,0,22310,0x55ca7c8744c0,160,LdaImmutableContextSlot
code-creation,BytecodeHandler,0,22322,0x55ca7c874580,88,LdaCurrentContextSlotNoCell
code-creation,BytecodeHandler,0,22342,0x55ca7c874600,356,LdaCurrentContextSlot
code-creation,BytecodeHandler,0,22363,0x55ca7c874780,88,LdaImmutableCurrentContextSlot
code-creation,BytecodeHandler,0,22382,0x55ca7c874800,36,Star
code-creation,BytecodeHandler,0,22387,0x55ca7c874840,44,Mov
code-creation,BytecodeHandler,0,22389,0x55ca7c874880,44,PushContext
code-creation,BytecodeHandler,0,22408,0x55ca7c8748c0,40,PopContext
code-creation,BytecodeHandler,0,22427,0x55ca7c874900,48,TestReferenceEqual
code-creation,BytecodeHandler,0,22432,0x55ca7c874940,56,TestUndetectable
code-creation,BytecodeHandler,0,22443,0x55ca7c874980,40,TestNull
code-creation,BytecodeHandler,0,22446,0x55ca7c8749c0,40,TestUndefined
code-creation,BytecodeHandler,0,22460,0x55ca7c874a00,312,TestTypeOf
code-creation,BytecodeHandler,0,22468,0x55ca7c874b40,5012,LdaGlobal
code-creation,BytecodeHandler,0,22481,0x55ca7c875f00,3884,LdaGlobalInsideTypeof
code-creation,BytecodeHandler,0,22493,0x55ca7c876e40,132,StaGlobal
code-creation,BytecodeHandler,0,22497,0x55ca7c876f00,180,StaContextSlotNoCell
code-creation,BytecodeHandler,0,22508,0x55ca7c876fc0,112,StaCurrentContextSlotNoCell
code-creation,BytecodeHandler,0,22521,0x55ca7c877040,2588,StaContextSlot
code-creation,BytecodeHandler,0,22535,0x55ca7c877a80,2652,StaCurrentContextSlot
code-creation,BytecodeHandler,0,22550,0x55ca7c878500,124,LdaLookupSlot
code-creation,BytecodeHandler,0,22564,0x55ca7c878580,284,LdaLookupContextSlotNoCell
code-creation,BytecodeHandler,0,22579,0x55ca7c8786c0,592,LdaLookupContextSlot
code-creation,BytecodeHandler,0,22593,0x55ca7c878940,4256,LdaLookupGlobalSlot
code-creation,BytecodeHandler,0,22606,0x55ca7c879a00,124,LdaLookupSlotInsideTypeof
code-creation,BytecodeHandler,0,22619,0x55ca7c879a80,284,LdaLookupContextSlotNoCellInsideTypeof
code-creation,BytecodeHandler,0,22633,0x55ca7c879bc0,592,LdaLookupContextSlotInsideTypeof
code-creation,BytecodeHandler,0,22637,0x55ca7c879e40,4124,LdaLookupGlobalSlotInsideTypeof
code-creation,BytecodeHandler,0,22648,0x55ca7c87ae80,208,StaLookupSlot
code-creation,BytecodeHandler,0,22652,0x55ca7c87af80,4216,GetNamedProperty
code-creation,BytecodeHandler,0,22663,0x55ca7c87c000,156,GetNamedPropertyFromSuper
code-creation,BytecodeHandler,0,22667,0x55ca7c87c0c0,152,GetKeyedProperty
code-creation,BytecodeHandler,0,22678,0x55ca7c87c180,140,GetEnumeratedKeyedProperty
code-creation,BytecodeHandler,0,22691,0x55ca7c87c240,212,GetPrivateField
code-creation,BytecodeHandler,0,22694,0x55ca7c87c340,200,LdaModuleVariable
code-creation,BytecodeHandler,0,22705,0x55ca7c87c440,312,StaModuleVariable
code-creation,BytecodeHandler,0,22708,0x55ca7c87c580,152,SetNamedProperty
code-creation,BytecodeHandler,0,22719,0x55ca7c87c640,152,DefineNamedOwnProperty
code-creation,BytecodeHandler,0,22724,0x55ca7c87c700,136,SetKeyedProperty
code-creation,BytecodeHandler,0,22750,0x55ca7c87c7c0,144,DefineKeyedOwnProperty
code-creation,BytecodeHandler,0,22755,0x55ca7c87c880,136,StaInArrayLiteral
code-creation,BytecodeHandler,0,22768,0x55ca7c87c940,164,DefineKeyedOwnPropertyInLiteral
code-creation,BytecodeHandler,0,22783,0x55ca7c87ca00,180,SetPrototypeProperties
code-creation,BytecodeHandler,0,22797,0x55ca7c87cac0,216,SetPrivateField
code-creation,BytecodeHandler,0,22809,0x55ca7c87cbc0,2052,Add
code-creation,BytecodeHandler,0,22867,0x55ca7c87d400,1508,Sub
code-creation,BytecodeHandler,0,22881,0x55ca7c87da00,1696,Mul
code-creation,BytecodeHandler,0,22884,0x55ca7c87e0c0,1608,Div
code-creation,BytecodeHandler,0,22894,0x55ca7c87e740,1692,Mod
code-creation,BytecodeHandler,0,22897,0x55ca7c87ee00,928,Exp
code-creation,BytecodeHandler,0,22908,0x55ca7c87f1c0,2080,BitwiseOr
code-creation,BytecodeHandler,0,22912,0x55ca7c87fa00,2080,BitwiseXor
code-creation,BytecodeHandler,0,22921,0x55ca7c880240,2080,BitwiseAnd
code-creation,BytecodeHandler,0,22925,0x55ca7c880a80,1496,ShiftLeft
code-creation,BytecodeHandler,0,22927,0x55ca7c881080,1496,ShiftRight
code-creation,BytecodeHandler,0,22929,0x55ca7c881680,1376,ShiftRightLogical
code-creation,BytecodeHandler,0,22940,0x55ca7c881c00,3856,Add_StringConstant_Internalize
code-creation,BytecodeHandler,0,22944,0x55ca7c882b40,716,AddSmi
code-creation,BytecodeHandler,0,22955,0x55ca7c882e40,612,SubSmi
code-creation,BytecodeHandler,0,22959,0x55ca7c8830c0,752,MulSmi
code-creation,BytecodeHandler,0,22969,0x55ca7c8833c0,700,DivSmi
code-creation,BytecodeHandler,0,22973,0x55ca7c883680,684,ModSmi
code-creation,BytecodeHandler,0,22983,0x55ca7c883940,636,ExpSmi
code-creation,BytecodeHandler,0,22987,0x55ca7c883bc0,660,BitwiseOrSmi
code-creation,BytecodeHandler,0,22997,0x55ca7c883e80,660,BitwiseXorSmi
code-creation,BytecodeHandler,0,23001,0x55ca7c884140,660,BitwiseAndSmi
code-creation,BytecodeHandler,0,23011,0x55ca7c884400,804,ShiftLeftSmi
code-creation,BytecodeHandler,0,23015,0x55ca7c884740,664,ShiftRightSmi
code-creation,BytecodeHandler,0,23025,0x55ca7c884a00,812,ShiftRightLogicalSmi
code-creation,BytecodeHandler,0,23029,0x55ca7c884d40,720,Inc
code-creation,BytecodeHandler,0,23039,0x55ca7c885040,724,Dec
code-creation,BytecodeHandler,0,23043,0x55ca7c885340,712,Negate
code-creation,BytecodeHandler,0,23053,0x55ca7c885640,676,BitwiseNot
code-creation,BytecodeHandler,0,23057,0x55ca7c885900,112,ToBooleanLogicalNot
code-creation,BytecodeHandler,0,23068,0x55ca7c885980,40,LogicalNot
code-creation,BytecodeHandler,0,23072,0x55ca7c8859c0,592,TypeOf
code-creation,BytecodeHandler,0,23082,0x55ca7c885c40,108,DeletePropertyStrict
code-creation,BytecodeHandler,0,23086,0x55ca7c885cc0,104,DeletePropertySloppy
code-creation,BytecodeHandler,0,23096,0x55ca7c885d40,44,GetSuperConstructor
code-creation,BytecodeHandler,0,23100,0x55ca7c885d80,388,FindNonDefaultConstructorOrConstruct
code-creation,BytecodeHandler,0,23111,0x55ca7c885f40,1104,CallAnyReceiver
code-creation,BytecodeHandler,0,23115,0x55ca7c8863c0,1104,CallProperty
code-creation,BytecodeHandler,0,23129,0x55ca7c886840,920,CallProperty0
code-creation,BytecodeHandler,0,23140,0x55ca7c886c00,932,CallProperty1
code-creation,BytecodeHandler,0,23144,0x55ca7c886fc0,940,CallProperty2
code-creation,BytecodeHandler,0,23154,0x55ca7c887380,972,CallUndefinedReceiver
code-creation,BytecodeHandler,0,23158,0x55ca7c887780,908,CallUndefinedReceiver0
code-creation,BytecodeHandler,0,23169,0x55ca7c887b40,932,CallUndefinedReceiver1
code-creation,BytecodeHandler,0,23173,0x55ca7c887f00,948,CallUndefinedReceiver2
code-creation,BytecodeHandler,0,23183,0x55ca7c8882c0,1104,CallWithSpread
code-creation,BytecodeHandler,0,23187,0x55ca7c888740,124,CallRuntime
code-creation,BytecodeHandler,0,23197,0x55ca7c8887c0,140,CallRuntimeForPair
code-creation,BytecodeHandler,0,23201,0x55ca7c888880,88,CallJSRuntime
code-creation,BytecodeHandler,0,23211,0x55ca7c888900,1380,InvokeIntrinsic
code-creation,BytecodeHandler,0,23215,0x55ca7c888e80,1164,Construct
code-creation,BytecodeHandler,0,23225,0x55ca7c889340,424,ConstructWithSpread
code-creation,BytecodeHandler,0,23229,0x55ca7c889500,988,ConstructForwardAllArgs
code-creation,BytecodeHandler,0,23239,0x55ca7c889900,2144,TestEqual
code-creation,BytecodeHandler,0,23244,0x55ca7c88a180,1284,TestEqualStrict
code-creation,BytecodeHandler,0,23255,0x55ca7c88a6c0,2008,TestLessThan
code-creation,BytecodeHandler,0,23259,0x55ca7c88aec0,2008,TestGreaterThan
code-creation,BytecodeHandler,0,23268,0x55ca7c88b6c0,2008,TestLessThanOrEqual
code-creation,BytecodeHandler,0,23272,0x55ca7c88bec0,2008,TestGreaterThanOrEqual
code-creation,BytecodeHandler,0,23286,0x55ca7c88c6c0,1000,TestInstanceOf
code-creation,BytecodeHandler,0,23290,0x55ca7c88cac0,112,TestIn
code-creation,BytecodeHandler,0,23300,0x55ca7c88cb40,84,ToName
code-creation,BytecodeHandler,0,23304,0x55ca7c88cbc0,160,ToNumber
code-creation,BytecodeHandler,0,23314,0x55ca7c88cc80,184,ToNumeric
code-creation,BytecodeHandler,0,23318,0x55ca7c88cd40,104,ToObject
code-creation,BytecodeHandler,0,23328,0x55ca7c88cdc0,112,ToString
code-creation,BytecodeHandler,0,23332,0x55ca7c88ce40,112,ToBoolean
code-creation,BytecodeHandler,0,23343,0x55ca7c88cec0,412,CreateRegExpLiteral
code-creation,BytecodeHandler,0,23347,0x55ca7c88d080,1848,CreateArrayLiteral
code-creation,BytecodeHandler,0,23357,0x55ca7c88d7c0,84,CreateArrayFromIterable
code-creation,BytecodeHandler,0,23361,0x55ca7c88d840,724,CreateEmptyArrayLiteral
code-creation,BytecodeHandler,0,23372,0x55ca7c88db40,2880,CreateObjectLiteral
code-creation,BytecodeHandler,0,23376,0x55ca7c88e6c0,348,CreateEmptyObjectLiteral
code-creation,BytecodeHandler,0,23387,0x55ca7c88e840,132,CloneObject
code-creation,BytecodeHandler,0,23400,0x55ca7c88e900,176,GetTemplateObject
code-creation,BytecodeHandler,0,23404,0x55ca7c88e9c0,324,CreateClosure
code-creation,BytecodeHandler,0,23414,0x55ca7c88eb40,124,CreateBlockContext
code-creation,BytecodeHandler,0,23427,0x55ca7c88ebc0,136,CreateCatchContext
code-creation,BytecodeHandler,0,23431,0x55ca7c88ec80,352,CreateFunctionContext
code-creation,BytecodeHandler,0,23440,0x55ca7c88ee00,800,CreateFunctionContextWithCells
code-creation,BytecodeHandler,0,23445,0x55ca7c88f140,352,CreateEvalContext
code-creation,BytecodeHandler,0,23456,0x55ca7c88f2c0,136,CreateWithContext
code-creation,BytecodeHandler,0,23460,0x55ca7c88f380,1708,CreateMappedArguments
code-creation,BytecodeHandler,0,23470,0x55ca7c88fa40,576,CreateUnmappedArguments
code-creation,BytecodeHandler,0,23474,0x55ca7c88fcc0,628,CreateRestParameter
code-creation,BytecodeHandler,0,23484,0x55ca7c88ff40,1756,JumpLoop
code-creation,BytecodeHandler,0,23488,0x55ca7c890640,24,Jump
code-creation,BytecodeHandler,0,23498,0x55ca7c890680,44,JumpConstant
code-creation,BytecodeHandler,0,23501,0x55ca7c8906c0,68,JumpIfNullConstant
code-creation,BytecodeHandler,0,23514,0x55ca7c890740,68,JumpIfNotNullConstant
code-creation,BytecodeHandler,0,23526,0x55ca7c8907c0,68,JumpIfUndefinedConstant
code-creation,BytecodeHandler,0,23531,0x55ca7c890840,68,JumpIfNotUndefinedConstant
code-creation,BytecodeHandler,0,23541,0x55ca7c8908c0,72,JumpIfUndefinedOrNullConstant
code-creation,BytecodeHandler,0,23553,0x55ca7c890940,68,JumpIfTrueConstant
code-creation,BytecodeHandler,0,23557,0x55ca7c8909c0,68,JumpIfFalseConstant
code-creation,BytecodeHandler,0,23567,0x55ca7c890a40,84,JumpIfJSReceiverConstant
code-creation,BytecodeHandler,0,23573,0x55ca7c890ac0,88,JumpIfForInDoneConstant
code-creation,BytecodeHandler,0,23587,0x55ca7c890b40,140,JumpIfToBooleanTrueConstant
code-creation,BytecodeHandler,0,23602,0x55ca7c890c00,140,JumpIfToBooleanFalseConstant
code-creation,BytecodeHandler,0,23616,0x55ca7c890cc0,120,JumpIfToBooleanTrue
code-creation,BytecodeHandler,0,23630,0x55ca7c890d40,120,JumpIfToBooleanFalse
code-creation,BytecodeHandler,0,23636,0x55ca7c890dc0,48,JumpIfTrue
code-creation,BytecodeHandler,0,23648,0x55ca7c890e00,48,JumpIfFalse
code-creation,BytecodeHandler,0,23660,0x55ca7c890e40,48,JumpIfNull
code-creation,BytecodeHandler,0,23664,0x55ca7c890e80,48,JumpIfNotNull
code-creation,BytecodeHandler,0,23673,0x55ca7c890ec0,48,JumpIfUndefined
code-creation,BytecodeHandler,0,23677,0x55ca7c890f00,48,JumpIfNotUndefined
code-creation,BytecodeHandler,0,23688,0x55ca7c890f40,52,JumpIfUndefinedOrNull
code-creation,BytecodeHandler,0,23692,0x55ca7c890f80,64,JumpIfJSReceiver
code-creation,BytecodeHandler,0,23702,0x55ca7c891000,64,JumpIfForInDone
code-creation,BytecodeHandler,0,23706,0x55ca7c891080,104,SwitchOnSmiNoFeedback
code-creation,BytecodeHandler,0,23717,0x55ca7c891100,484,ForInEnumerate
code-creation,BytecodeHandler,0,23721,0x55ca7c891300,224,ForInPrepare
code-creation,BytecodeHandler,0,23757,0x55ca7c891400,212,ForInNext
code-creation,BytecodeHandler,0,23771,0x55ca7c891500,44,ForInStep
code-creation,BytecodeHandler,0,23783,0x55ca7c891540,3104,ForOfNext
code-creation,BytecodeHandler,0,23787,0x55ca7c892180,40,SetPendingMessage
code-creation,BytecodeHandler,0,23797,0x55ca7c8921c0,88,Throw
code-creation,BytecodeHandler,0,23801,0x55ca7c892240,88,ReThrow
code-creation,BytecodeHandler,0,23804,0x55ca7c8922c0,16,Return
code-creation,BytecodeHandler,0,23805,0x55ca7c892300,176,ThrowReferenceErrorIfTdzHole
code-creation,BytecodeHandler,0,23808,0x55ca7c8923c0,112,ThrowSuperNotCalledIfTdzHole
code-creation,BytecodeHandler,0,23810,0x55ca7c892440,112,ThrowSuperAlreadyCalledIfNotTdzHole
code-creation,BytecodeHandler,0,23812,0x55ca7c8924c0,136,ThrowIfNotSuperConstructor
code-creation,BytecodeHandler,0,23822,0x55ca7c892580,128,SwitchOnGeneratorState
code-creation,BytecodeHandler,0,23827,0x55ca7c892640,456,SuspendGenerator
code-creation,BytecodeHandler,0,23837,0x55ca7c892840,176,ResumeGenerator
code-creation,BytecodeHandler,0,23842,0x55ca7c892900,128,GetIterator
code-creation,BytecodeHandler,0,23852,0x55ca7c8929c0,104,ArrayDestructure
code-creation,BytecodeHandler,0,23856,0x55ca7c892a40,96,Debugger
code-creation,BytecodeHandler,0,23866,0x55ca7c892ac0,112,IncBlockCounter
code-creation,BytecodeHandler,0,23870,0x55ca7c892b40,48,Abort
code-creation,BytecodeHandler,0,23880,0x55ca7c892b80,36,Star0
code-creation,BytecodeHandler,0,23884,0x55ca7c892bc0,68,Illegal
code-creation,BytecodeHandler,0,23895,0x55ca7c892c40,96,DebugBreak1.Wide
code-creation,BytecodeHandler,0,23899,0x55ca7c892cc0,96,DebugBreak2.Wide
code-creation,BytecodeHandler,0,23909,0x55ca7c892d40,96,DebugBreak3.Wide
code-creation,BytecodeHandler,0,23914,0x55ca7c892dc0,96,DebugBreak4.Wide
code-creation,BytecodeHandler,0,23924,0x55ca7c892e40,96,DebugBreak5.Wide
code-creation,BytecodeHandler,0,23928,0x55ca7c892ec0,96,DebugBreak6.Wide
code-creation,BytecodeHandler,0,23938,0x55ca7c892f40,36,Ldar.Wide
code-creation,BytecodeHandler,0,23942,0x55ca7c892f80,32,LdaSmi.Wide
code-creation,BytecodeHandler,0,23952,0x55ca7c892fc0,48,LdaConstant.Wide
code-creation,BytecodeHandler,0,23956,0x55ca7c893000,128,LdaContextSlotNoCell.Wide
code-creation,BytecodeHandler,0,23967,0x55ca7c8930c0,428,LdaContextSlot.Wide
code-creation,BytecodeHandler,0,23971,0x55ca7c893280,128,LdaImmutableContextSlot.Wide
code-creation,BytecodeHandler,0,23974,0x55ca7c893340,56,LdaCurrentContextSlotNoCell.Wide
code-creation,BytecodeHandler,0,23985,0x55ca7c893380,356,LdaCurrentContextSlot.Wide
code-creation,BytecodeHandler,0,23990,0x55ca7c893500,56,LdaImmutableCurrentContextSlot.Wide
code-creation,BytecodeHandler,0,24002,0x55ca7c893540,36,Star.Wide
code-creation,BytecodeHandler,0,24006,0x55ca7c893580,44,Mov.Wide
code-creation,BytecodeHandler,0,24016,0x55ca7c8935c0,44,PushContext.Wide
code-creation,BytecodeHandler,0,24020,0x55ca7c893600,40,PopContext.Wide
code-creation,BytecodeHandler,0,24030,0x55ca7c893640,48,TestReferenceEqual.Wide
code-creation,BytecodeHandler,0,24034,0x55ca7c893680,4056,LdaGlobal.Wide
code-creation,BytecodeHandler,0,24044,0x55ca7c894680,3924,LdaGlobalInsideTypeof.Wide
code-creation,BytecodeHandler,0,24049,0x55ca7c895600,132,StaGlobal.Wide
code-creation,BytecodeHandler,0,24059,0x55ca7c8956c0,180,StaContextSlotNoCell.Wide
code-creation,BytecodeHandler,0,24064,0x55ca7c895780,112,StaCurrentContextSlotNoCell.Wide
code-creation,BytecodeHandler,0,24074,0x55ca7c895800,2604,StaContextSlot.Wide
code-creation,BytecodeHandler,0,24079,0x55ca7c896240,2668,StaCurrentContextSlot.Wide
code-creation,BytecodeHandler,0,24089,0x55ca7c896cc0,128,LdaLookupSlot.Wide
code-creation,BytecodeHandler,0,24094,0x55ca7c896d80,288,LdaLookupContextSlotNoCell.Wide
code-creation,BytecodeHandler,0,24104,0x55ca7c896ec0,596,LdaLookupContextSlot.Wide
code-creation,BytecodeHandler,0,24108,0x55ca7c897140,4300,LdaLookupGlobalSlot.Wide
code-creation,BytecodeHandler,0,24119,0x55ca7c898240,128,LdaLookupSlotInsideTypeof.Wide
code-creation,BytecodeHandler,0,24133,0x55ca7c898300,288,LdaLookupContextSlotNoCellInsideTypeof.Wide
code-creation,BytecodeHandler,0,24148,0x55ca7c898440,596,LdaLookupContextSlotInsideTypeof.Wide
code-creation,BytecodeHandler,0,24161,0x55ca7c8986c0,4164,LdaLookupGlobalSlotInsideTypeof.Wide
code-creation,BytecodeHandler,0,24166,0x55ca7c899740,216,StaLookupSlot.Wide
code-creation,BytecodeHandler,0,24176,0x55ca7c899840,4232,GetNamedProperty.Wide
code-creation,BytecodeHandler,0,24180,0x55ca7c89a900,152,GetNamedPropertyFromSuper.Wide
code-creation,BytecodeHandler,0,24191,0x55ca7c89a9c0,112,GetKeyedProperty.Wide
code-creation,BytecodeHandler,0,24196,0x55ca7c89aa40,140,GetEnumeratedKeyedProperty.Wide
code-creation,BytecodeHandler,0,24206,0x55ca7c89ab00,216,GetPrivateField.Wide
code-creation,BytecodeHandler,0,24210,0x55ca7c89ac00,200,LdaModuleVariable.Wide
code-creation,BytecodeHandler,0,24221,0x55ca7c89ad00,312,StaModuleVariable.Wide
code-creation,BytecodeHandler,0,24225,0x55ca7c89ae40,152,SetNamedProperty.Wide
code-creation,BytecodeHandler,0,24235,0x55ca7c89af00,152,DefineNamedOwnProperty.Wide
code-creation,BytecodeHandler,0,24248,0x55ca7c89afc0,132,SetKeyedProperty.Wide
code-creation,BytecodeHandler,0,24252,0x55ca7c89b080,144,DefineKeyedOwnProperty.Wide
code-creation,BytecodeHandler,0,24262,0x55ca7c89b140,132,StaInArrayLiteral.Wide
code-creation,BytecodeHandler,0,24267,0x55ca7c89b200,164,DefineKeyedOwnPropertyInLiteral.Wide
code-creation,BytecodeHandler,0,24278,0x55ca7c89b2c0,184,SetPrototypeProperties.Wide
code-creation,BytecodeHandler,0,24290,0x55ca7c89b380,220,SetPrivateField.Wide
code-creation,BytecodeHandler,0,24303,0x55ca7c89b480,2020,Add.Wide
code-creation,BytecodeHandler,0,24306,0x55ca7c89bc80,1476,Sub.Wide
code-creation,BytecodeHandler,0,24316,0x55ca7c89c280,1664,Mul.Wide
code-creation,BytecodeHandler,0,24320,0x55ca7c89c940,1616,Div.Wide
code-creation,BytecodeHandler,0,24331,0x55ca7c89cfc0,1700,Mod.Wide
code-creation,BytecodeHandler,0,24335,0x55ca7c89d680,932,Exp.Wide
code-creation,BytecodeHandler,0,24345,0x55ca7c89da40,2088,BitwiseOr.Wide
code-creation,BytecodeHandler,0,24349,0x55ca7c89e280,2088,BitwiseXor.Wide
code-creation,BytecodeHandler,0,24359,0x55ca7c89eac0,2088,BitwiseAnd.Wide
code-creation,BytecodeHandler,0,24363,0x55ca7c89f300,1504,ShiftLeft.Wide
code-creation,BytecodeHandler,0,24374,0x55ca7c89f900,1504,ShiftRight.Wide
code-creation,BytecodeHandler,0,24378,0x55ca7c89ff00,1444,ShiftRightLogical.Wide
code-creation,BytecodeHandler,0,24388,0x55ca7c8a04c0,3872,Add_StringConstant_Internalize.Wide
code-creation,BytecodeHandler,0,24401,0x55ca7c8a1400,684,AddSmi.Wide
code-creation,BytecodeHandler,0,24404,0x55ca7c8a16c0,584,SubSmi.Wide
code-creation,BytecodeHandler,0,24414,0x55ca7c8a1940,752,MulSmi.Wide
code-creation,BytecodeHandler,0,24418,0x55ca7c8a1c40,704,DivSmi.Wide
code-creation,BytecodeHandler,0,24428,0x55ca7c8a1f40,684,ModSmi.Wide
code-creation,BytecodeHandler,0,24432,0x55ca7c8a2200,640,ExpSmi.Wide
code-creation,BytecodeHandler,0,24442,0x55ca7c8a24c0,664,BitwiseOrSmi.Wide
code-creation,BytecodeHandler,0,24446,0x55ca7c8a2780,664,BitwiseXorSmi.Wide
code-creation,BytecodeHandler,0,24457,0x55ca7c8a2a40,664,BitwiseAndSmi.Wide
code-creation,BytecodeHandler,0,24461,0x55ca7c8a2d00,808,ShiftLeftSmi.Wide
code-creation,BytecodeHandler,0,24471,0x55ca7c8a3040,668,ShiftRightSmi.Wide
code-creation,BytecodeHandler,0,24475,0x55ca7c8a3300,816,ShiftRightLogicalSmi.Wide
code-creation,BytecodeHandler,0,24486,0x55ca7c8a3640,556,TypeOf.Wide
code-creation,BytecodeHandler,0,24490,0x55ca7c8a3880,108,DeletePropertyStrict.Wide
code-creation,BytecodeHandler,0,24501,0x55ca7c8a3900,108,DeletePropertySloppy.Wide
code-creation,BytecodeHandler,0,24514,0x55ca7c8a3980,44,GetSuperConstructor.Wide
code-creation,BytecodeHandler,0,24526,0x55ca7c8a39c0,388,FindNonDefaultConstructorOrConstruct.Wide
code-creation,BytecodeHandler,0,24540,0x55ca7c8a3b80,1104,CallAnyReceiver.Wide
code-creation,BytecodeHandler,0,24544,0x55ca7c8a4000,1104,CallProperty.Wide
code-creation,BytecodeHandler,0,24554,0x55ca7c8a4480,920,CallProperty0.Wide
code-creation,BytecodeHandler,0,24558,0x55ca7c8a4840,932,CallProperty1.Wide
code-creation,BytecodeHandler,0,24569,0x55ca7c8a4c00,940,CallProperty2.Wide
code-creation,BytecodeHandler,0,24583,0x55ca7c8a4fc0,972,CallUndefinedReceiver.Wide
code-creation,BytecodeHandler,0,24599,0x55ca7c8a53c0,908,CallUndefinedReceiver0.Wide
code-creation,BytecodeHandler,0,24613,0x55ca7c8a5780,932,CallUndefinedReceiver1.Wide
code-creation,BytecodeHandler,0,24629,0x55ca7c8a5b40,948,CallUndefinedReceiver2.Wide
code-creation,BytecodeHandler,0,24635,0x55ca7c8a5f00,1104,CallWithSpread.Wide
code-creation,BytecodeHandler,0,24647,0x55ca7c8a6380,124,CallRuntime.Wide
code-creation,BytecodeHandler,0,24661,0x55ca7c8a6400,140,CallRuntimeForPair.Wide
code-creation,BytecodeHandler,0,24675,0x55ca7c8a64c0,88,CallJSRuntime.Wide
code-creation,BytecodeHandler,0,24688,0x55ca7c8a6540,1380,InvokeIntrinsic.Wide
code-creation,BytecodeHandler,0,24703,0x55ca7c8a6ac0,1120,Construct.Wide
code-creation,BytecodeHandler,0,24716,0x55ca7c8a6f40,380,ConstructWithSpread.Wide
code-creation,BytecodeHandler,0,24729,0x55ca7c8a70c0,988,ConstructForwardAllArgs.Wide
code-creation,BytecodeHandler,0,24758,0x55ca7c8a74c0,2168,TestEqual.Wide
code-creation,BytecodeHandler,0,24772,0x55ca7c8a7d40,1296,TestEqualStrict.Wide
code-creation,BytecodeHandler,0,24777,0x55ca7c8a8280,2056,TestLessThan.Wide
code-creation,BytecodeHandler,0,24789,0x55ca7c8a8ac0,2056,TestGreaterThan.Wide
code-creation,BytecodeHandler,0,24794,0x55ca7c8a9300,2056,TestLessThanOrEqual.Wide
code-creation,BytecodeHandler,0,24805,0x55ca7c8a9b40,2056,TestGreaterThanOrEqual.Wide
code-creation,BytecodeHandler,0,24809,0x55ca7c8aa380,1004,TestInstanceOf.Wide
code-creation,BytecodeHandler,0,24811,0x55ca7c8aa780,112,TestIn.Wide
code-creation,BytecodeHandler,0,24813,0x55ca7c8aa800,164,ToNumber.Wide
code-creation,BytecodeHandler,0,24814,0x55ca7c8aa8c0,184,ToNumeric.Wide
code-creation,BytecodeHandler,0,24816,0x55ca7c8aa980,108,ToObject.Wide
code-creation,BytecodeHandler,0,24818,0x55ca7c8aaa00,412,CreateRegExpLiteral.Wide
code-creation,BytecodeHandler,0,24819,0x55ca7c8aabc0,1736,CreateArrayLiteral.Wide
code-creation,BytecodeHandler,0,24821,0x55ca7c8ab2c0,724,CreateEmptyArrayLiteral.Wide
code-creation,BytecodeHandler,0,24824,0x55ca7c8ab5c0,2756,CreateObjectLiteral.Wide
code-creation,BytecodeHandler,0,24825,0x55ca7c8ac0c0,132,CloneObject.Wide
code-creation,BytecodeHandler,0,24827,0x55ca7c8ac180,140,GetTemplateObject.Wide
code-creation,BytecodeHandler,0,24829,0x55ca7c8ac240,332,CreateClosure.Wide
code-creation,BytecodeHandler,0,24831,0x55ca7c8ac3c0,128,CreateBlockContext.Wide
code-creation,BytecodeHandler,0,24833,0x55ca7c8ac480,140,CreateCatchContext.Wide
code-creation,BytecodeHandler,0,24834,0x55ca7c8ac540,352,CreateFunctionContext.Wide
code-creation,BytecodeHandler,0,24837,0x55ca7c8ac6c0,800,CreateFunctionContextWithCells.Wide
code-creation,BytecodeHandler,0,24839,0x55ca7c8aca00,352,CreateEvalContext.Wide
code-creation,BytecodeHandler,0,24841,0x55ca7c8acb80,140,CreateWithContext.Wide
code-creation,BytecodeHandler,0,24843,0x55ca7c8acc40,1784,JumpLoop.Wide
code-creation,BytecodeHandler,0,24844,0x55ca7c8ad340,24,Jump.Wide
code-creation,BytecodeHandler,0,24846,0x55ca7c8ad380,44,JumpConstant.Wide
code-creation,BytecodeHandler,0,24847,0x55ca7c8ad3c0,68,JumpIfNullConstant.Wide
code-creation,BytecodeHandler,0,24849,0x55ca7c8ad440,68,JumpIfNotNullConstant.Wide
code-creation,BytecodeHandler,0,24851,0x55ca7c8ad4c0,68,JumpIfUndefinedConstant.Wide
code-creation,BytecodeHandler,0,24853,0x55ca7c8ad540,68,JumpIfNotUndefinedConstant.Wide
code-creation,BytecodeHandler,0,24856,0x55ca7c8ad5c0,72,JumpIfUndefinedOrNullConstant.Wide
code-creation,BytecodeHandler,0,24858,0x55ca7c8ad640,68,JumpIfTrueConstant.Wide
code-creation,BytecodeHandler,0,24860,0x55ca7c8ad6c0,68,JumpIfFalseConstant.Wide
code-creation,BytecodeHandler,0,24861,0x55ca7c8ad740,84,JumpIfJSReceiverConstant.Wide
code-creation,BytecodeHandler,0,24863,0x55ca7c8ad7c0,88,JumpIfForInDoneConstant.Wide
code-creation,BytecodeHandler,0,24865,0x55ca7c8ad840,140,JumpIfToBooleanTrueConstant.Wide
code-creation,BytecodeHandler,0,24868,0x55ca7c8ad900,140,JumpIfToBooleanFalseConstant.Wide
code-creation,BytecodeHandler,0,24870,0x55ca7c8ad9c0,120,JumpIfToBooleanTrue.Wide
code-creation,BytecodeHandler,0,24875,0x55ca7c8ada40,120,JumpIfToBooleanFalse.Wide
code-creation,BytecodeHandler,0,24877,0x55ca7c8adac0,48,JumpIfTrue.Wide
code-creation,BytecodeHandler,0,24878,0x55ca7c8adb00,48,JumpIfFalse.Wide
code-creation,BytecodeHandler,0,24880,0x55ca7c8adb40,48,JumpIfNull.Wide
code-creation,BytecodeHandler,0,24881,0x55ca7c8adb80,48,JumpIfNotNull.Wide
code-creation,BytecodeHandler,0,24883,0x55ca7c8adbc0,48,JumpIfUndefined.Wide
code-creation,BytecodeHandler,0,24885,0x55ca7c8adc00,48,JumpIfNotUndefined.Wide
code-creation,BytecodeHandler,0,24887,0x55ca7c8adc40,52,JumpIfUndefinedOrNull.Wide
code-creation,BytecodeHandler,0,24889,0x55ca7c8adc80,64,JumpIfJSReceiver.Wide
code-creation,BytecodeHandler,0,24890,0x55ca7c8add00,64,JumpIfForInDone.Wide
code-creation,BytecodeHandler,0,24892,0x55ca7c8add80,104,SwitchOnSmiNoFeedback.Wide
code-creation,BytecodeHandler,0,24894,0x55ca7c8ade00,488,ForInEnumerate.Wide
code-creation,BytecodeHandler,0,24896,0x55ca7c8ae000,224,ForInPrepare.Wide
code-creation,BytecodeHandler,0,24897,0x55ca7c8ae100,212,ForInNext.Wide
code-creation,BytecodeHandler,0,24899,0x55ca7c8ae200,44,ForInStep.Wide
code-creation,BytecodeHandler,0,24900,0x55ca7c8ae240,3112,ForOfNext.Wide
code-creation,BytecodeHandler,0,24902,0x55ca7c8aee80,144,ThrowReferenceErrorIfTdzHole.Wide
code-creation,BytecodeHandler,0,24904,0x55ca7c8aef40,140,ThrowIfNotSuperConstructor.Wide
code-creation,BytecodeHandler,0,24906,0x55ca7c8af000,128,SwitchOnGeneratorState.Wide
code-creation,BytecodeHandler,0,24908,0x55ca7c8af0c0,460,SuspendGenerator.Wide
code-creation,BytecodeHandler,0,24910,0x55ca7c8af2c0,176,ResumeGenerator.Wide
code-creation,BytecodeHandler,0,24912,0x55ca7c8af380,128,GetIterator.Wide
code-creation,BytecodeHandler,0,24913,0x55ca7c8af440,108,ArrayDestructure.Wide
code-creation,BytecodeHandler,0,24915,0x55ca7c8af4c0,116,IncBlockCounter.Wide
code-creation,BytecodeHandler,0,24917,0x55ca7c8af540,96,DebugBreak1.ExtraWide
code-creation,BytecodeHandler,0,24918,0x55ca7c8af5c0,96,DebugBreak2.ExtraWide
code-creation,BytecodeHandler,0,24920,0x55ca7c8af640,96,DebugBreak3.ExtraWide
code-creation,BytecodeHandler,0,24922,0x55ca7c8af6c0,96,DebugBreak4.ExtraWide
code-creation,BytecodeHandler,0,24923,0x55ca7c8af740,96,DebugBreak5.ExtraWide
code-creation,BytecodeHandler,0,24925,0x55ca7c8af7c0,96,DebugBreak6.ExtraWide
code-creation,BytecodeHandler,0,24927,0x55ca7c8af840,32,Ldar.ExtraWide
code-creation,BytecodeHandler,0,24928,0x55ca7c8af880,28,LdaSmi.ExtraWide
code-creation,BytecodeHandler,0,24930,0x55ca7c8af8c0,44,LdaConstant.ExtraWide
code-creation,BytecodeHandler,0,24931,0x55ca7c8af900,128,LdaContextSlotNoCell.ExtraWide
code-creation,BytecodeHandler,0,24933,0x55ca7c8af9c0,428,LdaContextSlot.ExtraWide
code-creation,BytecodeHandler,0,24935,0x55ca7c8afb80,128,LdaImmutableContextSlot.ExtraWide
code-creation,BytecodeHandler,0,24938,0x55ca7c8afc40,56,LdaCurrentContextSlotNoCell.ExtraWide
code-creation,BytecodeHandler,0,24940,0x55ca7c8afc80,356,LdaCurrentContextSlot.ExtraWide
code-creation,BytecodeHandler,0,24942,0x55ca7c8afe00,56,LdaImmutableCurrentContextSlot.ExtraWide
code-creation,BytecodeHandler,0,24944,0x55ca7c8afe40,32,Star.ExtraWide
code-creation,BytecodeHandler,0,24946,0x55ca7c8afe80,44,Mov.ExtraWide
code-creation,BytecodeHandler,0,24947,0x55ca7c8afec0,40,PushContext.ExtraWide
code-creation,BytecodeHandler,0,24949,0x55ca7c8aff00,36,PopContext.ExtraWide
code-creation,BytecodeHandler,0,24951,0x55ca7c8aff40,48,TestReferenceEqual.ExtraWide
code-creation,BytecodeHandler,0,24953,0x55ca7c8aff80,4036,LdaGlobal.ExtraWide
code-creation,BytecodeHandler,0,24954,0x55ca7c8b0f80,3908,LdaGlobalInsideTypeof.ExtraWide
code-creation,BytecodeHandler,0,24956,0x55ca7c8b1f00,128,StaGlobal.ExtraWide
code-creation,BytecodeHandler,0,24958,0x55ca7c8b1fc0,180,StaContextSlotNoCell.ExtraWide
code-creation,BytecodeHandler,0,24960,0x55ca7c8b2080,108,StaCurrentContextSlotNoCell.ExtraWide
code-creation,BytecodeHandler,0,24962,0x55ca7c8b2100,2604,StaContextSlot.ExtraWide
code-creation,BytecodeHandler,0,24964,0x55ca7c8b2b40,2664,StaCurrentContextSlot.ExtraWide
code-creation,BytecodeHandler,0,24969,0x55ca7c8b35c0,124,LdaLookupSlot.ExtraWide
code-creation,BytecodeHandler,0,24971,0x55ca7c8b3640,288,LdaLookupContextSlotNoCell.ExtraWide
code-creation,BytecodeHandler,0,24973,0x55ca7c8b3780,596,LdaLookupContextSlot.ExtraWide
code-creation,BytecodeHandler,0,24975,0x55ca7c8b3a00,4280,LdaLookupGlobalSlot.ExtraWide
code-creation,BytecodeHandler,0,24977,0x55ca7c8b4ac0,124,LdaLookupSlotInsideTypeof.ExtraWide
code-creation,BytecodeHandler,0,24979,0x55ca7c8b4b40,288,LdaLookupContextSlotNoCellInsideTypeof.ExtraWide
code-creation,BytecodeHandler,0,24982,0x55ca7c8b4c80,596,LdaLookupContextSlotInsideTypeof.ExtraWide
code-creation,BytecodeHandler,0,24984,0x55ca7c8b4f00,4148,LdaLookupGlobalSlotInsideTypeof.ExtraWide
code-creation,BytecodeHandler,0,24987,0x55ca7c8b5f40,216,StaLookupSlot.ExtraWide
code-creation,BytecodeHandler,0,24989,0x55ca7c8b6040,4212,GetNamedProperty.ExtraWide
code-creation,BytecodeHandler,0,24991,0x55ca7c8b70c0,148,GetNamedPropertyFromSuper.ExtraWide
code-creation,BytecodeHandler,0,24993,0x55ca7c8b7180,112,GetKeyedProperty.ExtraWide
code-creation,BytecodeHandler,0,24995,0x55ca7c8b7200,136,GetEnumeratedKeyedProperty.ExtraWide
code-creation,BytecodeHandler,0,24997,0x55ca7c8b72c0,212,GetPrivateField.ExtraWide
code-creation,BytecodeHandler,0,24999,0x55ca7c8b73c0,200,LdaModuleVariable.ExtraWide
code-creation,BytecodeHandler,0,25001,0x55ca7c8b74c0,312,StaModuleVariable.ExtraWide
code-creation,BytecodeHandler,0,25003,0x55ca7c8b7600,152,SetNamedProperty.ExtraWide
code-creation,BytecodeHandler,0,25005,0x55ca7c8b76c0,152,DefineNamedOwnProperty.ExtraWide
code-creation,BytecodeHandler,0,25007,0x55ca7c8b7780,128,SetKeyedProperty.ExtraWide
code-creation,BytecodeHandler,0,25009,0x55ca7c8b7840,144,DefineKeyedOwnProperty.ExtraWide
code-creation,BytecodeHandler,0,25011,0x55ca7c8b7900,128,StaInArrayLiteral.ExtraWide
code-creation,BytecodeHandler,0,25013,0x55ca7c8b79c0,160,DefineKeyedOwnPropertyInLiteral.ExtraWide
code-creation,BytecodeHandler,0,25015,0x55ca7c8b7a80,180,SetPrototypeProperties.ExtraWide
code-creation,BytecodeHandler,0,25017,0x55ca7c8b7b40,220,SetPrivateField.ExtraWide
code-creation,BytecodeHandler,0,25019,0x55ca7c8b7c40,2020,Add.ExtraWide
code-creation,BytecodeHandler,0,25021,0x55ca7c8b8440,1472,Sub.ExtraWide
code-creation,BytecodeHandler,0,25022,0x55ca7c8b8a40,1664,Mul.ExtraWide
code-creation,BytecodeHandler,0,25024,0x55ca7c8b9100,1616,Div.ExtraWide
code-creation,BytecodeHandler,0,25025,0x55ca7c8b9780,1700,Mod.ExtraWide
code-creation,BytecodeHandler,0,25027,0x55ca7c8b9e40,932,Exp.ExtraWide
code-creation,BytecodeHandler,0,25028,0x55ca7c8ba200,2088,BitwiseOr.ExtraWide
code-creation,BytecodeHandler,0,25030,0x55ca7c8baa40,2088,BitwiseXor.ExtraWide
code-creation,BytecodeHandler,0,25031,0x55ca7c8bb280,2088,BitwiseAnd.ExtraWide
code-creation,BytecodeHandler,0,25033,0x55ca7c8bbac0,1504,ShiftLeft.ExtraWide
code-creation,BytecodeHandler,0,25035,0x55ca7c8bc0c0,1504,ShiftRight.ExtraWide
code-creation,BytecodeHandler,0,25036,0x55ca7c8bc6c0,1444,ShiftRightLogical.ExtraWide
code-creation,BytecodeHandler,0,25038,0x55ca7c8bcc80,3868,Add_StringConstant_Internalize.ExtraWide
code-creation,BytecodeHandler,0,25041,0x55ca7c8bdbc0,680,AddSmi.ExtraWide
code-creation,BytecodeHandler,0,25042,0x55ca7c8bde80,584,SubSmi.ExtraWide
code-creation,BytecodeHandler,0,25044,0x55ca7c8be100,752,MulSmi.ExtraWide
code-creation,BytecodeHandler,0,25045,0x55ca7c8be400,704,DivSmi.ExtraWide
code-creation,BytecodeHandler,0,25047,0x55ca7c8be700,684,ModSmi.ExtraWide
code-creation,BytecodeHandler,0,25048,0x55ca7c8be9c0,640,ExpSmi.ExtraWide
code-creation,BytecodeHandler,0,25050,0x55ca7c8bec80,664,BitwiseOrSmi.ExtraWide
code-creation,BytecodeHandler,0,25052,0x55ca7c8bef40,664,BitwiseXorSmi.ExtraWide
code-creation,BytecodeHandler,0,25054,0x55ca7c8bf200,664,BitwiseAndSmi.ExtraWide
code-creation,BytecodeHandler,0,25055,0x55ca7c8bf4c0,808,ShiftLeftSmi.ExtraWide
code-creation,BytecodeHandler,0,25057,0x55ca7c8bf800,668,ShiftRightSmi.ExtraWide
code-creation,BytecodeHandler,0,25059,0x55ca7c8bfac0,816,ShiftRightLogicalSmi.ExtraWide
code-creation,BytecodeHandler,0,25063,0x55ca7c8bfe00,556,TypeOf.ExtraWide
code-creation,BytecodeHandler,0,25065,0x55ca7c8c0040,108,DeletePropertyStrict.ExtraWide
code-creation,BytecodeHandler,0,25067,0x55ca7c8c00c0,104,DeletePropertySloppy.ExtraWide
code-creation,BytecodeHandler,0,25069,0x55ca7c8c0140,44,GetSuperConstructor.ExtraWide
code-creation,BytecodeHandler,0,25071,0x55ca7c8c0180,384,FindNonDefaultConstructorOrConstruct.ExtraWide
code-creation,BytecodeHandler,0,25073,0x55ca7c8c0340,1100,CallAnyReceiver.ExtraWide
code-creation,BytecodeHandler,0,25075,0x55ca7c8c07c0,1100,CallProperty.ExtraWide
code-creation,BytecodeHandler,0,25077,0x55ca7c8c0c40,916,CallProperty0.ExtraWide
code-creation,BytecodeHandler,0,25079,0x55ca7c8c1000,928,CallProperty1.ExtraWide
code-creation,BytecodeHandler,0,25080,0x55ca7c8c13c0,940,CallProperty2.ExtraWide
code-creation,BytecodeHandler,0,25082,0x55ca7c8c1780,908,CallUndefinedReceiver.ExtraWide
code-creation,BytecodeHandler,0,25084,0x55ca7c8c1b40,908,CallUndefinedReceiver0.ExtraWide
code-creation,BytecodeHandler,0,25086,0x55ca7c8c1f00,932,CallUndefinedReceiver1.ExtraWide
code-creation,BytecodeHandler,0,25089,0x55ca7c8c22c0,944,CallUndefinedReceiver2.ExtraWide
code-creation,BytecodeHandler,0,25091,0x55ca7c8c2680,1100,CallWithSpread.ExtraWide
code-creation,BytecodeHandler,0,25092,0x55ca7c8c2b00,124,CallRuntime.ExtraWide
code-creation,BytecodeHandler,0,25094,0x55ca7c8c2b80,136,CallRuntimeForPair.ExtraWide
code-creation,BytecodeHandler,0,25096,0x55ca7c8c2c40,88,CallJSRuntime.ExtraWide
code-creation,BytecodeHandler,0,25098,0x55ca7c8c2cc0,1380,InvokeIntrinsic.ExtraWide
code-creation,BytecodeHandler,0,25100,0x55ca7c8c3240,1120,Construct.ExtraWide
code-creation,BytecodeHandler,0,25102,0x55ca7c8c36c0,376,ConstructWithSpread.ExtraWide
code-creation,BytecodeHandler,0,25104,0x55ca7c8c3840,988,ConstructForwardAllArgs.ExtraWide
code-creation,BytecodeHandler,0,25106,0x55ca7c8c3c40,2168,TestEqual.ExtraWide
code-creation,BytecodeHandler,0,25107,0x55ca7c8c44c0,1292,TestEqualStrict.ExtraWide
code-creation,BytecodeHandler,0,25109,0x55ca7c8c4a00,2056,TestLessThan.ExtraWide
code-creation,BytecodeHandler,0,25111,0x55ca7c8c5240,2056,TestGreaterThan.ExtraWide
code-creation,BytecodeHandler,0,25113,0x55ca7c8c5a80,2056,TestLessThanOrEqual.ExtraWide
code-creation,BytecodeHandler,0,25115,0x55ca7c8c62c0,2056,TestGreaterThanOrEqual.ExtraWide
code-creation,BytecodeHandler,0,25130,0x55ca7c8c6b00,1004,TestInstanceOf.ExtraWide
code-creation,BytecodeHandler,0,25138,0x55ca7c8c6f00,112,TestIn.ExtraWide
code-creation,BytecodeHandler,0,25140,0x55ca7c8c6f80,160,ToNumber.ExtraWide
code-creation,BytecodeHandler,0,25141,0x55ca7c8c7040,184,ToNumeric.ExtraWide
code-creation,BytecodeHandler,0,25143,0x55ca7c8c7100,104,ToObject.ExtraWide
code-creation,BytecodeHandler,0,25145,0x55ca7c8c7180,412,CreateRegExpLiteral.ExtraWide
code-creation,BytecodeHandler,0,25153,0x55ca7c8c7340,1736,CreateArrayLiteral.ExtraWide
code-creation,BytecodeHandler,0,25155,0x55ca7c8c7a40,724,CreateEmptyArrayLiteral.ExtraWide
code-creation,BytecodeHandler,0,25157,0x55ca7c8c7d40,2756,CreateObjectLiteral.ExtraWide
code-creation,BytecodeHandler,0,25159,0x55ca7c8c8840,132,CloneObject.ExtraWide
code-creation,BytecodeHandler,0,25165,0x55ca7c8c8900,140,GetTemplateObject.ExtraWide
code-creation,BytecodeHandler,0,25169,0x55ca7c8c89c0,332,CreateClosure.ExtraWide
code-creation,BytecodeHandler,0,25171,0x55ca7c8c8b40,124,CreateBlockContext.ExtraWide
code-creation,BytecodeHandler,0,25173,0x55ca7c8c8bc0,136,CreateCatchContext.ExtraWide
code-creation,BytecodeHandler,0,25175,0x55ca7c8c8c80,352,CreateFunctionContext.ExtraWide
code-creation,BytecodeHandler,0,25177,0x55ca7c8c8e00,800,CreateFunctionContextWithCells.ExtraWide
code-creation,BytecodeHandler,0,25179,0x55ca7c8c9140,352,CreateEvalContext.ExtraWide
code-creation,BytecodeHandler,0,25187,0x55ca7c8c92c0,136,CreateWithContext.ExtraWide
code-creation,BytecodeHandler,0,25189,0x55ca7c8c9380,1776,JumpLoop.ExtraWide
code-creation,BytecodeHandler,0,25191,0x55ca7c8c9a80,20,Jump.ExtraWide
code-creation,BytecodeHandler,0,25193,0x55ca7c8c9ac0,44,JumpConstant.ExtraWide
code-creation,BytecodeHandler,0,25203,0x55ca7c8c9b00,68,JumpIfNullConstant.ExtraWide
code-creation,BytecodeHandler,0,25207,0x55ca7c8c9b80,68,JumpIfNotNullConstant.ExtraWide
code-creation,BytecodeHandler,0,25214,0x55ca7c8c9c00,68,JumpIfUndefinedConstant.ExtraWide
code-creation,BytecodeHandler,0,25217,0x55ca7c8c9c80,68,JumpIfNotUndefinedConstant.ExtraWide
code-creation,BytecodeHandler,0,25219,0x55ca7c8c9d00,72,JumpIfUndefinedOrNullConstant.ExtraWide
code-creation,BytecodeHandler,0,25222,0x55ca7c8c9d80,68,JumpIfTrueConstant.ExtraWide
code-creation,BytecodeHandler,0,25224,0x55ca7c8c9e00,68,JumpIfFalseConstant.ExtraWide
code-creation,BytecodeHandler,0,25232,0x55ca7c8c9e80,84,JumpIfJSReceiverConstant.ExtraWide
code-creation,BytecodeHandler,0,25235,0x55ca7c8c9f00,84,JumpIfForInDoneConstant.ExtraWide
code-creation,BytecodeHandler,0,25237,0x55ca7c8c9f80,140,JumpIfToBooleanTrueConstant.ExtraWide
code-creation,BytecodeHandler,0,25245,0x55ca7c8ca040,140,JumpIfToBooleanFalseConstant.ExtraWide
code-creation,BytecodeHandler,0,25247,0x55ca7c8ca100,120,JumpIfToBooleanTrue.ExtraWide
code-creation,BytecodeHandler,0,25249,0x55ca7c8ca180,120,JumpIfToBooleanFalse.ExtraWide
code-creation,BytecodeHandler,0,25251,0x55ca7c8ca200,44,JumpIfTrue.ExtraWide
code-creation,BytecodeHandler,0,25253,0x55ca7c8ca240,44,JumpIfFalse.ExtraWide
code-creation,BytecodeHandler,0,25255,0x55ca7c8ca280,44,JumpIfNull.ExtraWide
code-creation,BytecodeHandler,0,25256,0x55ca7c8ca2c0,44,JumpIfNotNull.ExtraWide
code-creation,BytecodeHandler,0,25258,0x55ca7c8ca300,44,JumpIfUndefined.ExtraWide
code-creation,BytecodeHandler,0,25260,0x55ca7c8ca340,44,JumpIfNotUndefined.ExtraWide
code-creation,BytecodeHandler,0,25262,0x55ca7c8ca380,52,JumpIfUndefinedOrNull.ExtraWide
code-creation,BytecodeHandler,0,25264,0x55ca7c8ca3c0,60,JumpIfJSReceiver.ExtraWide
code-creation,BytecodeHandler,0,25266,0x55ca7c8ca400,64,JumpIfForInDone.ExtraWide
code-creation,BytecodeHandler,0,25268,0x55ca7c8ca480,100,SwitchOnSmiNoFeedback.ExtraWide
code-creation,BytecodeHandler,0,25276,0x55ca7c8ca500,488,ForInEnumerate.ExtraWide
code-creation,BytecodeHandler,0,25278,0x55ca7c8ca700,220,ForInPrepare.ExtraWide
code-creation,BytecodeHandler,0,25280,0x55ca7c8ca800,208,ForInNext.ExtraWide
code-creation,BytecodeHandler,0,25282,0x55ca7c8ca900,44,ForInStep.ExtraWide
code-creation,BytecodeHandler,0,25283,0x55ca7c8ca940,3112,ForOfNext.ExtraWide
code-creation,BytecodeHandler,0,25285,0x55ca7c8cb580,144,ThrowReferenceErrorIfTdzHole.ExtraWide
code-creation,BytecodeHandler,0,25293,0x55ca7c8cb640,136,ThrowIfNotSuperConstructor.ExtraWide
code-creation,BytecodeHandler,0,25296,0x55ca7c8cb700,124,SwitchOnGeneratorState.ExtraWide
code-creation,BytecodeHandler,0,25298,0x55ca7c8cb780,460,SuspendGenerator.ExtraWide
code-creation,BytecodeHandler,0,25300,0x55ca7c8cb980,176,ResumeGenerator.ExtraWide
code-creation,BytecodeHandler,0,25302,0x55ca7c8cba40,128,GetIterator.ExtraWide
code-creation,BytecodeHandler,0,25303,0x55ca7c8cbb00,104,ArrayDestructure.ExtraWide
code-creation,BytecodeHandler,0,25305,0x55ca7c8cbb80,112,IncBlockCounter.ExtraWide
new,MemoryChunk,0x314801040000,262144
code-creation,Script,10,26848,0x1c7201000254,390, osr-bug.js:1:1,0x31480101e268,~
script-source,3,osr-bug.js,// Lines 146-154 (+ summary item 10\x2C line 37): OSR + reduce callback from different environments.\n// Usage: d8 osr-bug.js -- <variant> <n> [opt]   |  node osr-bug.js <variant> <n> [opt]\nconst isD8 = typeof process === 'undefined';\nconst log = isD8 ? print : console.log;\nconst argv = isD8 ? arguments : process.argv.slice(2);\nconst variant = argv[0]\x2C N = +argv[1]\x2C mode = argv[2] || 'plain';\nconst arr = [1\x2C 2\x2C 3\x2C 4\x2C 5\x2C 6\x2C 7\x2C 8\x2C 9\x2C 10];\nfunction doOuter(a\x2C b) { return a + b; }\nvar doOuterVar = function (a\x2C b) { return a + b; };\nconst doOuterConst = function (a\x2C b) { return a + b; };\nconst outerArrow = (a\x2C b) => a + b;\nconst V = {\n  literal(n) { let s = 0; while (n--) s += arr.reduce((a\x2C b) => a + b\x2C 0); return s; }\x2C\n  inner(n) { function doInner(a\x2C b) { return a + b; } let s = 0; while (n--) s += arr.reduce(doInner\x2C 0); return s; }\x2C\n  globalFn(n) { let s = 0; while (n--) s += arr.reduce(doOuter\x2C 0); return s; }\x2C\n  aliasInside(n) { var doInner = doOuter; let s = 0; while (n--) s += arr.reduce(doInner\x2C 0); return s; }\x2C\n  globalVar(n) { let s = 0; while (n--) s += arr.reduce(doOuterVar\x2C 0); return s; }\x2C\n  globalConst(n) { let s = 0; while (n--) s += arr.reduce(doOuterConst\x2C 0); return s; }\x2C\n  globalConstArrow(n) { let s = 0; while (n--) s += arr.reduce(outerArrow\x2C 0); return s; }\x2C\n  // workaround from line 154: loop body in a small local function\n  innerWrapped(n) { function doInner(a\x2C b) { return a + b; } function doSum() { return arr.reduce(doInner\x2C 0); } let s = 0; while (n--) s += doSum(); return s; }\x2C\n  constArrowWrapped(n) { function doSum() { return arr.reduce(outerArrow\x2C 0); } let s = 0; while (n--) s += doSum(); return s; }\x2C\n};\nconst doMain = V[variant];\nif (mode === 'opt') { %PrepareFunctionForOptimization(doMain); doMain(3); doMain(3); %OptimizeFunctionOnNextCall(doMain); }\nconst t0 = Date.now();\nconst r = doMain(N);\nlog(`${variant.padEnd(18)} mode=${mode} n=${N} ms=${Date.now() - t0} r=${r}`);\n
code-source-info,0x1c7201000254,3,0,1932,C6O0C11O199C16O199C18O243C22O250C27O258C31O266C35O243C37O284C41O291C46O303C50O311C55O316C63O316C68O284C70O342C74O346C77O342C79O355C84O360C87O355C89O355C91O372C96O376C103O372C105O404C109O404C111O495C115O495C118O551C122O551C124O605C128O605C130O632C135O636C143O724C151O843C159O924C167O1031C175O1116C183O1205C191O1364C199O1527C209O632C211O1673C216O1674C219O1673C221O1685C226O1694C231O1707C239O1748C245O1748C249O1759C255O1759C259O1770C267O1820C271O1825C276O1825C280O1820C282O1842C288O1842C292O1842C294O1853C300O1868C308O1868C323O1887C336O1897C347O1905C351O1910C356O1910C363O1916C379O1926C384O1853C389O1932,,
LoadGlobalIC,0x1c720100025f,27063,3,14,X,X,0x31480101d555,process,,
LoadGlobalIC,0x1c720100026a,27092,4,20,X,X,0x31480101d555,print,,
LoadGlobalIC,0x1c720100027d,27098,5,21,X,X,0x31480101d555,arguments,,
StoreGlobalIC,0x1c72010002c7,27143,9,18,X,X,0x000000000000,doOuterVar,,
StoreIC,0x1c72010002df,27183,13,3,X,X,0x000000000000,literal,,
StoreIC,0x1c72010002e7,27203,14,3,X,X,0x000000000000,inner,,
StoreIC,0x1c72010002ef,27218,15,3,X,X,0x000000000000,globalFn,,
StoreIC,0x1c72010002f7,27233,16,3,X,X,0x000000000000,aliasInside,,
StoreIC,0x1c72010002ff,27247,17,3,X,X,0x000000000000,globalVar,,
StoreIC,0x1c7201000307,27262,18,3,X,X,0x000000000000,globalConst,,
StoreIC,0x1c720100030f,27282,19,3,X,X,0x000000000000,globalConstArrow,,
StoreIC,0x1c7201000317,27297,21,3,X,X,0x000000000000,innerWrapped,,
StoreIC,0x1c720100031f,27311,22,3,X,X,0x000000000000,constArrowWrapped,,
LoadGlobalIC,0x1c720100035f,27329,26,12,X,X,0x31480101d555,Date,,
code-creation,JS,10,27390,0x1c72010004c8,48,globalConst osr-bug.js:18:14,0x31480101e4fc,~
code-source-info,0x1c72010004c8,3,1127,1201,C0O1141C2O1152C13O1152C15O1156C18O1165C28O1165C41O1144C45O1190C47O1199,,
code-creation,JS,10,27439,0x1c7201000540,6,doOuterConst osr-bug.js:10:31,0x31480101e394,~
code-source-info,0x1c7201000540,3,560,584,C0O569C2O578C5O582,,
LoadIC,0x1c72010004da,27473,18,52,0,1,0x31480100d035,reduce,,
new,MemoryChunk,0x1c7201040000,262144
new,MemoryChunk,0x55cadc680000,262144
new,MemoryChunk,0x314801080000,262144
code-creation,JS,12,28292,0x55cadc680040,260,doOuterConst osr-bug.js:10:31,0x31480101e394,+'
code-source-info,0x55cadc680040,3,560,584,C7O560C7O560C7O560C7O560C23O560C27O578C41O578C52O578C70O582C80O582C94O582,,
code-creation,JS,12,28396,0x55cadc680180,1168,globalConst osr-bug.js:18:14,0x31480101e4fc,o+
code-source-info,0x55cadc680180,3,1127,1201,C14O1127C14O1127C14O1127C14O1127C14O1127C14O1127C30O1127C34O1152C42O1152C46O1152C58O1152C70O1156C80O1165C102O1165C139O1165C161O1165C175O1165C185O1165C207O1144C243O1144C256O1144C256O1144C260O1144C274O1144C286O1144C298O1144C337O1144C362O1144C377O1144C387O1144C409O1144C445O1144C465O1190C470O1190C484O1190C484O1199C497O1199,,
code-creation,JS,13,29412,0x55cadc680680,248,doOuterConst osr-bug.js:10:31,0x31480101e394,*'
code-source-info,0x55cadc680680,3,560,584,C11O560C25O578C72O582C113O560C151O582,,
code-creation,JS,13,30060,0x55cadc6807c0,972,globalConst osr-bug.js:18:14,0x31480101e4fc,o*
code-source-info,0x55cadc6807c0,3,1127,1201,C23O1127C37O1152C104O1156C111O1165C436O1199C466O1127C507O1165C528O1152C631O1165C673O1152C789O1144C858O1165,,
LoadIC,0x1c7201000380,55700,28,16,X,X,0x314800000425,padEnd,,
LoadGlobalIC,0x1c72010003af,55785,28,53,X,X,0x31480101d555,Date,,
delete,MemoryChunk,0x35d400ed8000
delete,MemoryChunk,0x35d400ebd000
delete,MemoryChunk,0x35d400f22800
delete,MemoryChunk,0x35d400f25000
delete,MemoryChunk,0x35d400eba800
delete,MemoryChunk,0x35d400ef3800
