v8-version,15,6,67,0,0
v8-platform,linux,linux
new,CodeRange,0x5599d79c0000,0
new,MemoryChunk,0x2dd100000000,262144
new,MemoryChunk,0x2dd100040000,262144
new,MemoryChunk,0x2dd100080000,262144
new,MemoryChunk,0x2dd1000c0000,262144
new,MemoryChunk,0x2dd100100000,262144
new,MemoryChunk,0x2dd100140000,262144
new,MemoryChunk,0x2dd100180000,262144
new,MemoryChunk,0x2dd1001c0000,262144
new,MemoryChunk,0x2dd100200000,262144
heap-capacity,1048512
heap-available,4397727616
new,MemoryChunk,0x2dd101000000,262144
new,MemoryChunk,0x1ade01000000,262144
code-creation,Builtin,3,2238,0x5599f97a7000,1016,DeoptimizationEntry_Eager
code-creation,Builtin,3,2281,0x5599f97a7400,1020,DeoptimizationEntry_Lazy
code-creation,Builtin,3,2286,0x5599f97a7800,84,DeoptimizationEntry_LazyAfterFastCall
code-creation,Builtin,3,2289,0x5599f97a7880,3240,RecordWriteSaveFP
code-creation,Builtin,3,2292,0x5599f97a8540,1696,RecordWriteIgnoreFP
code-creation,Builtin,3,2294,0x5599f97a8c00,340,EphemeronKeyBarrierSaveFP
code-creation,Builtin,3,2298,0x5599f97a8d80,120,EphemeronKeyBarrierIgnoreFP
code-creation,Builtin,3,2301,0x5599f97a8e00,336,IndirectPointerBarrierSaveFP
code-creation,Builtin,3,2304,0x5599f97a8f80,116,IndirectPointerBarrierIgnoreFP
code-creation,Builtin,3,2307,0x5599f97a9000,24,AdaptorWithBuiltinExitFrame0
code-creation,Builtin,3,2310,0x5599f97a9040,40,AdaptorWithBuiltinExitFrame1
code-creation,Builtin,3,2313,0x5599f97a9080,40,AdaptorWithBuiltinExitFrame2
code-creation,Builtin,3,2315,0x5599f97a90c0,40,AdaptorWithBuiltinExitFrame3
code-creation,Builtin,3,2318,0x5599f97a9100,40,AdaptorWithBuiltinExitFrame4
code-creation,Builtin,3,2321,0x5599f97a9140,40,AdaptorWithBuiltinExitFrame5
code-creation,Builtin,3,2334,0x5599f97a9180,292,CallFunction_ReceiverIsNullOrUndefined
code-creation,Builtin,3,2348,0x5599f97a92c0,332,CallFunction_ReceiverIsNotNullOrUndefined
code-creation,Builtin,3,2363,0x5599f97a9440,364,CallFunction_ReceiverIsAny
code-creation,Builtin,3,2377,0x5599f97a95c0,104,CallBoundFunction
code-creation,Builtin,3,2382,0x5599f97a9640,1052,CallWrappedFunction
code-creation,Builtin,3,2394,0x5599f97a9a80,180,Call_ReceiverIsNullOrUndefined
code-creation,Builtin,3,2408,0x5599f97a9b40,180,Call_ReceiverIsNotNullOrUndefined
code-creation,Builtin,3,2423,0x5599f97a9c00,180,Call_ReceiverIsAny
code-creation,Builtin,3,2436,0x5599f97a9cc0,908,Call_ReceiverIsNullOrUndefined_Baseline_Compact
code-creation,Builtin,3,2451,0x5599f97aa080,900,Call_ReceiverIsNullOrUndefined_Baseline
code-creation,Builtin,3,2466,0x5599f97aa440,1060,Call_ReceiverIsNotNullOrUndefined_Baseline_Compact
code-creation,Builtin,3,2481,0x5599f97aa880,988,Call_ReceiverIsNotNullOrUndefined_Baseline
code-creation,Builtin,3,2496,0x5599f97aac80,1060,Call_ReceiverIsAny_Baseline_Compact
code-creation,Builtin,3,2510,0x5599f97ab0c0,988,Call_ReceiverIsAny_Baseline
code-creation,Builtin,3,2524,0x5599f97ab4c0,904,Call_ReceiverIsNullOrUndefined_WithFeedback
code-creation,Builtin,3,2539,0x5599f97ab880,904,Call_ReceiverIsNotNullOrUndefined_WithFeedback
code-creation,Builtin,3,2553,0x5599f97abc40,904,Call_ReceiverIsAny_WithFeedback
code-creation,Builtin,3,2567,0x5599f97ac000,736,CallProxy
code-creation,Builtin,3,2571,0x5599f97ac300,132,CallVarargs
code-creation,Builtin,3,2583,0x5599f97ac3c0,1352,CallWithSpread
code-creation,Builtin,3,2597,0x5599f97ac940,2372,CallWithSpread_Baseline
code-creation,Builtin,3,2611,0x5599f97ad2c0,2256,CallWithSpread_WithFeedback
code-creation,Builtin,3,2625,0x5599f97adbc0,1196,CallWithArrayLike
code-creation,Builtin,3,2639,0x5599f97ae080,2112,CallWithArrayLike_WithFeedback
code-creation,Builtin,3,2654,0x5599f97ae900,124,CallForwardVarargs
code-creation,Builtin,3,2669,0x5599f97ae980,124,CallFunctionForwardVarargs
code-creation,Builtin,3,2684,0x5599f97aea00,476,CallFunctionTemplate_Generic
code-creation,Builtin,3,2698,0x5599f97aec00,200,CallFunctionTemplate_CheckAccess
code-creation,Builtin,3,2713,0x5599f97aed00,460,CallFunctionTemplate_CheckCompatibleReceiver
code-creation,Builtin,3,2735,0x5599f97aef00,524,CallFunctionTemplate_CheckAccessAndCompatibleReceiver
code-creation,Builtin,3,2763,0x5599f97af140,28,ConstructFunction
code-creation,Builtin,3,2802,0x5599f97af180,104,ConstructBoundFunction
code-creation,Builtin,3,2808,0x5599f97af200,28,ConstructedNonConstructable
code-creation,Builtin,3,2811,0x5599f97af240,108,Construct
code-creation,Builtin,3,2823,0x5599f97af2c0,132,ConstructVarargs
code-creation,Builtin,3,2837,0x5599f97af380,1372,ConstructWithSpread
code-creation,Builtin,3,2881,0x5599f97af900,2196,ConstructWithSpread_Baseline
code-creation,Builtin,3,2896,0x5599f97b01c0,2212,ConstructWithSpread_WithFeedback
code-creation,Builtin,3,2910,0x5599f97b0a80,1332,ConstructWithArrayLike
code-creation,Builtin,3,2925,0x5599f97b0fc0,164,ConstructForwardVarargs
code-creation,Builtin,3,2940,0x5599f97b1080,80,ConstructForwardAllArgs
code-creation,Builtin,3,2954,0x5599f97b1100,752,ConstructForwardAllArgs_Baseline
code-creation,Builtin,3,2968,0x5599f97b1400,756,ConstructForwardAllArgs_WithFeedback
code-creation,Builtin,3,2983,0x5599f97b1700,164,ConstructFunctionForwardVarargs
code-creation,Builtin,3,2988,0x5599f97b17c0,756,Construct_Baseline
code-creation,Builtin,3,3003,0x5599f97b1ac0,792,Construct_WithFeedback
code-creation,Builtin,3,3018,0x5599f97b1e00,428,JSConstructStubGeneric
code-creation,Builtin,3,3033,0x5599f97b1fc0,324,JSBuiltinsConstructStub
code-creation,Builtin,3,3049,0x5599f97b2140,996,FastNewObject
code-creation,Builtin,3,3063,0x5599f97b2540,412,FastNewClosure
code-creation,Builtin,3,3078,0x5599f97b2700,772,ConstructProxy
code-creation,Builtin,3,3093,0x5599f97b2a40,240,JSEntry
code-creation,Builtin,3,3098,0x5599f97b2b40,240,JSConstructEntry
code-creation,Builtin,3,3112,0x5599f97b2c40,240,JSRunMicrotasksEntry
code-creation,Builtin,3,3127,0x5599f97b2d40,100,JSEntryTrampoline
code-creation,Builtin,3,3142,0x5599f97b2dc0,100,JSConstructEntryTrampoline
code-creation,Builtin,3,3148,0x5599f97b2e40,328,ResumeGeneratorTrampoline
code-creation,Builtin,3,3162,0x5599f97b2fc0,72,ResumeGeneratorTrampoline_WithCatch
code-creation,Builtin,3,3178,0x5599f97b3040,1212,StringFromCodePointAt
code-creation,Builtin,3,3194,0x5599f97b3500,1392,StringEqual
code-creation,Builtin,3,3208,0x5599f97b3a80,1392,WasmJSStringEqual
code-creation,Builtin,3,3222,0x5599f97b4000,648,StringGreaterThan
code-creation,Builtin,3,3237,0x5599f97b42c0,648,StringGreaterThanOrEqual
code-creation,Builtin,3,3252,0x5599f97b4580,648,StringLessThan
code-creation,Builtin,3,3267,0x5599f97b4840,648,StringLessThanOrEqual
code-creation,Builtin,3,3283,0x5599f97b4b00,652,StringCompare
code-creation,Builtin,3,3298,0x5599f97b4dc0,652,WasmStringCompare
code-creation,Builtin,3,3312,0x5599f97b5080,3892,StringSubstring
code-creation,Builtin,3,3326,0x5599f97b5fc0,112,OrderedHashTableHealIndex
code-creation,Builtin,3,3343,0x5599f97b6040,692,InterpreterEntryTrampoline
code-creation,Builtin,3,3359,0x5599f97b6300,700,InterpreterEntryTrampolineForProfiling
code-creation,Builtin,3,3375,0x5599f97b65c0,80,InterpreterForwardAllArgsThenConstruct
code-creation,Builtin,3,3391,0x5599f97b6640,76,InterpreterPushArgsThenCall
code-creation,Builtin,3,3406,0x5599f97b66c0,84,InterpreterPushUndefinedAndArgsThenCall
code-creation,Builtin,3,3422,0x5599f97b6740,84,InterpreterPushArgsThenCallWithFinalSpread
code-creation,Builtin,3,3438,0x5599f97b67c0,84,InterpreterPushArgsThenConstruct
code-creation,Builtin,3,3454,0x5599f97b6840,704,InterpreterPushArgsThenFastConstructFunction
code-creation,Builtin,3,3471,0x5599f97b6b40,84,InterpreterPushArgsThenConstructArrayFunction
code-creation,Builtin,3,3487,0x5599f97b6bc0,88,InterpreterPushArgsThenConstructWithFinalSpread
code-creation,Builtin,3,3493,0x5599f97b6c40,132,InterpreterEnterAtBytecode
code-creation,Builtin,3,3507,0x5599f97b6d00,256,InterpreterEnterAtNextBytecode
code-creation,Builtin,3,3522,0x5599f97b6e40,136,InterpreterOnStackReplacement
code-creation,Builtin,3,3537,0x5599f97b6f00,192,BaselineOutOfLinePrologue
code-creation,Builtin,3,3553,0x5599f97b7000,20,BaselineOutOfLinePrologueDeopt
code-creation,Builtin,3,3569,0x5599f97b7040,136,BaselineOnStackReplacement
code-creation,Builtin,3,3584,0x5599f97b7100,72,BaselineLeaveFrame
code-creation,Builtin,3,3599,0x5599f97b7180,260,InterpreterOnStackReplacement_ToBaseline
code-creation,Builtin,3,3624,0x5599f97b72c0,32,MaglevFunctionEntryStackCheck_WithoutNewTarget
code-creation,Builtin,3,3640,0x5599f97b7300,32,MaglevFunctionEntryStackCheck_WithNewTarget
code-creation,Builtin,3,3656,0x5599f97b7340,4,MaglevOptimizeCodeOrTailCallOptimizedCodeSlot
code-creation,Builtin,3,3672,0x5599f97b7380,992,CompileLazy
code-creation,Builtin,3,3687,0x5599f97b7780,32,NotifyDeoptimized
code-creation,Builtin,3,3692,0x5599f97b77c0,164,StartMaglevOptimizeJob
code-creation,Builtin,3,3706,0x5599f97b7880,164,OptimizeMaglevEager
code-creation,Builtin,3,3721,0x5599f97b7940,164,StartTurbofanOptimizeJob
code-creation,Builtin,3,3734,0x5599f97b7a00,164,OptimizeTurbofanEager
code-creation,Builtin,3,3748,0x5599f97b7ac0,164,FunctionLogNextExecution
code-creation,Builtin,3,3766,0x5599f97b7b80,164,MarkReoptimizeLazyDeoptimized
code-creation,Builtin,3,3780,0x5599f97b7c40,164,MarkLazyDeoptimized
code-creation,Builtin,3,3795,0x5599f97b7d00,164,MarkFlushed
code-creation,Builtin,3,3800,0x5599f97b7dc0,44,ContinueToCodeStubBuiltin
code-creation,Builtin,3,3812,0x5599f97b7e00,52,ContinueToCodeStubBuiltinWithResult
code-creation,Builtin,3,3826,0x5599f97b7e40,44,ContinueToJavaScriptBuiltin
code-creation,Builtin,3,3840,0x5599f97b7e80,52,ContinueToJavaScriptBuiltinWithResult
code-creation,Builtin,3,3871,0x5599f97b7ec0,284,CallApiCallbackGeneric
code-creation,Builtin,3,3885,0x5599f97b8000,216,CallApiCallbackOptimizedNoProfiling
code-creation,Builtin,3,3899,0x5599f97b8100,236,CallApiCallbackOptimized
code-creation,Builtin,3,3913,0x5599f97b8200,272,CallApiGetter
code-creation,Builtin,3,3918,0x5599f97b8340,280,CallNamedInterceptorGetter
code-creation,Builtin,3,3921,0x5599f97b8480,284,CallNamedInterceptorSetter
code-creation,Builtin,3,3924,0x5599f97b85c0,32,HandleApiCallOrConstruct
code-creation,Builtin,3,3927,0x5599f97b8600,12,HandleApiConstruct
code-creation,Builtin,3,3940,0x5599f97b8640,12,HandleApiCallAsFunctionDelegate
code-creation,Builtin,3,3956,0x5599f97b8680,12,HandleApiCallAsConstructorDelegate
code-creation,Builtin,3,3970,0x5599f97b86c0,52,AllocateInYoungGeneration
code-creation,Builtin,3,3994,0x5599f97b8700,52,AllocateInOldGeneration
code-creation,Builtin,3,4018,0x5599f97b8740,52,WasmAllocateInYoungGeneration
code-creation,Builtin,3,4037,0x5599f97b8780,52,WasmAllocateInOldGeneration
code-creation,Builtin,3,4055,0x5599f97b87c0,44,WasmAllocateInSharedHeap
code-creation,Builtin,3,4070,0x5599f97b8800,132,NewHeapNumber
code-creation,Builtin,3,4084,0x5599f97b88c0,684,CopyFastSmiOrObjectElements
code-creation,Builtin,3,4097,0x5599f97b8b80,756,GrowFastDoubleElements
code-creation,Builtin,3,4111,0x5599f97b8e80,560,GrowFastSmiOrObjectElements
code-creation,Builtin,3,4125,0x5599f97b90c0,292,DebugBreakTrampoline
code-creation,Builtin,3,4140,0x5599f97b9200,280,RestartFrameTrampoline
code-creation,Builtin,3,4145,0x5599f97b9340,184,ToNumber
code-creation,Builtin,3,4159,0x5599f97b9400,80,ToBigInt
code-creation,Builtin,3,4173,0x5599f97b9480,272,ToNumber_Baseline
code-creation,Builtin,3,4187,0x5599f97b95c0,336,ToNumeric_Baseline
code-creation,Builtin,3,4201,0x5599f97b9740,124,PlainPrimitiveToNumber
code-creation,Builtin,3,4215,0x5599f97b97c0,224,ToNumberConvertBigInt
code-creation,Builtin,3,4234,0x5599f97b98c0,60,ToBigIntConvertNumber
code-creation,Builtin,3,4251,0x5599f97b9900,192,Typeof
code-creation,Builtin,3,4255,0x5599f97b9a00,448,Typeof_Baseline
code-creation,Builtin,3,4268,0x5599f97b9c00,104,BigIntToI64
code-creation,Builtin,3,4283,0x5599f97b9c80,4,BigIntToI32Pair
code-creation,Builtin,3,4296,0x5599f97b9cc0,208,I64ToBigInt
code-creation,Builtin,3,4301,0x5599f97b9dc0,4,I32PairToBigInt
code-creation,Builtin,3,4313,0x5599f97b9e00,152,ToBooleanLazyDeoptContinuation
code-creation,Builtin,3,4328,0x5599f97b9ec0,344,MathCeilContinuation
code-creation,Builtin,3,4345,0x5599f97ba040,348,MathFloorContinuation
code-creation,Builtin,3,4359,0x5599f97ba1c0,396,MathRoundContinuation
code-creation,Builtin,3,4364,0x5599f97ba380,96,MathClz32Continuation
code-creation,Builtin,3,4377,0x5599f97ba400,3200,KeyedLoadIC_PolymorphicName
code-creation,Builtin,3,4401,0x5599f97bb0c0,30128,KeyedStoreIC_Megamorphic
code-creation,Builtin,3,4417,0x5599f97c2680,19072,DefineKeyedOwnIC_Megamorphic
code-creation,Builtin,3,4432,0x5599f97c7140,992,LoadGlobalIC_NoFeedback
code-creation,Builtin,3,4437,0x5599f97c7540,88,LoadIC_FunctionPrototype
code-creation,Builtin,3,4449,0x5599f97c75c0,8,LoadIC_StringLength
code-creation,Builtin,3,4454,0x5599f97c7600,16,LoadIC_StringWrapperLength
code-creation,Builtin,3,4467,0x5599f97c7640,4464,LoadIC_NoFeedback
code-creation,Builtin,3,4472,0x5599f97c87c0,32,StoreGlobalIC_Slow
code-creation,Builtin,3,4485,0x5599f97c8800,8812,StoreIC_NoFeedback
code-creation,Builtin,3,4490,0x5599f97caa80,4780,DefineNamedOwnIC_NoFeedback
code-creation,Builtin,3,4505,0x5599f97cbd40,188,KeyedLoadIC_SloppyArguments
code-creation,Builtin,3,4519,0x5599f97cbe00,68,LoadIndexedInterceptorIC
code-creation,Builtin,3,4524,0x5599f97cbe80,320,KeyedStoreIC_SloppyArguments_InBounds
code-creation,Builtin,3,4537,0x5599f97cc000,320,KeyedStoreIC_SloppyArguments_NoTransitionGrowAndHandleCOW
code-creation,Builtin,3,4553,0x5599f97cc180,320,KeyedStoreIC_SloppyArguments_NoTransitionIgnoreTypedArrayOOB
code-creation,Builtin,3,4558,0x5599f97cc300,320,KeyedStoreIC_SloppyArguments_NoTransitionHandleCOW
code-creation,Builtin,3,4571,0x5599f97cc480,18448,StoreFastElementIC_InBounds
code-creation,Builtin,3,4576,0x5599f97d0cc0,12224,StoreFastElementIC_NoTransitionGrowAndHandleCOW
code-creation,Builtin,3,4588,0x5599f97d3cc0,18304,StoreFastElementIC_NoTransitionIgnoreTypedArrayOOB
code-creation,Builtin,3,4604,0x5599f97d8480,7144,StoreFastElementIC_NoTransitionHandleCOW
code-creation,Builtin,3,4610,0x5599f97da080,9988,ElementsTransitionAndStore_InBounds
code-creation,Builtin,3,4645,0x5599f97dc7c0,22576,ElementsTransitionAndStore_NoTransitionGrowAndHandleCOW
code-creation,Builtin,3,4651,0x5599f97e2000,9988,ElementsTransitionAndStore_NoTransitionIgnoreTypedArrayOOB
code-creation,Builtin,3,4666,0x5599f97e4740,13380,ElementsTransitionAndStore_NoTransitionHandleCOW
code-creation,Builtin,3,4682,0x5599f97e7bc0,1216,KeyedHasIC_PolymorphicName
code-creation,Builtin,3,4689,0x5599f97e80c0,172,KeyedHasIC_SloppyArguments
code-creation,Builtin,3,4702,0x5599f97e8180,68,HasIndexedInterceptorIC
code-creation,Builtin,3,4708,0x5599f97e8200,200,EnqueueMicrotask
code-creation,Builtin,3,4721,0x5599f97e8300,248,GlobalQueueMicrotask
code-creation,Builtin,3,4725,0x5599f97e8400,8,RunMicrotasksTrampoline
code-creation,Builtin,3,4738,0x5599f97e8440,3568,RunMicrotasks
code-creation,Builtin,3,4744,0x5599f97e9240,3664,HasProperty
code-creation,Builtin,3,4762,0x5599f97ea0c0,1564,DeleteProperty
code-creation,Builtin,3,4777,0x5599f97ea700,2708,CopyDataProperties
code-creation,Builtin,3,4781,0x5599f97eb1c0,11500,SetDataProperties
code-creation,Builtin,3,4794,0x5599f97edec0,300,ProxyGetPropertyFastPath
code-creation,Builtin,3,4809,0x5599f97ee000,3584,CopyDataPropertiesWithExcludedPropertiesOnStack
code-creation,Builtin,3,4826,0x5599f97eee40,56,CopyDataPropertiesWithExcludedProperties
code-creation,Builtin,3,4840,0x5599f97eee80,28,Abort
code-creation,Builtin,3,4845,0x5599f97eeec0,28,AbortCSADcheck
code-creation,Builtin,3,4999,0x5599f97eef00,12,EmptyFunction
code-creation,Builtin,3,5005,0x5599f97eef40,12,EmptyFunction1
code-creation,Builtin,3,5007,0x5599f97eef80,12,Illegal
code-creation,Builtin,3,5009,0x5599f97eefc0,12,IllegalInvocationThrower
code-creation,Builtin,3,5012,0x5599f97ef000,12,StrictPoisonPillThrower
code-creation,Builtin,3,5015,0x5599f97ef040,12,UnsupportedThrower
code-creation,Builtin,3,5017,0x5599f97ef080,64,ReturnReceiver
code-creation,Builtin,3,5019,0x5599f97ef100,12,AbstractModuleSourceToStringTag
code-creation,Builtin,3,5022,0x5599f97ef140,20,ArrayConstructor
code-creation,Builtin,3,5026,0x5599f97ef180,360,ArrayConstructorImpl
code-creation,Builtin,3,5039,0x5599f97ef300,192,ArrayNoArgumentConstructor_PackedSmi_DontOverride
code-creation,Builtin,3,5055,0x5599f97ef400,192,ArrayNoArgumentConstructor_HoleySmi_DontOverride
code-creation,Builtin,3,5071,0x5599f97ef500,160,ArrayNoArgumentConstructor_PackedSmi_DisableAllocationSites
code-creation,Builtin,3,5107,0x5599f97ef5c0,160,ArrayNoArgumentConstructor_HoleySmi_DisableAllocationSites
code-creation,Builtin,3,5135,0x5599f97ef680,160,ArrayNoArgumentConstructor_Packed_DisableAllocationSites
code-creation,Builtin,3,5154,0x5599f97ef740,160,ArrayNoArgumentConstructor_Holey_DisableAllocationSites
code-creation,Builtin,3,5170,0x5599f97ef800,156,ArrayNoArgumentConstructor_PackedDouble_DisableAllocationSites
code-creation,Builtin,3,5187,0x5599f97ef8c0,156,ArrayNoArgumentConstructor_HoleyDouble_DisableAllocationSites
code-creation,Builtin,3,5194,0x5599f97ef980,888,ArraySingleArgumentConstructor_PackedSmi_DontOverride
code-creation,Builtin,3,5209,0x5599f97efd00,848,ArraySingleArgumentConstructor_HoleySmi_DontOverride
code-creation,Builtin,3,5226,0x5599f97f0080,848,ArraySingleArgumentConstructor_PackedSmi_DisableAllocationSites
code-creation,Builtin,3,5243,0x5599f97f0400,744,ArraySingleArgumentConstructor_HoleySmi_DisableAllocationSites
code-creation,Builtin,3,5259,0x5599f97f0700,848,ArraySingleArgumentConstructor_Packed_DisableAllocationSites
code-creation,Builtin,3,5275,0x5599f97f0a80,744,ArraySingleArgumentConstructor_Holey_DisableAllocationSites
code-creation,Builtin,3,5281,0x5599f97f0d80,868,ArraySingleArgumentConstructor_PackedDouble_DisableAllocationSites
code-creation,Builtin,3,5299,0x5599f97f1100,828,ArraySingleArgumentConstructor_HoleyDouble_DisableAllocationSites
code-creation,Builtin,3,5314,0x5599f97f1440,48,ArrayNArgumentsConstructor
code-creation,Builtin,3,5329,0x5599f97f1480,12,ArrayConcat
code-creation,Builtin,3,5343,0x5599f97f14c0,12,ArrayPrototypeFill
code-creation,Builtin,3,5358,0x5599f97f1500,2380,ArrayIncludesSmi
code-creation,Builtin,3,5373,0x5599f97f1e80,2252,ArrayIncludesSmiOrObject
code-creation,Builtin,3,5388,0x5599f97f2780,356,ArrayIncludesPackedDoubles
code-creation,Builtin,3,5404,0x5599f97f2900,428,ArrayIncludesHoleyDoubles
code-creation,Builtin,3,5419,0x5599f97f2ac0,636,ArrayIncludes
code-creation,Builtin,3,5435,0x5599f97f2d40,2168,ArrayIndexOfSmi
code-creation,Builtin,3,5439,0x5599f97f35c0,2044,ArrayIndexOfSmiOrObject
code-creation,Builtin,3,5452,0x5599f97f3dc0,232,ArrayIndexOfPackedDoubles
code-creation,Builtin,3,5467,0x5599f97f3ec0,364,ArrayIndexOfHoleyDoubles
code-creation,Builtin,3,5482,0x5599f97f4040,640,ArrayIndexOf
code-creation,Builtin,3,5497,0x5599f97f4300,12,ArrayPop
code-creation,Builtin,3,5511,0x5599f97f4340,616,ArrayPrototypePop
code-creation,Builtin,3,5525,0x5599f97f45c0,12,ArrayPush
code-creation,Builtin,3,5540,0x5599f97f4600,4152,ArrayPrototypePush
code-creation,Builtin,3,5555,0x5599f97f5640,12,ArrayShift
code-creation,Builtin,3,5570,0x5599f97f5680,12,ArrayUnshift
code-creation,Builtin,3,5584,0x5599f97f56c0,1336,CloneFastJSArray
code-creation,Builtin,3,5598,0x5599f97f5c00,3224,CloneFastJSArrayFillingHoles
code-creation,Builtin,3,5614,0x5599f97f68c0,1392,ExtractFastJSArray
code-creation,Builtin,3,5628,0x5599f97f6e40,132,CreateArrayFromSlowBoilerplate
code-creation,Builtin,3,5643,0x5599f97f6f00,132,CreateObjectFromSlowBoilerplate
code-creation,Builtin,3,5659,0x5599f97f6fc0,2412,CreateArrayFromSlowBoilerplateHelper
code-creation,Builtin,3,5675,0x5599f97f7940,3552,CreateObjectFromSlowBoilerplateHelper
code-creation,Builtin,3,5691,0x5599f97f8740,240,ArrayPrototypeEntries
code-creation,Builtin,3,5707,0x5599f97f8840,240,ArrayPrototypeKeys
code-creation,Builtin,3,5722,0x5599f97f8940,240,ArrayPrototypeValues
code-creation,Builtin,3,5737,0x5599f97f8a40,4680,ArrayIteratorPrototypeNext
code-creation,Builtin,3,5752,0x5599f97f9cc0,12,ArrayBufferConstructor
code-creation,Builtin,3,5772,0x5599f97f9d00,12,ArrayBufferConstructor_DoNotInitialize
code-creation,Builtin,3,5789,0x5599f97f9d40,12,ArrayBufferPrototypeSlice
code-creation,Builtin,3,5804,0x5599f97f9d80,12,ArrayBufferPrototypeResize
code-creation,Builtin,3,5821,0x5599f97f9dc0,12,ArrayBufferPrototypeTransfer
code-creation,Builtin,3,5837,0x5599f97f9e00,12,ArrayBufferPrototypeTransferToFixedLength
code-creation,Builtin,3,5874,0x5599f97f9e40,12,ArrayBufferPrototypeTransferToImmutable
code-creation,Builtin,3,5900,0x5599f97f9e80,12,ArrayBufferPrototypeSliceToImmutable
code-creation,Builtin,3,6112,0x5599f97f9ec0,952,AsyncFunctionEnter
code-creation,Builtin,3,6121,0x5599f97fa280,40,AsyncFunctionReject
code-creation,Builtin,3,6123,0x5599f97fa2c0,36,AsyncFunctionResolve
code-creation,Builtin,3,6124,0x5599f97fa300,12,AsyncFunctionLazyDeoptContinuation
code-creation,Builtin,3,6127,0x5599f97fa340,2036,AsyncFunctionAwait
code-creation,Builtin,3,6129,0x5599f97fab40,104,AsyncFunctionAwaitRejectClosure
code-creation,Builtin,3,6131,0x5599f97fabc0,104,AsyncFunctionAwaitResolveClosure
code-creation,Builtin,3,6133,0x5599f97fac40,12,BigIntConstructor
code-creation,Builtin,3,6135,0x5599f97fac80,12,BigIntAsUintN
code-creation,Builtin,3,6136,0x5599f97facc0,12,BigIntAsIntN
code-creation,Builtin,3,6138,0x5599f97fad00,12,BigIntPrototypeToLocaleString
code-creation,Builtin,3,6141,0x5599f97fad40,12,BigIntPrototypeToString
code-creation,Builtin,3,6151,0x5599f97fad80,12,BigIntPrototypeValueOf
code-creation,Builtin,3,6155,0x5599f97fadc0,12,CallSitePrototypeGetColumnNumber
code-creation,Builtin,3,6158,0x5599f97fae00,12,CallSitePrototypeGetEnclosingColumnNumber
code-creation,Builtin,3,6172,0x5599f97fae40,12,CallSitePrototypeGetEnclosingLineNumber
code-creation,Builtin,3,6178,0x5599f97fae80,12,CallSitePrototypeGetEvalOrigin
code-creation,Builtin,3,6189,0x5599f97faec0,12,CallSitePrototypeGetFileName
code-creation,Builtin,3,6193,0x5599f97faf00,12,CallSitePrototypeGetFunction
code-creation,Builtin,3,6209,0x5599f97faf40,12,CallSitePrototypeGetFunctionName
code-creation,Builtin,3,6227,0x5599f97faf80,12,CallSitePrototypeGetLineNumber
code-creation,Builtin,3,6231,0x5599f97fafc0,12,CallSitePrototypeGetMethodName
code-creation,Builtin,3,6246,0x5599f97fb000,12,CallSitePrototypeGetPosition
code-creation,Builtin,3,6250,0x5599f97fb040,12,CallSitePrototypeGetPromiseIndex
code-creation,Builtin,3,6261,0x5599f97fb080,12,CallSitePrototypeGetScriptHash
code-creation,Builtin,3,6266,0x5599f97fb0c0,12,CallSitePrototypeGetScriptNameOrSourceURL
code-creation,Builtin,3,6277,0x5599f97fb100,12,CallSitePrototypeGetThis
code-creation,Builtin,3,6282,0x5599f97fb140,12,CallSitePrototypeGetTypeName
code-creation,Builtin,3,6293,0x5599f97fb180,12,CallSitePrototypeIsAsync
code-creation,Builtin,3,6298,0x5599f97fb1c0,12,CallSitePrototypeIsConstructor
code-creation,Builtin,3,6309,0x5599f97fb200,12,CallSitePrototypeIsEval
code-creation,Builtin,3,6313,0x5599f97fb240,12,CallSitePrototypeIsNative
code-creation,Builtin,3,6323,0x5599f97fb280,12,CallSitePrototypeIsPromiseAll
code-creation,Builtin,3,6328,0x5599f97fb2c0,12,CallSitePrototypeIsToplevel
code-creation,Builtin,3,6338,0x5599f97fb300,12,CallSitePrototypeToString
code-creation,Builtin,3,6343,0x5599f97fb340,12,ConsoleDebug
code-creation,Builtin,3,6353,0x5599f97fb380,12,ConsoleError
code-creation,Builtin,3,6358,0x5599f97fb3c0,12,ConsoleInfo
code-creation,Builtin,3,6368,0x5599f97fb400,12,ConsoleLog
code-creation,Builtin,3,6372,0x5599f97fb440,12,ConsoleWarn
code-creation,Builtin,3,6385,0x5599f97fb480,12,ConsoleDir
code-creation,Builtin,3,6390,0x5599f97fb4c0,12,ConsoleDirXml
code-creation,Builtin,3,6400,0x5599f97fb500,12,ConsoleTable
code-creation,Builtin,3,6405,0x5599f97fb540,12,ConsoleTrace
code-creation,Builtin,3,6414,0x5599f97fb580,12,ConsoleGroup
code-creation,Builtin,3,6419,0x5599f97fb5c0,12,ConsoleGroupCollapsed
code-creation,Builtin,3,6429,0x5599f97fb600,12,ConsoleGroupEnd
code-creation,Builtin,3,6434,0x5599f97fb640,12,ConsoleClear
code-creation,Builtin,3,6444,0x5599f97fb680,12,ConsoleCount
code-creation,Builtin,3,6448,0x5599f97fb6c0,12,ConsoleCountReset
code-creation,Builtin,3,6458,0x5599f97fb700,12,ConsoleAssert
code-creation,Builtin,3,6463,0x5599f97fb740,12,ConsoleProfile
code-creation,Builtin,3,6473,0x5599f97fb780,12,ConsoleProfileEnd
code-creation,Builtin,3,6477,0x5599f97fb7c0,12,ConsoleTime
code-creation,Builtin,3,6487,0x5599f97fb800,12,ConsoleTimeLog
code-creation,Builtin,3,6491,0x5599f97fb840,12,ConsoleTimeEnd
code-creation,Builtin,3,6501,0x5599f97fb880,12,ConsoleTimeStamp
code-creation,Builtin,3,6506,0x5599f97fb8c0,12,ConsoleContext
code-creation,Builtin,3,6524,0x5599f97fb900,12,DataViewConstructor
code-creation,Builtin,3,6529,0x5599f97fb940,12,DateConstructor
code-creation,Builtin,3,6531,0x5599f97fb980,216,DatePrototypeGetDate
code-creation,Builtin,3,6541,0x5599f97fba80,216,DatePrototypeGetDay
code-creation,Builtin,3,6546,0x5599f97fbb80,212,DatePrototypeGetFullYear
code-creation,Builtin,3,6557,0x5599f97fbc80,216,DatePrototypeGetHours
code-creation,Builtin,3,6561,0x5599f97fbd80,204,DatePrototypeGetMilliseconds
code-creation,Builtin,3,6572,0x5599f97fbe80,216,DatePrototypeGetMinutes
code-creation,Builtin,3,6576,0x5599f97fbf80,216,DatePrototypeGetMonth
code-creation,Builtin,3,6587,0x5599f97fc080,216,DatePrototypeGetSeconds
code-creation,Builtin,3,6591,0x5599f97fc180,256,DatePrototypeGetTime
code-creation,Builtin,3,6601,0x5599f97fc2c0,204,DatePrototypeGetTimezoneOffset
code-creation,Builtin,3,6605,0x5599f97fc3c0,204,DatePrototypeGetUTCDate
code-creation,Builtin,3,6616,0x5599f97fc4c0,204,DatePrototypeGetUTCDay
code-creation,Builtin,3,6620,0x5599f97fc5c0,204,DatePrototypeGetUTCFullYear
code-creation,Builtin,3,6630,0x5599f97fc6c0,204,DatePrototypeGetUTCHours
code-creation,Builtin,3,6635,0x5599f97fc7c0,204,DatePrototypeGetUTCMilliseconds
code-creation,Builtin,3,6645,0x5599f97fc8c0,204,DatePrototypeGetUTCMinutes
code-creation,Builtin,3,6649,0x5599f97fc9c0,204,DatePrototypeGetUTCMonth
code-creation,Builtin,3,6653,0x5599f97fcac0,204,DatePrototypeGetUTCSeconds
code-creation,Builtin,3,6662,0x5599f97fcbc0,256,DatePrototypeValueOf
code-creation,Builtin,3,6667,0x5599f97fcd00,440,DatePrototypeToPrimitive
code-creation,Builtin,3,6682,0x5599f97fcec0,12,DatePrototypeGetYear
code-creation,Builtin,3,6694,0x5599f97fcf00,12,DatePrototypeSetYear
code-creation,Builtin,3,6699,0x5599f97fcf40,12,DateNow
code-creation,Builtin,3,6708,0x5599f97fcf80,12,DateParse
code-creation,Builtin,3,6712,0x5599f97fcfc0,12,DatePrototypeSetDate
code-creation,Builtin,3,6722,0x5599f97fd000,12,DatePrototypeSetFullYear
code-creation,Builtin,3,6727,0x5599f97fd040,12,DatePrototypeSetHours
code-creation,Builtin,3,6737,0x5599f97fd080,12,DatePrototypeSetMilliseconds
code-creation,Builtin,3,6750,0x5599f97fd0c0,12,DatePrototypeSetMinutes
code-creation,Builtin,3,6754,0x5599f97fd100,12,DatePrototypeSetMonth
code-creation,Builtin,3,6764,0x5599f97fd140,12,DatePrototypeSetSeconds
code-creation,Builtin,3,6768,0x5599f97fd180,12,DatePrototypeSetTime
code-creation,Builtin,3,6778,0x5599f97fd1c0,12,DatePrototypeSetUTCDate
code-creation,Builtin,3,6782,0x5599f97fd200,12,DatePrototypeSetUTCFullYear
code-creation,Builtin,3,6793,0x5599f97fd240,12,DatePrototypeSetUTCHours
code-creation,Builtin,3,6797,0x5599f97fd280,12,DatePrototypeSetUTCMilliseconds
code-creation,Builtin,3,6807,0x5599f97fd2c0,12,DatePrototypeSetUTCMinutes
code-creation,Builtin,3,6812,0x5599f97fd300,12,DatePrototypeSetUTCMonth
code-creation,Builtin,3,6822,0x5599f97fd340,12,DatePrototypeSetUTCSeconds
code-creation,Builtin,3,6827,0x5599f97fd380,12,DatePrototypeToDateString
code-creation,Builtin,3,6837,0x5599f97fd3c0,12,DatePrototypeToISOString
code-creation,Builtin,3,6842,0x5599f97fd400,12,DatePrototypeToUTCString
code-creation,Builtin,3,6884,0x5599f97fd440,12,DatePrototypeToString
code-creation,Builtin,3,6896,0x5599f97fd480,12,DatePrototypeToTimeString
code-creation,Builtin,3,6900,0x5599f97fd4c0,12,DatePrototypeToJson
code-creation,Builtin,3,6910,0x5599f97fd500,12,DateUTC
code-creation,Builtin,3,6915,0x5599f97fd540,12,DisposableStackConstructor
code-creation,Builtin,3,6925,0x5599f97fd580,12,DisposableStackPrototypeUse
code-creation,Builtin,3,6930,0x5599f97fd5c0,12,DisposableStackPrototypeDispose
code-creation,Builtin,3,6940,0x5599f97fd600,12,DisposableStackPrototypeGetDisposed
code-creation,Builtin,3,6945,0x5599f97fd640,12,DisposableStackPrototypeAdopt
code-creation,Builtin,3,6956,0x5599f97fd680,12,DisposableStackPrototypeDefer
code-creation,Builtin,3,6960,0x5599f97fd6c0,12,DisposableStackPrototypeMove
code-creation,Builtin,3,6970,0x5599f97fd700,12,AsyncDisposableStackOnFulfilled
code-creation,Builtin,3,6974,0x5599f97fd740,12,AsyncDisposableStackOnRejected
code-creation,Builtin,3,6988,0x5599f97fd780,12,AsyncDisposeFromSyncDispose
code-creation,Builtin,3,6992,0x5599f97fd7c0,12,AsyncDisposableStackConstructor
code-creation,Builtin,3,7002,0x5599f97fd800,12,AsyncDisposableStackPrototypeUse
code-creation,Builtin,3,7006,0x5599f97fd840,12,AsyncDisposableStackPrototypeDisposeAsync
code-creation,Builtin,3,7017,0x5599f97fd880,12,AsyncDisposableStackPrototypeGetDisposed
code-creation,Builtin,3,7022,0x5599f97fd8c0,12,AsyncDisposableStackPrototypeAdopt
code-creation,Builtin,3,7032,0x5599f97fd900,12,AsyncDisposableStackPrototypeDefer
code-creation,Builtin,3,7036,0x5599f97fd940,12,AsyncDisposableStackPrototypeMove
code-creation,Builtin,3,7047,0x5599f97fd980,12,ErrorConstructor
code-creation,Builtin,3,7051,0x5599f97fd9c0,12,ErrorCaptureStackTrace
code-creation,Builtin,3,7061,0x5599f97fda00,12,ErrorPrototypeToString
code-creation,Builtin,3,7065,0x5599f97fda40,12,ErrorIsError
code-creation,Builtin,3,7075,0x5599f97fda80,12,FunctionConstructor
code-creation,Builtin,3,7080,0x5599f97fdac0,248,FunctionPrototypeApply
code-creation,Builtin,3,7090,0x5599f97fdbc0,12,FunctionPrototypeBind
code-creation,Builtin,3,7094,0x5599f97fdc00,260,WasmConstructorWrapper
code-creation,Builtin,3,7105,0x5599f97fdd40,112,WasmMethodWrapper
code-creation,Builtin,3,7109,0x5599f97fddc0,216,FunctionPrototypeCall
code-creation,Builtin,3,7119,0x5599f97fdec0,12,FunctionPrototypeToString
code-creation,Builtin,3,7123,0x5599f97fdf00,12,FunctionPrototypeLegacyArgumentsGetter
code-creation,Builtin,3,7134,0x5599f97fdf40,12,FunctionPrototypeLegacyArgumentsSetter
code-creation,Builtin,3,7138,0x5599f97fdf80,12,FunctionPrototypeLegacyCallerGetter
code-creation,Builtin,3,7149,0x5599f97fdfc0,12,FunctionPrototypeLegacyCallerSetter
code-creation,Builtin,3,7153,0x5599f97fe000,340,CreateIterResultObject
code-creation,Builtin,3,7157,0x5599f97fe180,1328,CreateGeneratorObject
code-creation,Builtin,3,7167,0x5599f97fe6c0,12,GeneratorFunctionConstructor
code-creation,Builtin,3,7172,0x5599f97fe700,356,GeneratorPrototypeNext
code-creation,Builtin,3,7182,0x5599f97fe880,352,GeneratorPrototypeReturn
code-creation,Builtin,3,7186,0x5599f97fea00,360,GeneratorPrototypeThrow
code-creation,Builtin,3,7196,0x5599f97feb80,12,AsyncFunctionConstructor
code-creation,Builtin,3,7200,0x5599f97febc0,464,SuspendGeneratorBaseline
code-creation,Builtin,3,7213,0x5599f97fedc0,116,ResumeGeneratorBaseline
code-creation,Builtin,3,7232,0x5599f97fee40,36,GetIteratorWithFeedbackLazyDeoptContinuation
code-creation,Builtin,3,7253,0x5599f97fee80,76,CallIteratorWithFeedbackLazyDeoptContinuation
code-creation,Builtin,3,7259,0x5599f97fef00,340,ForOfNextResultDeoptContinuation
code-creation,Builtin,3,7263,0x5599f97ff080,268,ForOfNextLoadDoneLazyDeoptContinuation
code-creation,Builtin,3,7274,0x5599f97ff1c0,32,ForOfNextLoadValueEagerDeoptContinuation
code-creation,Builtin,3,7280,0x5599f97ff200,12,ForOfNextLoadValueLazyDeoptContinuation
code-creation,Builtin,3,7298,0x5599f97ff240,12,GlobalDecodeURI
code-creation,Builtin,3,7314,0x5599f97ff280,12,GlobalDecodeURIComponent
code-creation,Builtin,3,7319,0x5599f97ff2c0,12,GlobalEncodeURI
code-creation,Builtin,3,7328,0x5599f97ff300,12,GlobalEncodeURIComponent
code-creation,Builtin,3,7333,0x5599f97ff340,12,GlobalEscape
code-creation,Builtin,3,7343,0x5599f97ff380,12,GlobalUnescape
code-creation,Builtin,3,7347,0x5599f97ff3c0,12,GlobalEval
code-creation,Builtin,3,7358,0x5599f97ff400,176,GlobalIsFinite
code-creation,Builtin,3,7363,0x5599f97ff4c0,168,GlobalIsNaN
code-creation,Builtin,3,7373,0x5599f97ff580,12,JsonParse
code-creation,Builtin,3,7377,0x5599f97ff5c0,12,JsonStringify
code-creation,Builtin,3,7387,0x5599f97ff600,12,JsonRawJson
code-creation,Builtin,3,7391,0x5599f97ff640,12,JsonIsRawJson
code-creation,Builtin,3,7401,0x5599f97ff680,4420,LoadIC
code-creation,Builtin,3,7406,0x5599f9800800,3436,LoadIC_Megamorphic
code-creation,Builtin,3,7415,0x5599f9801580,4028,LoadIC_Noninlined
code-creation,Builtin,3,7420,0x5599f9802540,44,LoadICTrampoline
code-creation,Builtin,3,7431,0x5599f9802580,88,LoadICUninitializedBaseline
code-creation,Builtin,3,7446,0x5599f9802600,120,LoadICInObjectNonDoubleFieldBaseline
code-creation,Builtin,3,7450,0x5599f9802680,96,LoadICInObjectNonDoubleField0Baseline
code-creation,Builtin,3,7453,0x5599f9802700,96,LoadICInObjectNonDoubleField1Baseline
code-creation,Builtin,3,7455,0x5599f9802780,96,LoadICInObjectNonDoubleField2Baseline
code-creation,Builtin,3,7465,0x5599f9802800,96,LoadICInObjectNonDoubleField3Baseline
code-creation,Builtin,3,7469,0x5599f9802880,96,LoadICInObjectNonDoubleField4Baseline
code-creation,Builtin,3,7480,0x5599f9802900,96,LoadICInObjectNonDoubleField5Baseline
code-creation,Builtin,3,7485,0x5599f9802980,96,LoadICInObjectNonDoubleField6Baseline
code-creation,Builtin,3,7496,0x5599f9802a00,96,LoadICInObjectNonDoubleField7Baseline
code-creation,Builtin,3,7500,0x5599f9802a80,124,LoadICOutOfObjectNonDoubleFieldBaseline
code-creation,Builtin,3,7511,0x5599f9802b00,100,LoadICOutOfObjectNonDoubleField0Baseline
code-creation,Builtin,3,7515,0x5599f9802b80,100,LoadICOutOfObjectNonDoubleField1Baseline
code-creation,Builtin,3,7526,0x5599f9802c00,100,LoadICOutOfObjectNonDoubleField2Baseline
code-creation,Builtin,3,7531,0x5599f9802c80,100,LoadICOutOfObjectNonDoubleField3Baseline
code-creation,Builtin,3,7542,0x5599f9802d00,260,LoadICDoubleFieldBaseline
code-creation,Builtin,3,7546,0x5599f9802e40,164,LoadICConstantFromPrototypeBaseline
code-creation,Builtin,3,7557,0x5599f9802f00,196,LoadICConstantFromStringPrototypeBaseline
code-creation,Builtin,3,7561,0x5599f9803000,108,LoadICStringLengthBaseline
code-creation,Builtin,3,7571,0x5599f9803080,4460,LoadICGenericBaseline
code-creation,Builtin,3,7576,0x5599f9804200,44,LoadICTrampoline_Megamorphic
code-creation,Builtin,3,7586,0x5599f9804240,9844,LoadSuperIC
code-creation,Builtin,3,7591,0x5599f98068c0,20,LoadSuperICBaseline
code-creation,Builtin,3,7601,0x5599f9806900,8580,KeyedLoadIC
code-creation,Builtin,3,7605,0x5599f9808ac0,9036,EnumeratedKeyedLoadIC
code-creation,Builtin,3,7616,0x5599f980ae40,16796,KeyedLoadIC_Megamorphic
code-creation,Builtin,3,7621,0x5599f980f000,44,KeyedLoadICTrampoline
code-creation,Builtin,3,7631,0x5599f980f040,20,KeyedLoadICBaseline
code-creation,Builtin,3,7635,0x5599f980f080,28,EnumeratedKeyedLoadICBaseline
code-creation,Builtin,3,7645,0x5599f980f0c0,44,KeyedLoadICTrampoline_Megamorphic
code-creation,Builtin,3,7650,0x5599f980f100,9152,StoreGlobalIC
code-creation,Builtin,3,7652,0x5599f9811500,44,StoreGlobalICTrampoline
code-creation,Builtin,3,7662,0x5599f9811540,20,StoreGlobalICBaseline
code-creation,Builtin,3,7667,0x5599f9811580,7088,StoreIC
code-creation,Builtin,3,7677,0x5599f9813140,6944,StoreIC_Megamorphic
code-creation,Builtin,3,7681,0x5599f9814c80,48,StoreICTrampoline
code-creation,Builtin,3,7692,0x5599f9814cc0,48,StoreICTrampoline_Megamorphic
code-creation,Builtin,3,7696,0x5599f9814d00,20,StoreICBaseline
code-creation,Builtin,3,7706,0x5599f9814d40,6972,DefineNamedOwnIC
code-creation,Builtin,3,7711,0x5599f9816880,48,DefineNamedOwnICTrampoline
code-creation,Builtin,3,7721,0x5599f98168c0,20,DefineNamedOwnICBaseline
code-creation,Builtin,3,7726,0x5599f9816900,15748,KeyedStoreIC
code-creation,Builtin,3,7736,0x5599f981a6c0,48,KeyedStoreICTrampoline
code-creation,Builtin,3,7749,0x5599f981a700,48,KeyedStoreICTrampoline_Megamorphic
code-creation,Builtin,3,7762,0x5599f981a740,20,KeyedStoreICBaseline
code-creation,Builtin,3,7767,0x5599f981a780,15076,DefineKeyedOwnIC
code-creation,Builtin,3,7777,0x5599f981e280,52,DefineKeyedOwnICTrampoline
code-creation,Builtin,3,7781,0x5599f981e2c0,28,DefineKeyedOwnICBaseline
code-creation,Builtin,3,7792,0x5599f981e300,484,StoreInArrayLiteralIC
code-creation,Builtin,3,7796,0x5599f981e500,20,StoreInArrayLiteralICBaseline
code-creation,Builtin,3,7807,0x5599f981e540,180,LookupContextNoCellTrampoline
code-creation,Builtin,3,7811,0x5599f981e600,428,LookupContextTrampoline
code-creation,Builtin,3,7821,0x5599f981e7c0,180,LookupContextNoCellBaseline
code-creation,Builtin,3,7826,0x5599f981e880,428,LookupScriptContextBaseline
code-creation,Builtin,3,7836,0x5599f981ea40,180,LookupContextNoCellInsideTypeofTrampoline
code-creation,Builtin,3,7840,0x5599f981eb00,428,LookupContextInsideTypeofTrampoline
code-creation,Builtin,3,7867,0x5599f981ecc0,180,LookupContextNoCellInsideTypeofBaseline
code-creation,Builtin,3,7871,0x5599f981ed80,428,LookupContextInsideTypeofBaseline
code-creation,Builtin,3,7882,0x5599f981ef40,2672,LoadGlobalIC
code-creation,Builtin,3,7886,0x5599f981f9c0,2608,LoadGlobalICInsideTypeof
code-creation,Builtin,3,7896,0x5599f9820400,44,LoadGlobalICTrampoline
code-creation,Builtin,3,7901,0x5599f9820440,20,LoadGlobalICBaseline
code-creation,Builtin,3,7911,0x5599f9820480,44,LoadGlobalICInsideTypeofTrampoline
code-creation,Builtin,3,7916,0x5599f98204c0,20,LoadGlobalICInsideTypeofBaseline
code-creation,Builtin,3,7919,0x5599f9820500,172,LookupGlobalIC
code-creation,Builtin,3,7920,0x5599f98205c0,204,LookupGlobalICTrampoline
code-creation,Builtin,3,7922,0x5599f98206c0,172,LookupGlobalICBaseline
code-creation,Builtin,3,7924,0x5599f9820780,172,LookupGlobalICInsideTypeof
code-creation,Builtin,3,7926,0x5599f9820840,204,LookupGlobalICInsideTypeofTrampoline
code-creation,Builtin,3,7936,0x5599f9820940,172,LookupGlobalICInsideTypeofBaseline
code-creation,Builtin,3,7940,0x5599f9820a00,3820,CloneObjectIC
code-creation,Builtin,3,7950,0x5599f9821900,20,CloneObjectICBaseline
code-creation,Builtin,3,7954,0x5599f9821940,3008,CloneObjectIC_Slow
code-creation,Builtin,3,7964,0x5599f9822540,3540,KeyedHasIC
code-creation,Builtin,3,7969,0x5599f9823340,20,KeyedHasICBaseline
code-creation,Builtin,3,7980,0x5599f9823380,3672,KeyedHasIC_Megamorphic
code-creation,Builtin,3,7984,0x5599f9824200,2468,AddLhsIsStringConstantInternalizeWithVector
code-creation,Builtin,3,7995,0x5599f9824bc0,2660,AddLhsIsStringConstantInternalizeTrampoline
code-creation,Builtin,3,8000,0x5599f9825640,2468,AddRhsIsStringConstantInternalizeWithVector
code-creation,Builtin,3,8011,0x5599f9826000,2660,AddRhsIsStringConstantInternalizeTrampoline
code-creation,Builtin,3,8015,0x5599f9826a80,2104,IterableToList
code-creation,Builtin,3,8025,0x5599f98272c0,1820,IterableToFixedArray
code-creation,Builtin,3,8030,0x5599f9827a00,808,IterableToListWithSymbolLookup
code-creation,Builtin,3,8041,0x5599f9827d40,56,IterableToFixedArrayWithSymbolLookupSlow
code-creation,Builtin,3,8045,0x5599f9827d80,108,IterableToListMayPreserveHoles
code-creation,Builtin,3,8055,0x5599f9827e00,108,IterableToListConvertHoles
code-creation,Builtin,3,8060,0x5599f9827e80,1392,IterableToFixedArrayForWasm
code-creation,Builtin,3,8071,0x5599f9828400,1920,StringListFromIterable
code-creation,Builtin,3,8075,0x5599f9828bc0,1464,FindOrderedHashMapEntry
code-creation,Builtin,3,8085,0x5599f9829180,5012,MapConstructor
code-creation,Builtin,3,8089,0x5599f982a540,2072,MapPrototypeSet
code-creation,Builtin,3,8099,0x5599f982ad80,1684,MapPrototypeDelete
code-creation,Builtin,3,8103,0x5599f982b440,200,MapPrototypeGet
code-creation,Builtin,3,8114,0x5599f982b540,164,MapPrototypeHas
code-creation,Builtin,3,8118,0x5599f982b600,12,MapPrototypeClear
code-creation,Builtin,3,8129,0x5599f982b640,2004,MapPrototypeGetOrInsert
code-creation,Builtin,3,8133,0x5599f982be40,2328,MapPrototypeGetOrInsertComputed
code-creation,Builtin,3,8143,0x5599f982c780,276,MapPrototypeEntries
code-creation,Builtin,3,8147,0x5599f982c8c0,144,MapPrototypeGetSize
code-creation,Builtin,3,8149,0x5599f982c980,560,MapPrototypeForEach
code-creation,Builtin,3,8150,0x5599f982cbc0,276,MapPrototypeKeys
code-creation,Builtin,3,8152,0x5599f982cd00,276,MapPrototypeValues
code-creation,Builtin,3,8162,0x5599f982ce40,888,MapIteratorPrototypeNext
code-creation,Builtin,3,8166,0x5599f982d1c0,1360,MapIteratorToList
code-creation,Builtin,3,8178,0x5599f982d740,12,NumberPrototypeToExponential
code-creation,Builtin,3,8182,0x5599f982d780,12,NumberPrototypeToFixed
code-creation,Builtin,3,8192,0x5599f982d7c0,12,NumberPrototypeToLocaleString
code-creation,Builtin,3,8196,0x5599f982d800,12,NumberPrototypeToPrecision
code-creation,Builtin,3,8207,0x5599f982d840,12,MathSumPrecise
code-creation,Builtin,3,8211,0x5599f982d880,376,SameValue
code-creation,Builtin,3,8221,0x5599f982da00,208,SameValueNumbersOnly
code-creation,Builtin,3,8225,0x5599f982db00,1976,Add_Generic_Baseline
code-creation,Builtin,3,8243,0x5599f982e2c0,12,Add_None_Baseline
code-creation,Builtin,3,8254,0x5599f982e300,40,Add_SignedSmall_Baseline
code-creation,Builtin,3,8258,0x5599f982e340,232,Add_Number_Baseline
code-creation,Builtin,3,8268,0x5599f982e440,64,Add_String_Baseline
code-creation,Builtin,3,8272,0x5599f982e4c0,1972,AddAndTryPatchCode
code-creation,Builtin,3,8283,0x5599f982ec80,1352,Subtract_Generic_Baseline
code-creation,Builtin,3,8287,0x5599f982f200,12,Subtract_None_Baseline
code-creation,Builtin,3,8297,0x5599f982f240,40,Subtract_SignedSmall_Baseline
code-creation,Builtin,3,8301,0x5599f982f280,232,Subtract_Number_Baseline
code-creation,Builtin,3,8312,0x5599f982f380,1556,SubtractAndTryPatchCode
code-creation,Builtin,3,8316,0x5599f982f9c0,1560,Multiply_Generic_Baseline
code-creation,Builtin,3,8327,0x5599f9830000,12,Multiply_None_Baseline
code-creation,Builtin,3,8331,0x5599f9830040,348,Multiply_SignedSmall_Baseline
code-creation,Builtin,3,8341,0x5599f98301c0,264,Multiply_Number_Baseline
code-creation,Builtin,3,8346,0x5599f9830300,1736,MultiplyAndTryPatchCode
code-creation,Builtin,3,8348,0x5599f9830a00,1544,Divide_Generic_Baseline
code-creation,Builtin,3,8352,0x5599f9831040,12,Divide_None_Baseline
code-creation,Builtin,3,8361,0x5599f9831080,404,Divide_SignedSmall_Baseline
code-creation,Builtin,3,8367,0x5599f9831240,308,Divide_Number_Baseline
code-creation,Builtin,3,8377,0x5599f9831380,1744,DivideAndTryPatchCode
code-creation,Builtin,3,8382,0x5599f9831a80,1584,Modulus_Generic_Baseline
code-creation,Builtin,3,8392,0x5599f98320c0,12,Modulus_None_Baseline
code-creation,Builtin,3,8396,0x5599f9832100,408,Modulus_SignedSmall_Baseline
code-creation,Builtin,3,8406,0x5599f98322c0,428,Modulus_Number_Baseline
code-creation,Builtin,3,8411,0x5599f9832480,1764,ModulusAndTryPatchCode
code-creation,Builtin,3,8421,0x5599f9832b80,852,Exponentiate_Generic_Baseline
code-creation,Builtin,3,8426,0x5599f9832f00,12,Exponentiate_None_Baseline
code-creation,Builtin,3,8436,0x5599f9832f40,792,Exponentiate_Number_Baseline
code-creation,Builtin,3,8441,0x5599f9833280,1148,ExponentiateAndTryPatchCode
code-creation,Builtin,3,8452,0x5599f9833700,1924,BitwiseAnd_Generic_Baseline
code-creation,Builtin,3,8456,0x5599f9833ec0,12,BitwiseAnd_None_Baseline
code-creation,Builtin,3,8467,0x5599f9833f00,36,BitwiseAnd_SignedSmall_Baseline
code-creation,Builtin,3,8471,0x5599f9833f40,2044,BitwiseAndAndTryPatchCode
code-creation,Builtin,3,8481,0x5599f9834740,1924,BitwiseOr_Generic_Baseline
code-creation,Builtin,3,8486,0x5599f9834f00,12,BitwiseOr_None_Baseline
code-creation,Builtin,3,8496,0x5599f9834f40,36,BitwiseOr_SignedSmall_Baseline
code-creation,Builtin,3,8500,0x5599f9834f80,2044,BitwiseOrAndTryPatchCode
code-creation,Builtin,3,8511,0x5599f9835780,1924,BitwiseXor_Generic_Baseline
code-creation,Builtin,3,8515,0x5599f9835f40,12,BitwiseXor_None_Baseline
code-creation,Builtin,3,8525,0x5599f9835f80,36,BitwiseXor_SignedSmall_Baseline
code-creation,Builtin,3,8530,0x5599f9835fc0,2044,BitwiseXorAndTryPatchCode
code-creation,Builtin,3,8540,0x5599f98367c0,1440,ShiftLeft_Generic_Baseline
code-creation,Builtin,3,8545,0x5599f9836d80,12,ShiftLeft_None_Baseline
code-creation,Builtin,3,8555,0x5599f9836dc0,352,ShiftLeft_SignedSmall_Baseline
code-creation,Builtin,3,8559,0x5599f9836f40,1544,ShiftLeftAndTryPatchCode
code-creation,Builtin,3,8570,0x5599f9837580,1440,ShiftRight_Generic_Baseline
code-creation,Builtin,3,8574,0x5599f9837b40,12,ShiftRight_None_Baseline
code-creation,Builtin,3,8585,0x5599f9837b80,44,ShiftRight_SignedSmall_Baseline
code-creation,Builtin,3,8590,0x5599f9837bc0,1544,ShiftRightAndTryPatchCode
code-creation,Builtin,3,8600,0x5599f9838200,1388,ShiftRightLogical_Generic_Baseline
code-creation,Builtin,3,8604,0x5599f9838780,12,ShiftRightLogical_None_Baseline
code-creation,Builtin,3,8615,0x5599f98387c0,356,ShiftRightLogical_SignedSmall_Baseline
code-creation,Builtin,3,8619,0x5599f9838940,1404,ShiftRightLogicalAndTryPatchCode
code-creation,Builtin,3,8630,0x5599f9838ec0,1488,AddSmi_Generic_Baseline
code-creation,Builtin,3,8634,0x5599f98394c0,1088,SubtractSmi_Generic_Baseline
code-creation,Builtin,3,8647,0x5599f9839940,1296,MultiplySmi_Generic_Baseline
code-creation,Builtin,3,8651,0x5599f9839e80,1308,DivideSmi_Generic_Baseline
code-creation,Builtin,3,8654,0x5599f983a3c0,1300,ModulusSmi_Generic_Baseline
code-creation,Builtin,3,8664,0x5599f983a900,744,ExponentiateSmi_Generic_Baseline
code-creation,Builtin,3,8669,0x5599f983ac00,612,BitwiseAndSmi_Generic_Baseline
code-creation,Builtin,3,8679,0x5599f983ae80,612,BitwiseOrSmi_Generic_Baseline
code-creation,Builtin,3,8683,0x5599f983b100,612,BitwiseXorSmi_Generic_Baseline
code-creation,Builtin,3,8693,0x5599f983b380,760,ShiftLeftSmi_Generic_Baseline
code-creation,Builtin,3,8699,0x5599f983b680,636,ShiftRightSmi_Generic_Baseline
code-creation,Builtin,3,8709,0x5599f983b900,772,ShiftRightLogicalSmi_Generic_Baseline
code-creation,Builtin,3,8714,0x5599f983bc40,1952,Add_WithFeedback
code-creation,Builtin,3,8724,0x5599f983c400,1328,Subtract_WithFeedback
code-creation,Builtin,3,8728,0x5599f983c940,1500,Multiply_WithFeedback
code-creation,Builtin,3,8739,0x5599f983cf40,1508,Divide_WithFeedback
code-creation,Builtin,3,8751,0x5599f983d540,1548,Modulus_WithFeedback
code-creation,Builtin,3,8756,0x5599f983db80,808,Exponentiate_WithFeedback
code-creation,Builtin,3,8765,0x5599f983dec0,1792,BitwiseAnd_WithFeedback
code-creation,Builtin,3,8770,0x5599f983e600,1792,BitwiseOr_WithFeedback
code-creation,Builtin,3,8781,0x5599f983ed40,1792,BitwiseXor_WithFeedback
code-creation,Builtin,3,8785,0x5599f983f480,1320,ShiftLeft_WithFeedback
code-creation,Builtin,3,8795,0x5599f983f9c0,1320,ShiftRight_WithFeedback
code-creation,Builtin,3,8800,0x5599f983ff00,1268,ShiftRightLogical_WithFeedback
code-creation,Builtin,3,8810,0x5599f9840400,2468,Add_LhsIsStringConstant_Internalize_WithFeedback
code-creation,Builtin,3,8814,0x5599f9840dc0,2492,Add_LhsIsStringConstant_Internalize_Baseline
code-creation,Builtin,3,8825,0x5599f9841780,2468,Add_RhsIsStringConstant_Internalize_WithFeedback
code-creation,Builtin,3,8838,0x5599f9842140,2492,Add_RhsIsStringConstant_Internalize_Baseline
code-creation,Builtin,3,8843,0x5599f9842b00,2156,Equal_Generic_Baseline
code-creation,Builtin,3,8865,0x5599f9843380,1076,Equal_Any_Baseline
code-creation,Builtin,3,8876,0x5599f98437c0,208,Equal_Number_Baseline
code-creation,Builtin,3,8880,0x5599f98438c0,92,Equal_String_Baseline
code-creation,Builtin,3,8890,0x5599f9843940,72,Equal_InternalizedString_Baseline
code-creation,Builtin,3,8894,0x5599f98439c0,72,Equal_Receiver_Baseline
code-creation,Builtin,3,8905,0x5599f9843a40,40,Equal_SignedSmall_Baseline
code-creation,Builtin,3,8909,0x5599f9843a80,12,Equal_None_Baseline
code-creation,Builtin,3,8919,0x5599f9843ac0,2400,EqualAndTryPatchCode
code-creation,Builtin,3,8923,0x5599f9844440,1068,StrictEqual_Generic_Baseline
code-creation,Builtin,3,8936,0x5599f9844880,484,StrictEqual_Any_Baseline
code-creation,Builtin,3,8950,0x5599f9844a80,60,StrictEqual_Symbol_Baseline
code-creation,Builtin,3,8964,0x5599f9844ac0,208,StrictEqual_Number_Baseline
code-creation,Builtin,3,8979,0x5599f9844bc0,72,StrictEqual_Receiver_Baseline
code-creation,Builtin,3,8993,0x5599f9844c40,92,StrictEqual_String_Baseline
code-creation,Builtin,3,9008,0x5599f9844cc0,72,StrictEqual_InternalizedString_Baseline
code-creation,Builtin,3,9022,0x5599f9844d40,40,StrictEqual_SignedSmall_Baseline
code-creation,Builtin,3,9034,0x5599f9844d80,12,StrictEqual_None_Baseline
code-creation,Builtin,3,9038,0x5599f9844dc0,1316,StrictEqualAndTryPatchCode
code-creation,Builtin,3,9049,0x5599f9845300,1712,LessThan_Generic_Baseline
code-creation,Builtin,3,9053,0x5599f98459c0,1712,GreaterThan_Generic_Baseline
code-creation,Builtin,3,9064,0x5599f9846080,1712,LessThanOrEqual_Generic_Baseline
code-creation,Builtin,3,9068,0x5599f9846740,1712,GreaterThanOrEqual_Generic_Baseline
code-creation,Builtin,3,9078,0x5599f9846e00,132,LessThan_Number_Baseline
code-creation,Builtin,3,9083,0x5599f9846ec0,40,LessThan_SignedSmall_Baseline
code-creation,Builtin,3,9094,0x5599f9846f00,12,LessThan_None_Baseline
code-creation,Builtin,3,9098,0x5599f9846f40,2192,LessThanAndTryPatchCode
code-creation,Builtin,3,9111,0x5599f9847800,132,GreaterThan_Number_Baseline
code-creation,Builtin,3,9115,0x5599f98478c0,40,GreaterThan_SignedSmall_Baseline
code-creation,Builtin,3,9126,0x5599f9847900,12,GreaterThan_None_Baseline
code-creation,Builtin,3,9130,0x5599f9847940,2192,GreaterThanAndTryPatchCode
code-creation,Builtin,3,9141,0x5599f9848200,132,LessThanOrEqual_Number_Baseline
code-creation,Builtin,3,9145,0x5599f98482c0,40,LessThanOrEqual_SignedSmall_Baseline
code-creation,Builtin,3,9147,0x5599f9848300,12,LessThanOrEqual_None_Baseline
code-creation,Builtin,3,9151,0x5599f9848340,2192,LessThanOrEqualAndTryPatchCode
code-creation,Builtin,3,9161,0x5599f9848c00,132,GreaterThanOrEqual_Number_Baseline
code-creation,Builtin,3,9166,0x5599f9848cc0,40,GreaterThanOrEqual_SignedSmall_Baseline
code-creation,Builtin,3,9177,0x5599f9848d00,12,GreaterThanOrEqual_None_Baseline
code-creation,Builtin,3,9181,0x5599f9848d40,2192,GreaterThanOrEqualAndTryPatchCode
code-creation,Builtin,3,9192,0x5599f9849600,2244,Equal_WithEmbeddedFeedback
code-creation,Builtin,3,9196,0x5599f9849f00,1076,StrictEqual_WithEmbeddedFeedback
code-creation,Builtin,3,9207,0x5599f984a340,1768,LessThan_WithEmbeddedFeedback
code-creation,Builtin,3,9212,0x5599f984aa40,1768,GreaterThan_WithEmbeddedFeedback
code-creation,Builtin,3,9222,0x5599f984b140,1768,LessThanOrEqual_WithEmbeddedFeedback
code-creation,Builtin,3,9227,0x5599f984b840,1768,GreaterThanOrEqual_WithEmbeddedFeedback
code-creation,Builtin,3,9240,0x5599f984bf40,576,BitwiseNot_Generic_Baseline
code-creation,Builtin,3,9252,0x5599f984c1c0,12,BitwiseNot_None_Baseline
code-creation,Builtin,3,9257,0x5599f984c200,36,BitwiseNot_SignedSmall_Baseline
code-creation,Builtin,3,9267,0x5599f984c240,896,BitwiseNotAndTryPatchCode
code-creation,Builtin,3,9271,0x5599f984c600,584,Decrement_Generic_Baseline
code-creation,Builtin,3,9282,0x5599f984c880,12,Decrement_None_Baseline
code-creation,Builtin,3,9287,0x5599f984c8c0,32,Decrement_SignedSmall_Baseline
code-creation,Builtin,3,9297,0x5599f984c900,972,DecrementAndTryPatchCode
code-creation,Builtin,3,9302,0x5599f984cd00,584,Increment_Generic_Baseline
code-creation,Builtin,3,9312,0x5599f984cf80,12,Increment_None_Baseline
code-creation,Builtin,3,9316,0x5599f984cfc0,32,Increment_SignedSmall_Baseline
code-creation,Builtin,3,9326,0x5599f984d000,972,IncrementAndTryPatchCode
code-creation,Builtin,3,9331,0x5599f984d400,608,Negate_Generic_Baseline
code-creation,Builtin,3,9342,0x5599f984d680,12,Negate_None_Baseline
code-creation,Builtin,3,9346,0x5599f984d6c0,40,Negate_SignedSmall_Baseline
code-creation,Builtin,3,9356,0x5599f984d700,268,Negate_Number_Baseline
code-creation,Builtin,3,9361,0x5599f984d840,996,NegateAndTryPatchCode
code-creation,Builtin,3,9372,0x5599f984dc40,576,BitwiseNot_WithFeedback
code-creation,Builtin,3,9376,0x5599f984dec0,584,Decrement_WithFeedback
code-creation,Builtin,3,9386,0x5599f984e140,584,Increment_WithFeedback
code-creation,Builtin,3,9391,0x5599f984e3c0,608,Negate_WithFeedback
code-creation,Builtin,3,9401,0x5599f984e640,4700,ObjectAssign
code-creation,Builtin,3,9405,0x5599f984f8c0,1372,ObjectCreate
code-creation,Builtin,3,9415,0x5599f984fe40,12,ObjectDefineGetter
code-creation,Builtin,3,9419,0x5599f984fe80,12,ObjectDefineProperties
code-creation,Builtin,3,9429,0x5599f984fec0,12,ObjectDefineProperty
code-creation,Builtin,3,9434,0x5599f984ff00,12,ObjectDefineSetter
code-creation,Builtin,3,9444,0x5599f984ff40,1616,ObjectEntries
code-creation,Builtin,3,9451,0x5599f98505c0,12,ObjectFreeze
code-creation,Builtin,3,9462,0x5599f9850600,4680,ObjectGetOwnPropertyDescriptor
code-creation,Builtin,3,9466,0x5599f9851880,12,ObjectGetOwnPropertyDescriptors
code-creation,Builtin,3,9476,0x5599f98518c0,968,ObjectGetOwnPropertyNames
code-creation,Builtin,3,9481,0x5599f9851cc0,12,ObjectGetOwnPropertySymbols
code-creation,Builtin,3,9492,0x5599f9851d00,160,ObjectHasOwn
code-creation,Builtin,3,9496,0x5599f9851dc0,484,ObjectIs
code-creation,Builtin,3,9506,0x5599f9851fc0,12,ObjectIsFrozen
code-creation,Builtin,3,9510,0x5599f9852000,12,ObjectIsSealed
code-creation,Builtin,3,9512,0x5599f9852040,936,ObjectKeys
code-creation,Builtin,3,9516,0x5599f9852400,12,ObjectLookupGetter
code-creation,Builtin,3,9517,0x5599f9852440,12,ObjectLookupSetter
code-creation,Builtin,3,9519,0x5599f9852480,3728,ObjectPrototypeHasOwnProperty
code-creation,Builtin,3,9521,0x5599f9853340,228,ObjectPrototypeIsPrototypeOf
code-creation,Builtin,3,9533,0x5599f9853440,12,ObjectPrototypePropertyIsEnumerable
code-creation,Builtin,3,9537,0x5599f9853480,12,ObjectPrototypeGetProto
code-creation,Builtin,3,9548,0x5599f98534c0,12,ObjectPrototypeSetProto
code-creation,Builtin,3,9552,0x5599f9853500,12,ObjectSeal
code-creation,Builtin,3,9562,0x5599f9853540,1360,ObjectToString
code-creation,Builtin,3,9566,0x5599f9853ac0,1416,ObjectValues
code-creation,Builtin,3,9577,0x5599f9854080,316,OrdinaryHasInstance
code-creation,Builtin,3,9581,0x5599f98541c0,348,InstanceOf
code-creation,Builtin,3,9591,0x5599f9854340,760,InstanceOf_WithFeedback
code-creation,Builtin,3,9596,0x5599f9854640,748,InstanceOf_Baseline
code-creation,Builtin,3,9606,0x5599f9854940,292,ForInEnumerate
code-creation,Builtin,3,9611,0x5599f9854a80,124,ForInPrepare
code-creation,Builtin,3,9621,0x5599f9854b00,3576,ForInFilter
code-creation,Builtin,3,9624,0x5599f9855900,52,ReflectApply
code-creation,Builtin,3,9626,0x5599f9855940,60,ReflectConstruct
code-creation,Builtin,3,9628,0x5599f9855980,12,ReflectDefineProperty
code-creation,Builtin,3,9630,0x5599f98559c0,12,ReflectOwnKeys
code-creation,Builtin,3,9640,0x5599f9855a00,12,ReflectSet
code-creation,Builtin,3,9645,0x5599f9855a40,12,RegExpCapture1Getter
code-creation,Builtin,3,9655,0x5599f9855a80,12,RegExpCapture2Getter
code-creation,Builtin,3,9660,0x5599f9855ac0,12,RegExpCapture3Getter
code-creation,Builtin,3,9670,0x5599f9855b00,12,RegExpCapture4Getter
code-creation,Builtin,3,9675,0x5599f9855b40,12,RegExpCapture5Getter
code-creation,Builtin,3,9685,0x5599f9855b80,12,RegExpCapture6Getter
code-creation,Builtin,3,9689,0x5599f9855bc0,12,RegExpCapture7Getter
code-creation,Builtin,3,9700,0x5599f9855c00,12,RegExpCapture8Getter
code-creation,Builtin,3,9704,0x5599f9855c40,12,RegExpCapture9Getter
code-creation,Builtin,3,9714,0x5599f9855c80,2452,RegExpConstructor
code-creation,Builtin,3,9718,0x5599f9856640,12,RegExpInputGetter
code-creation,Builtin,3,9729,0x5599f9856680,12,RegExpInputSetter
code-creation,Builtin,3,9733,0x5599f98566c0,12,RegExpLastMatchGetter
code-creation,Builtin,3,9745,0x5599f9856700,12,RegExpLastParenGetter
code-creation,Builtin,3,9750,0x5599f9856740,12,RegExpLeftContextGetter
code-creation,Builtin,3,9760,0x5599f9856780,956,RegExpPrototypeCompile
code-creation,Builtin,3,9765,0x5599f9856b40,12,RegExpPrototypeToString
code-creation,Builtin,3,9776,0x5599f9856b80,12,RegExpRightContextGetter
code-creation,Builtin,3,9781,0x5599f9856bc0,12,RegExpEscape
code-creation,Builtin,3,9791,0x5599f9856c00,304,RegExpExecAtom
code-creation,Builtin,3,9795,0x5599f9856d40,8,RegExpInterpreterTrampoline
code-creation,Builtin,3,9805,0x5599f9856d80,8,RegExpExperimentalTrampoline
code-creation,Builtin,3,9810,0x5599f9856dc0,1460,FindOrderedHashSetEntry
code-creation,Builtin,3,9821,0x5599f9857380,5828,SetConstructor
code-creation,Builtin,3,9825,0x5599f9858a80,164,SetPrototypeHas
code-creation,Builtin,3,9835,0x5599f9858b40,1896,SetPrototypeAdd
code-creation,Builtin,3,9840,0x5599f98592c0,1684,SetPrototypeDelete
code-creation,Builtin,3,9869,0x5599f9859980,12,SetPrototypeClear
code-creation,Builtin,3,9883,0x5599f98599c0,280,SetPrototypeEntries
code-creation,Builtin,3,9887,0x5599f9859b00,148,SetPrototypeGetSize
code-creation,Builtin,3,9897,0x5599f9859bc0,536,SetPrototypeForEach
code-creation,Builtin,3,9901,0x5599f9859e00,280,SetPrototypeValues
code-creation,Builtin,3,9913,0x5599f9859f40,836,SetIteratorPrototypeNext
code-creation,Builtin,3,9918,0x5599f985a2c0,1024,SetOrSetIteratorToList
code-creation,Builtin,3,9921,0x5599f985a700,12,ShadowRealmConstructor
code-creation,Builtin,3,9923,0x5599f985a740,804,ShadowRealmGetWrappedValue
code-creation,Builtin,3,9925,0x5599f985aa80,12,ShadowRealmPrototypeEvaluate
code-creation,Builtin,3,9927,0x5599f985aac0,820,ShadowRealmPrototypeImportValue
code-creation,Builtin,3,9962,0x5599f985ae00,248,ShadowRealmImportValueFulfilled
code-creation,Builtin,3,9966,0x5599f985af00,68,ShadowRealmImportValueRejected
code-creation,Builtin,3,9969,0x5599f985af80,12,SharedArrayBufferPrototypeGetByteLength
code-creation,Builtin,3,9972,0x5599f985afc0,12,SharedArrayBufferPrototypeSlice
code-creation,Builtin,3,9975,0x5599f985b000,12,SharedArrayBufferPrototypeGrow
code-creation,Builtin,3,9977,0x5599f985b040,2144,AtomicsLoad
code-creation,Builtin,3,9978,0x5599f985b8c0,2304,AtomicsStore
code-creation,Builtin,3,9980,0x5599f985c200,2936,AtomicsExchange
code-creation,Builtin,3,9982,0x5599f985cd80,3344,AtomicsCompareExchange
code-creation,Builtin,3,9983,0x5599f985dac0,2936,AtomicsAdd
code-creation,Builtin,3,9986,0x5599f985e640,2936,AtomicsSub
code-creation,Builtin,3,9988,0x5599f985f1c0,2936,AtomicsAnd
code-creation,Builtin,3,9994,0x5599f985fd40,2936,AtomicsOr
code-creation,Builtin,3,9996,0x5599f98608c0,2936,AtomicsXor
code-creation,Builtin,3,10005,0x5599f9861440,12,AtomicsNotify
code-creation,Builtin,3,10018,0x5599f9861480,12,AtomicsIsLockFree
code-creation,Builtin,3,10023,0x5599f98614c0,12,AtomicsWait
code-creation,Builtin,3,10032,0x5599f9861500,12,AtomicsWaitAsync
code-creation,Builtin,3,10036,0x5599f9861540,12,AtomicsPause
code-creation,Builtin,3,10047,0x5599f9861580,12,StringFromCodePoint
code-creation,Builtin,3,10051,0x5599f98615c0,1552,StringFromCharCode
code-creation,Builtin,3,10060,0x5599f9861c00,12,StringPrototypeLastIndexOf
code-creation,Builtin,3,10065,0x5599f9861c40,5092,StringPrototypeMatchAll
code-creation,Builtin,3,10075,0x5599f9863040,1164,StringPrototypeReplace
code-creation,Builtin,3,10080,0x5599f9863500,2936,StringPrototypeSplit
code-creation,Builtin,3,10091,0x5599f9864080,12,StringRaw
code-creation,Builtin,3,10096,0x5599f98640c0,12,SymbolConstructor
code-creation,Builtin,3,10106,0x5599f9864100,12,SymbolFor
code-creation,Builtin,3,10110,0x5599f9864140,12,SymbolKeyFor
code-creation,Builtin,3,10120,0x5599f9864180,80,TypedArrayBaseConstructor
code-creation,Builtin,3,10124,0x5599f9864200,252,TypedArrayConstructor
code-creation,Builtin,3,10134,0x5599f9864300,12,TypedArrayPrototypeBuffer
code-creation,Builtin,3,10139,0x5599f9864340,700,TypedArrayPrototypeByteLength
code-creation,Builtin,3,10150,0x5599f9864600,384,TypedArrayPrototypeByteOffset
code-creation,Builtin,3,10154,0x5599f98647c0,612,TypedArrayPrototypeLength
code-creation,Builtin,3,10165,0x5599f9864a40,12,TypedArrayPrototypeCopyWithin
code-creation,Builtin,3,10169,0x5599f9864a80,12,TypedArrayPrototypeFill
code-creation,Builtin,3,10179,0x5599f9864ac0,12,TypedArrayPrototypeIncludes
code-creation,Builtin,3,10183,0x5599f9864b00,12,TypedArrayPrototypeIndexOf
code-creation,Builtin,3,10194,0x5599f9864b40,12,TypedArrayPrototypeLastIndexOf
code-creation,Builtin,3,10198,0x5599f9864b80,12,TypedArrayPrototypeReverse
code-creation,Builtin,3,10208,0x5599f9864bc0,464,TypedArrayPrototypeToStringTag
code-creation,Builtin,3,10213,0x5599f9864dc0,31888,TypedArrayPrototypeMap
code-creation,Builtin,3,10224,0x5599f986ca80,12,Uint8ArrayFromBase64
code-creation,Builtin,3,10228,0x5599f986cac0,12,Uint8ArrayPrototypeSetFromBase64
code-creation,Builtin,3,10241,0x5599f986cb00,12,Uint8ArrayFromHex
code-creation,Builtin,3,10252,0x5599f986cb40,12,Uint8ArrayPrototypeSetFromHex
code-creation,Builtin,3,10256,0x5599f986cb80,12,Uint8ArrayPrototypeToBase64
code-creation,Builtin,3,10266,0x5599f986cbc0,12,Uint8ArrayPrototypeToHex
code-creation,Builtin,3,10271,0x5599f986cc00,216,JSToWasmWrapperAsm
code-creation,Builtin,3,10282,0x5599f986cd00,856,WasmReturnPromiseOnSuspendAsm
code-creation,Builtin,3,10286,0x5599f986d080,612,JSToWasmStressSwitchStacksAsm
code-creation,Builtin,3,10297,0x5599f986d300,56,WasmToJsWrapperAsm
code-creation,Builtin,3,10301,0x5599f986d340,4732,WasmToJsWrapperCSA
code-creation,Builtin,3,10311,0x5599f986e5c0,28,WasmToJsWrapperInvalidSig
code-creation,Builtin,3,10316,0x5599f986e600,204,WasmSuspend
code-creation,Builtin,3,10326,0x5599f986e700,260,WasmResume
code-creation,Builtin,3,10330,0x5599f986e840,108,WasmFXResume
code-creation,Builtin,3,10342,0x5599f986e8c0,216,WasmFXResumeThrow
code-creation,Builtin,3,10347,0x5599f986e9c0,196,WasmFXResumeThrowRef
code-creation,Builtin,3,10357,0x5599f986eac0,152,WasmFXSuspend
code-creation,Builtin,3,10362,0x5599f986eb80,164,WasmFXSwitch
code-creation,Builtin,3,10372,0x5599f986ec40,96,WasmFXReturn
code-creation,Builtin,3,10376,0x5599f986ecc0,280,WasmReject
code-creation,Builtin,3,10386,0x5599f986ee00,12,WasmTrapHandlerLandingPad
code-creation,Builtin,3,10390,0x5599f986ee40,156,WasmCompileLazy
code-creation,Builtin,3,10401,0x5599f986ef00,200,WasmLiftoffFrameSetup
code-creation,Builtin,3,10405,0x5599f986f000,192,WasmDebugBreak
code-creation,Builtin,3,10415,0x5599f986f100,124,WasmDebugTrap
code-creation,Builtin,3,10419,0x5599f986f180,16,WasmOnStackReplace
code-creation,Builtin,3,10429,0x5599f986f1c0,160,WasmHandleStackOverflow
code-creation,Builtin,3,10434,0x5599f986f280,128,WasmFloat32ToNumber
code-creation,Builtin,3,10444,0x5599f986f340,132,WasmFloat64ToNumber
code-creation,Builtin,3,10448,0x5599f986f400,124,WasmFloat64ToString
code-creation,Builtin,3,10458,0x5599f986f480,12,JSToWasmLazyDeoptContinuation
code-creation,Builtin,3,10463,0x5599f986f4c0,1520,WasmGetOwnProperty
code-creation,Builtin,3,10473,0x5599f986fac0,5388,WeakMapConstructor
code-creation,Builtin,3,10477,0x5599f9871000,492,WeakMapLookupHashIndex
code-creation,Builtin,3,10488,0x5599f9871200,200,WeakMapPrototypeGet
code-creation,Builtin,3,10492,0x5599f9871300,168,WeakMapPrototypeHas
code-creation,Builtin,3,10502,0x5599f98713c0,288,WeakMapPrototypeSet
code-creation,Builtin,3,10507,0x5599f9871500,1244,WeakMapPrototypeGetOrInsert
code-creation,Builtin,3,10517,0x5599f9871a00,456,WeakMapPrototypeGetOrInsertComputed
code-creation,Builtin,3,10521,0x5599f9871c00,176,WeakMapPrototypeDelete
code-creation,Builtin,3,10531,0x5599f9871cc0,4124,WeakSetConstructor
code-creation,Builtin,3,10536,0x5599f9872d00,168,WeakSetPrototypeHas
code-creation,Builtin,3,10546,0x5599f9872dc0,288,WeakSetPrototypeAdd
code-creation,Builtin,3,10550,0x5599f9872f00,176,WeakSetPrototypeDelete
code-creation,Builtin,3,10560,0x5599f9872fc0,672,WeakCollectionDelete
code-creation,Builtin,3,10564,0x5599f9873280,1164,WeakCollectionSet
code-creation,Builtin,3,10575,0x5599f9873740,12,SharedSpaceJSObjectHasInstance
code-creation,Builtin,3,10579,0x5599f9873780,12,SharedStructTypeConstructor
code-creation,Builtin,3,10590,0x5599f98737c0,12,SharedStructTypeIsSharedStruct
code-creation,Builtin,3,10594,0x5599f9873800,12,SharedStructConstructor
code-creation,Builtin,3,10604,0x5599f9873840,12,SharedArrayConstructor
code-creation,Builtin,3,10608,0x5599f9873880,12,SharedArrayIsSharedArray
code-creation,Builtin,3,10618,0x5599f98738c0,12,AtomicsMutexConstructor
code-creation,Builtin,3,10622,0x5599f9873900,12,AtomicsMutexIsMutex
code-creation,Builtin,3,10636,0x5599f9873940,12,AtomicsMutexLock
code-creation,Builtin,3,10647,0x5599f9873980,12,AtomicsMutexLockWithTimeout
code-creation,Builtin,3,10651,0x5599f98739c0,12,AtomicsMutexTryLock
code-creation,Builtin,3,10661,0x5599f9873a00,12,AtomicsConditionConstructor
code-creation,Builtin,3,10666,0x5599f9873a40,12,AtomicsConditionIsCondition
code-creation,Builtin,3,10677,0x5599f9873a80,12,AtomicsConditionWait
code-creation,Builtin,3,10681,0x5599f9873ac0,12,AtomicsConditionNotify
code-creation,Builtin,3,10691,0x5599f9873b00,316,AsyncGeneratorResolve
code-creation,Builtin,3,10696,0x5599f9873c40,104,AsyncGeneratorReject
code-creation,Builtin,3,10706,0x5599f9873cc0,1752,AsyncGeneratorYieldWithAwait
code-creation,Builtin,3,10711,0x5599f98743c0,1924,AsyncGeneratorReturn
code-creation,Builtin,3,10721,0x5599f9874b80,276,AsyncGeneratorResumeNext
code-creation,Builtin,3,10725,0x5599f9874cc0,12,AsyncGeneratorFunctionConstructor
code-creation,Builtin,3,10736,0x5599f9874d00,840,AsyncGeneratorPrototypeNext
code-creation,Builtin,3,10749,0x5599f9875080,840,AsyncGeneratorPrototypeReturn
code-creation,Builtin,3,10762,0x5599f9875400,840,AsyncGeneratorPrototypeThrow
code-creation,Builtin,3,10767,0x5599f9875780,1544,AsyncGeneratorAwait
code-creation,Builtin,3,10777,0x5599f9875dc0,120,AsyncGeneratorAwaitResolveClosure
code-creation,Builtin,3,10791,0x5599f9875e40,120,AsyncGeneratorAwaitRejectClosure
code-creation,Builtin,3,10796,0x5599f9875ec0,116,AsyncGeneratorYieldWithAwaitResolveClosure
code-creation,Builtin,3,10799,0x5599f9875f40,116,AsyncGeneratorReturnClosedResolveClosure
code-creation,Builtin,3,10809,0x5599f9875fc0,112,AsyncGeneratorReturnClosedRejectClosure
code-creation,Builtin,3,10814,0x5599f9876040,120,AsyncGeneratorReturnResolveClosure
code-creation,Builtin,3,10825,0x5599f98760c0,1452,AsyncFromSyncIteratorPrototypeNext
code-creation,Builtin,3,10829,0x5599f9876680,1736,AsyncFromSyncIteratorPrototypeThrow
code-creation,Builtin,3,10839,0x5599f9876d80,1176,AsyncFromSyncIteratorPrototypeReturn
code-creation,Builtin,3,10843,0x5599f9877240,228,AsyncFromSyncIteratorCloseSyncAndRethrow
code-creation,Builtin,3,10868,0x5599f9877340,92,AsyncIteratorValueUnwrap
code-creation,Builtin,3,10872,0x5599f98773c0,168,CEntry_Return1_ArgvInRegister_NoBuiltinExit
code-creation,Builtin,3,10883,0x5599f9877480,180,CEntry_Return1_ArgvOnStack_BuiltinExit
code-creation,Builtin,3,10888,0x5599f9877540,180,CEntry_Return1_ArgvOnStack_NoBuiltinExit
code-creation,Builtin,3,10899,0x5599f9877600,168,CEntry_Return2_ArgvInRegister_NoBuiltinExit
code-creation,Builtin,3,10903,0x5599f98776c0,180,CEntry_Return2_ArgvOnStack_NoBuiltinExit
code-creation,Builtin,3,10914,0x5599f9877780,316,WasmCEntry
code-creation,Builtin,3,10918,0x5599f98778c0,4,DirectCEntry
code-creation,Builtin,3,10929,0x5599f9877900,1824,StringAdd_NoMapCheck
code-creation,Builtin,3,10933,0x5599f9878040,1824,WasmStringAdd_NoMapCheck
code-creation,Builtin,3,10942,0x5599f9878780,3896,SubString
code-creation,Builtin,3,10947,0x5599f98796c0,84,DoubleToI
code-creation,Builtin,3,10957,0x5599f9879740,3232,GetProperty
code-creation,Builtin,3,10961,0x5599f987a400,3528,GetPropertyWithReceiver
code-creation,Builtin,3,10971,0x5599f987b200,23296,SetProperty
code-creation,Builtin,3,10975,0x5599f9880d40,19512,CreateDataProperty
code-creation,Builtin,3,10986,0x5599f9885980,52,GetOwnPropertyDescriptor
code-creation,Builtin,3,10990,0x5599f98859c0,220,FindNonDefaultConstructorOrConstruct
code-creation,Builtin,3,11001,0x5599f9885ac0,3156,OrdinaryGetOwnPropertyDescriptor
code-creation,Builtin,3,11006,0x5599f9886740,4232,CheckMaglevType
code-creation,Builtin,3,11016,0x5599f9887800,12,IsTraceCategoryEnabled
code-creation,Builtin,3,11021,0x5599f9887840,12,Trace
code-creation,Builtin,3,11030,0x5599f9887880,12,FinalizationRegistryUnregister
code-creation,Builtin,3,11034,0x5599f98878c0,356,AsyncModuleEvaluate
code-creation,Builtin,3,11044,0x5599f9887a40,12,CallAsyncModuleFulfilled
code-creation,Builtin,3,11049,0x5599f9887a80,12,CallAsyncModuleRejected
code-creation,Builtin,3,11059,0x5599f9887ac0,276,AggregateErrorConstructor
code-creation,Builtin,3,11063,0x5599f9887c00,836,ArrayPrototypeAt
code-creation,Builtin,3,11073,0x5599f9887f80,596,ArrayPrototypeConcat
code-creation,Builtin,3,11078,0x5599f9888200,8200,ArrayPrototypeCopyWithin
code-creation,Builtin,3,11088,0x5599f988a240,232,ArrayEveryLoopEagerDeoptContinuation
code-creation,Builtin,3,11093,0x5599f988a340,560,ArrayEveryLoopLazyDeoptContinuation
code-creation,Builtin,3,11103,0x5599f988a580,4248,ArrayEveryLoopContinuation
code-creation,Builtin,3,11108,0x5599f988b640,1604,ArrayEvery
code-creation,Builtin,3,11117,0x5599f988bcc0,296,ArrayFilterLoopEagerDeoptContinuation
code-creation,Builtin,3,11122,0x5599f988be00,928,ArrayFilterLoopLazyDeoptContinuation
code-creation,Builtin,3,11133,0x5599f988c1c0,4568,ArrayFilterLoopContinuation
code-creation,Builtin,3,11137,0x5599f988d3c0,4856,ArrayFilter
code-creation,Builtin,3,11148,0x5599f988e6c0,220,ArrayFindLoopEagerDeoptContinuation
code-creation,Builtin,3,11152,0x5599f988e7c0,32,ArrayFindLoopLazyDeoptContinuation
code-creation,Builtin,3,11155,0x5599f988e800,408,ArrayFindLoopAfterCallbackLazyDeoptContinuation
code-creation,Builtin,3,11165,0x5599f988e9c0,580,ArrayFindLoopContinuation
code-creation,Builtin,3,11170,0x5599f988ec40,1608,ArrayPrototypeFind
code-creation,Builtin,3,11180,0x5599f988f2c0,220,ArrayFindIndexLoopEagerDeoptContinuation
code-creation,Builtin,3,11200,0x5599f988f3c0,32,ArrayFindIndexLoopLazyDeoptContinuation
code-creation,Builtin,3,11205,0x5599f988f400,408,ArrayFindIndexLoopAfterCallbackLazyDeoptContinuation
code-creation,Builtin,3,11215,0x5599f988f5c0,584,ArrayFindIndexLoopContinuation
code-creation,Builtin,3,11220,0x5599f988f840,1608,ArrayPrototypeFindIndex
code-creation,Builtin,3,11231,0x5599f988fec0,500,ArrayFindLastLoopContinuation
code-creation,Builtin,3,11239,0x5599f98900c0,1704,ArrayPrototypeFindLast
code-creation,Builtin,3,11250,0x5599f9890780,504,ArrayFindLastIndexLoopContinuation
code-creation,Builtin,3,11254,0x5599f9890980,1784,ArrayPrototypeFindLastIndex
code-creation,Builtin,3,11265,0x5599f9891080,2932,FlattenIntoArrayWithoutMapFn
code-creation,Builtin,3,11269,0x5599f9891c00,2964,FlattenIntoArrayWithMapFn
code-creation,Builtin,3,11280,0x5599f98927c0,11792,ArrayPrototypeFlat
code-creation,Builtin,3,11284,0x5599f9895600,732,ArrayPrototypeFlatMap
code-creation,Builtin,3,11294,0x5599f9895900,232,ArrayForEachLoopEagerDeoptContinuation
code-creation,Builtin,3,11298,0x5599f9895a00,232,ArrayForEachLoopLazyDeoptContinuation
code-creation,Builtin,3,11308,0x5599f9895b00,4152,ArrayForEachLoopContinuation
code-creation,Builtin,3,11313,0x5599f9896b40,1476,ArrayForEach
code-creation,Builtin,3,11323,0x5599f9897140,7076,ArrayFromAsyncIterableOnFulfilled
code-creation,Builtin,3,11327,0x5599f9898d00,7140,ArrayFromAsyncIterableOnRejected
code-creation,Builtin,3,11338,0x5599f989a900,3576,ArrayFromAsyncArrayLikeOnFulfilled
code-creation,Builtin,3,11343,0x5599f989b700,3576,ArrayFromAsyncArrayLikeOnRejected
code-creation,Builtin,3,11353,0x5599f989c500,15188,ArrayFromAsync
code-creation,Builtin,3,11358,0x5599f98a0080,5612,ArrayFrom
code-creation,Builtin,3,11368,0x5599f98a1680,152,ArrayIsArray
code-creation,Builtin,3,11372,0x5599f98a1740,472,LoadJoinElement_DictionaryElements_0
code-creation,Builtin,3,11383,0x5599f98a1940,36,LoadJoinElement_FastSmiOrObjectElements_0
code-creation,Builtin,3,11387,0x5599f98a1980,152,LoadJoinElement_FastDoubleElements_0
code-creation,Builtin,3,11398,0x5599f98a1a40,184,ConvertToLocaleString
code-creation,Builtin,3,11403,0x5599f98a1b00,744,JoinStackPush
code-creation,Builtin,3,11413,0x5599f98a1e00,292,JoinStackPop
code-creation,Builtin,3,11417,0x5599f98a1f40,848,ArrayPrototypeJoin
code-creation,Builtin,3,11428,0x5599f98a22c0,35976,ArrayPrototypeJoinImpl
code-creation,Builtin,3,11432,0x5599f98aaf80,6136,ArrayPrototypeToLocaleString
code-creation,Builtin,3,11442,0x5599f98ac780,256,ArrayPrototypeToString
code-creation,Builtin,3,11446,0x5599f98ac8c0,9824,TypedArrayPrototypeJoin
code-creation,Builtin,3,11457,0x5599f98aef40,5944,TypedArrayPrototypeToLocaleString
code-creation,Builtin,3,11463,0x5599f98b0680,3824,ArrayPrototypeLastIndexOf
code-creation,Builtin,3,11478,0x5599f98b1580,240,ArrayMapPreLoopLazyDeoptContinuation
code-creation,Builtin,3,11483,0x5599f98b1680,264,ArrayMapLoopEagerDeoptContinuation
code-creation,Builtin,3,11493,0x5599f98b17c0,520,ArrayMapLoopLazyDeoptContinuation
code-creation,Builtin,3,11498,0x5599f98b1a00,4168,ArrayMapLoopContinuation
code-creation,Builtin,3,11509,0x5599f98b2a80,4184,ArrayMap
code-creation,Builtin,3,11513,0x5599f98b3b00,1800,ArrayOf
code-creation,Builtin,3,11523,0x5599f98b4240,412,ArrayReduceRightPreLoopEagerDeoptContinuation
code-creation,Builtin,3,11535,0x5599f98b4400,220,ArrayReduceRightLoopEagerDeoptContinuation
code-creation,Builtin,3,11549,0x5599f98b4500,220,ArrayReduceRightLoopLazyDeoptContinuation
code-creation,Builtin,3,11554,0x5599f98b4600,4104,ArrayReduceRightLoopContinuation
code-creation,Builtin,3,11564,0x5599f98b5640,1948,ArrayReduceRight
code-creation,Builtin,3,11569,0x5599f98b5e00,204,ArrayReducePreLoopEagerDeoptContinuation
code-creation,Builtin,3,11583,0x5599f98b5f00,220,ArrayReduceLoopEagerDeoptContinuation
code-creation,Builtin,3,11691,0x5599f98b6000,220,ArrayReduceLoopLazyDeoptContinuation
code-creation,Builtin,3,11696,0x5599f98b6100,4208,ArrayReduceLoopContinuation
code-creation,Builtin,3,11698,0x5599f98b7180,1588,ArrayReduce
code-creation,Builtin,3,11712,0x5599f98b77c0,3696,ArrayPrototypeReverse
code-creation,Builtin,3,11717,0x5599f98b8640,3948,ArrayPrototypeShift
code-creation,Builtin,3,11727,0x5599f98b95c0,5728,ArrayPrototypeSlice
code-creation,Builtin,3,11731,0x5599f98bac40,232,ArraySomeLoopEagerDeoptContinuation
code-creation,Builtin,3,11743,0x5599f98bad40,576,ArraySomeLoopLazyDeoptContinuation
code-creation,Builtin,3,11755,0x5599f98bafc0,4280,ArraySomeLoopContinuation
code-creation,Builtin,3,11760,0x5599f98bc080,1608,ArraySome
code-creation,Builtin,3,11769,0x5599f98bc700,14884,ArrayPrototypeSplice
code-creation,Builtin,3,11773,0x5599f98c0140,2148,GenericArrayToReversed
code-creation,Builtin,3,11786,0x5599f98c09c0,3016,ArrayPrototypeToReversed
code-creation,Builtin,3,11801,0x5599f98c15c0,8732,ArrayPowerSortIntoCopy
code-creation,Builtin,3,11815,0x5599f98c3800,1748,ArrayPrototypeToSorted
code-creation,Builtin,3,11828,0x5599f98c3f00,9080,ArrayPrototypeToSpliced
code-creation,Builtin,3,11844,0x5599f98c6280,2936,ArrayPrototypeUnshift
code-creation,Builtin,3,11873,0x5599f98c6e00,1476,GenericArrayWith
code-creation,Builtin,3,11887,0x5599f98c7400,1164,ArrayPrototypeWith
code-creation,Builtin,3,11900,0x5599f98c78c0,4792,ArraySortContinueFromSnapshotEagerDeoptContinuation
code-creation,Builtin,3,11906,0x5599f98c8b80,4792,ArraySortContinueFromSnapshotLazyDeoptContinuation
code-creation,Builtin,3,11910,0x5599f98c9e40,316,ArrayBufferPrototypeGetByteLength
code-creation,Builtin,3,11914,0x5599f98c9f80,792,ArrayBufferPrototypeGetMaxByteLength
code-creation,Builtin,3,11927,0x5599f98ca2c0,208,ArrayBufferPrototypeGetResizable
code-creation,Builtin,3,11939,0x5599f98ca3c0,208,ArrayBufferPrototypeGetDetached
code-creation,Builtin,3,11943,0x5599f98ca4c0,208,ArrayBufferPrototypeGetImmutable
code-creation,Builtin,3,11954,0x5599f98ca5c0,632,SharedArrayBufferPrototypeGetMaxByteLength
code-creation,Builtin,3,11958,0x5599f98ca840,208,SharedArrayBufferPrototypeGetGrowable
code-creation,Builtin,3,11969,0x5599f98ca940,104,ArrayBufferIsView
code-creation,Builtin,3,11973,0x5599f98ca9c0,432,ToInteger
code-creation,Builtin,3,11984,0x5599f98cab80,4408,FastCreateDataProperty
code-creation,Builtin,3,11988,0x5599f98cbcc0,1256,BooleanConstructor
code-creation,Builtin,3,11999,0x5599f98cc1c0,220,BooleanPrototypeToString
code-creation,Builtin,3,12003,0x5599f98cc2c0,212,BooleanPrototypeValueOf
code-creation,Builtin,3,12013,0x5599f98cc3c0,1088,BigIntAddNoThrow
code-creation,Builtin,3,12018,0x5599f98cc840,1132,BigIntAdd
code-creation,Builtin,3,12028,0x5599f98cccc0,1072,BigIntSubtractNoThrow
code-creation,Builtin,3,12032,0x5599f98cd100,1132,BigIntSubtract
code-creation,Builtin,3,12042,0x5599f98cd580,424,BigIntMultiplyNoThrow
code-creation,Builtin,3,12047,0x5599f98cd740,580,BigIntMultiply
code-creation,Builtin,3,12058,0x5599f98cd9c0,520,BigIntDivideNoThrow
code-creation,Builtin,3,12073,0x5599f98cdc00,700,BigIntDivide
code-creation,Builtin,3,12086,0x5599f98cdec0,464,BigIntModulusNoThrow
code-creation,Builtin,3,12101,0x5599f98ce0c0,640,BigIntModulus
code-creation,Builtin,3,12114,0x5599f98ce380,948,BigIntBitwiseAndNoThrow
code-creation,Builtin,3,12128,0x5599f98ce740,1080,BigIntBitwiseAnd
code-creation,Builtin,3,12142,0x5599f98ceb80,940,BigIntBitwiseOrNoThrow
code-creation,Builtin,3,12147,0x5599f98cef40,1048,BigIntBitwiseOr
code-creation,Builtin,3,12160,0x5599f98cf380,968,BigIntBitwiseXorNoThrow
code-creation,Builtin,3,12173,0x5599f98cf780,1096,BigIntBitwiseXor
code-creation,Builtin,3,12178,0x5599f98cfc00,1244,BigIntShiftLeftNoThrow
code-creation,Builtin,3,12188,0x5599f98d0100,1312,BigIntShiftLeft
code-creation,Builtin,3,12192,0x5599f98d0640,1248,BigIntShiftRightNoThrow
code-creation,Builtin,3,12202,0x5599f98d0b40,1316,BigIntShiftRight
code-creation,Builtin,3,12207,0x5599f98d1080,100,BigIntEqual
code-creation,Builtin,3,12217,0x5599f98d1100,204,BigIntLessThan
code-creation,Builtin,3,12221,0x5599f98d1200,204,BigIntGreaterThan
code-creation,Builtin,3,12232,0x5599f98d1300,204,BigIntLessThanOrEqual
code-creation,Builtin,3,12239,0x5599f98d1400,204,BigIntGreaterThanOrEqual
code-creation,Builtin,3,12251,0x5599f98d1500,324,BigIntUnaryMinus
code-creation,Builtin,3,12265,0x5599f98d1680,2516,ToString
code-creation,Builtin,3,12269,0x5599f98d2080,2540,ToStringConvertSymbol
code-creation,Builtin,3,12280,0x5599f98d2a80,212,StringPrototypeToString
code-creation,Builtin,3,12284,0x5599f98d2b80,212,StringPrototypeValueOf
code-creation,Builtin,3,12295,0x5599f98d2c80,2248,StringToList
code-creation,Builtin,3,12299,0x5599f98d3580,748,StringPrototypeCharAt
code-creation,Builtin,3,12309,0x5599f98d3880,652,StringPrototypeCharCodeAt
code-creation,Builtin,3,12313,0x5599f98d3b40,1152,StringPrototypeCodePointAt
code-creation,Builtin,3,12323,0x5599f98d4000,432,StringPrototypeConcat
code-creation,Builtin,3,12328,0x5599f98d41c0,1380,StringConstructor
code-creation,Builtin,3,12337,0x5599f98d4740,936,StringCreateLazyDeoptContinuation
code-creation,Builtin,3,12342,0x5599f98d4b00,2544,StringAddConvertLeft
code-creation,Builtin,3,12352,0x5599f98d5500,2600,StringAddConvertRight
code-creation,Builtin,3,12356,0x5599f98d5f40,556,StringCharAt
code-creation,Builtin,3,12368,0x5599f98d6180,16,FastNewClosureBaseline
code-creation,Builtin,3,12434,0x5599f98d61c0,312,FastNewFunctionContextEval
code-creation,Builtin,3,12447,0x5599f98d6300,312,FastNewFunctionContextFunction
code-creation,Builtin,3,12451,0x5599f98d6440,696,FastNewFunctionContextFunctionWithCells
code-creation,Builtin,3,12462,0x5599f98d6700,284,CreateRegExpLiteral
code-creation,Builtin,3,12466,0x5599f98d6840,1444,CreateShallowArrayLiteral
code-creation,Builtin,3,12477,0x5599f98d6e00,468,CreateEmptyArrayLiteral
code-creation,Builtin,3,12481,0x5599f98d7000,2480,CreateShallowObjectLiteral
code-creation,Builtin,3,12491,0x5599f98d79c0,488,ObjectConstructor
code-creation,Builtin,3,12496,0x5599f98d7bc0,244,CreateEmptyLiteralObject
code-creation,Builtin,3,12508,0x5599f98d7cc0,560,NumberConstructor
code-creation,Builtin,3,12544,0x5599f98d7f00,64,GenericLazyDeoptContinuation
code-creation,Builtin,3,12559,0x5599f98d7f80,56,StringToNumber
code-creation,Builtin,3,12572,0x5599f98d7fc0,196,NonNumberToNumber
code-creation,Builtin,3,12576,0x5599f98d80c0,256,NonNumberToNumeric
code-creation,Builtin,3,12586,0x5599f98d8200,36,ToNumeric
code-creation,Builtin,3,12591,0x5599f98d8240,1216,NumberToString
code-creation,Builtin,3,12601,0x5599f98d8740,916,SmiToString
code-creation,Builtin,3,12605,0x5599f98d8b00,1560,Int32ToString
code-creation,Builtin,3,12615,0x5599f98d9140,124,Float64ToString
code-creation,Builtin,3,12620,0x5599f98d91c0,124,ToBoolean
code-creation,Builtin,3,12630,0x5599f98d9240,84,ToBooleanForBaselineJump
code-creation,Builtin,3,12634,0x5599f98d92c0,600,ToLength
code-creation,Builtin,3,12644,0x5599f98d9540,1312,ToName
code-creation,Builtin,3,12649,0x5599f98d9a80,1088,ToObject
code-creation,Builtin,3,12659,0x5599f98d9f00,844,NonPrimitiveToPrimitive_Default
code-creation,Builtin,3,12663,0x5599f98da280,432,NonPrimitiveToPrimitive_Number
code-creation,Builtin,3,12673,0x5599f98da440,1200,NonPrimitiveToPrimitive_String
code-creation,Builtin,3,12678,0x5599f98da900,20,OrdinaryToPrimitive_Number
code-creation,Builtin,3,12688,0x5599f98da940,324,OrdinaryToPrimitive_Number_Inline
code-creation,Builtin,3,12693,0x5599f98daac0,324,OrdinaryToPrimitive_String
code-creation,Builtin,3,12703,0x5599f98dac40,316,FastConsoleAssert
code-creation,Builtin,3,12707,0x5599f98dad80,184,DataViewPrototypeGetBuffer
code-creation,Builtin,3,12717,0x5599f98dae40,764,DataViewPrototypeGetByteLength
code-creation,Builtin,3,12721,0x5599f98db140,432,DataViewPrototypeGetByteOffset
code-creation,Builtin,3,12732,0x5599f98db300,784,DataViewPrototypeGetUint8
code-creation,Builtin,3,12736,0x5599f98db640,784,DataViewPrototypeGetInt8
code-creation,Builtin,3,12747,0x5599f98db980,1020,DataViewPrototypeGetUint16
code-creation,Builtin,3,12761,0x5599f98dbd80,1016,DataViewPrototypeGetInt16
code-creation,Builtin,3,12766,0x5599f98dc180,1148,DataViewPrototypeGetUint32
code-creation,Builtin,3,12776,0x5599f98dc600,1144,DataViewPrototypeGetInt32
code-creation,Builtin,3,12781,0x5599f98dca80,1256,DataViewPrototypeGetFloat16
code-creation,Builtin,3,12792,0x5599f98dcf80,1184,DataViewPrototypeGetFloat32
code-creation,Builtin,3,12808,0x5599f98dd440,1256,DataViewPrototypeGetFloat64
code-creation,Builtin,3,12821,0x5599f98dd940,1292,DataViewPrototypeGetBigUint64
code-creation,Builtin,3,12825,0x5599f98dde80,1324,DataViewPrototypeGetBigInt64
code-creation,Builtin,3,12835,0x5599f98de3c0,1248,DataViewPrototypeSetUint8
code-creation,Builtin,3,12839,0x5599f98de8c0,1248,DataViewPrototypeSetInt8
code-creation,Builtin,3,12867,0x5599f98dedc0,1484,DataViewPrototypeSetUint16
code-creation,Builtin,3,12872,0x5599f98df3c0,1484,DataViewPrototypeSetInt16
code-creation,Builtin,3,12884,0x5599f98df9c0,1516,DataViewPrototypeSetUint32
code-creation,Builtin,3,12899,0x5599f98dffc0,1516,DataViewPrototypeSetInt32
code-creation,Builtin,3,12913,0x5599f98e05c0,1584,DataViewPrototypeSetFloat16
code-creation,Builtin,3,12927,0x5599f98e0c00,1480,DataViewPrototypeSetFloat32
code-creation,Builtin,3,12942,0x5599f98e1200,1544,DataViewPrototypeSetFloat64
code-creation,Builtin,3,12956,0x5599f98e1840,1372,DataViewPrototypeSetBigUint64
code-creation,Builtin,3,12970,0x5599f98e1dc0,1372,DataViewPrototypeSetBigInt64
code-creation,Builtin,3,12984,0x5599f98e2340,1248,FinalizationRegistryConstructor
code-creation,Builtin,3,12999,0x5599f98e2840,908,FinalizationRegistryRegister
code-creation,Builtin,3,13014,0x5599f98e2c00,376,FunctionPrototypeHasInstance
code-creation,Builtin,3,13027,0x5599f98e2d80,1040,FastFunctionPrototypeBind
code-creation,Builtin,3,13031,0x5599f98e31c0,420,GeneratorPrototypeNextLazyDeoptContinuation
code-creation,Builtin,3,13041,0x5599f98e3380,152,IncBlockCounter
code-creation,Builtin,3,13046,0x5599f98e3440,232,GetTemplateObject
code-creation,Builtin,3,13056,0x5599f98e3540,96,ForInNext
code-creation,Builtin,3,13061,0x5599f98e35c0,136,GetImportMetaObjectBaseline
code-creation,Builtin,3,13071,0x5599f98e3680,128,GetIteratorWithFeedback
code-creation,Builtin,3,13075,0x5599f98e3740,92,GetIteratorBaseline
code-creation,Builtin,3,13085,0x5599f98e37c0,320,CreateAsyncFromSyncIteratorBaseline
code-creation,Builtin,3,13090,0x5599f98e3940,3064,ForOfNext
code-creation,Builtin,3,13101,0x5599f98e4540,3064,ForOfNextBaseline
code-creation,Builtin,3,13105,0x5599f98e5140,1248,CallIteratorWithFeedback
code-creation,Builtin,3,13108,0x5599f98e5640,144,IteratorClose
code-creation,Builtin,3,13118,0x5599f98e5700,1072,IteratorConstructor
code-creation,Builtin,3,13122,0x5599f98e5b40,72,IteratorPrototypeGetToStringTag
code-creation,Builtin,3,13126,0x5599f98e5bc0,340,IteratorPrototypeSetToStringTag
code-creation,Builtin,3,13136,0x5599f98e5d40,100,IteratorPrototypeGetConstructor
code-creation,Builtin,3,13142,0x5599f98e5dc0,340,IteratorPrototypeSetConstructor
code-creation,Builtin,3,13145,0x5599f98e5f40,188,IteratorPrototypeDispose
code-creation,Builtin,3,13156,0x5599f98e6000,64,AsyncIteratorPrototypeAsyncDisposeResolveClosure
code-creation,Builtin,3,13161,0x5599f98e6080,2000,AsyncIteratorPrototypeAsyncDispose
code-creation,Builtin,3,13172,0x5599f98e6880,1684,ArrayDestructure
code-creation,Builtin,3,13176,0x5599f98e6f40,1432,ArrayDestructureLazyDeoptContinuation
code-creation,Builtin,3,13187,0x5599f98e7500,912,IteratorFrom
code-creation,Builtin,3,13191,0x5599f98e78c0,164,WrapForValidIteratorPrototypeNext
code-creation,Builtin,3,13201,0x5599f98e7980,380,WrapForValidIteratorPrototypeReturn
code-creation,Builtin,3,13206,0x5599f98e7b00,448,IteratorHelperPrototypeNext
code-creation,Builtin,3,13216,0x5599f98e7d00,2640,IteratorHelperPrototypeReturn
code-creation,Builtin,3,13221,0x5599f98e8780,480,IteratorPrototypeMap
code-creation,Builtin,3,13231,0x5599f98e8980,1376,IteratorMapHelperNext
code-creation,Builtin,3,13236,0x5599f98e8f00,480,IteratorPrototypeFilter
code-creation,Builtin,3,13251,0x5599f98e9100,1524,IteratorFilterHelperNext
code-creation,Builtin,3,13255,0x5599f98e9700,916,IteratorPrototypeTake
code-creation,Builtin,3,13266,0x5599f98e9ac0,1564,IteratorTakeHelperNext
code-creation,Builtin,3,13271,0x5599f98ea100,916,IteratorPrototypeDrop
code-creation,Builtin,3,13281,0x5599f98ea4c0,1776,IteratorDropHelperNext
code-creation,Builtin,3,13285,0x5599f98eabc0,504,IteratorPrototypeFlatMap
code-creation,Builtin,3,13299,0x5599f98eadc0,2644,IteratorFlatMapHelperNext
code-creation,Builtin,3,13304,0x5599f98eb840,1996,IteratorPrototypeReduce
code-creation,Builtin,3,13314,0x5599f98ec040,1696,IteratorPrototypeToArray
code-creation,Builtin,3,13318,0x5599f98ec700,1268,IteratorPrototypeForEach
code-creation,Builtin,3,13328,0x5599f98ecc00,1524,IteratorPrototypeSome
code-creation,Builtin,3,13333,0x5599f98ed200,1512,IteratorPrototypeEvery
code-creation,Builtin,3,13344,0x5599f98ed800,1532,IteratorPrototypeFind
code-creation,Builtin,3,13348,0x5599f98ede00,1068,IteratorConcat
code-creation,Builtin,3,13358,0x5599f98ee240,1676,IteratorConcatHelperNext
code-creation,Builtin,3,13363,0x5599f98ee900,1380,IteratorPrototypeJoin
code-creation,Builtin,3,13374,0x5599f98eee80,7868,IteratorZip
code-creation,Builtin,3,13378,0x5599f98f0d40,4508,IteratorZipHelperNext
code-creation,Builtin,3,13389,0x5599f98f1f00,6552,IteratorZipKeyed
code-creation,Builtin,3,13393,0x5599f98f38c0,5528,IteratorZipKeyedHelperNext
code-creation,Builtin,3,13404,0x5599f98f4e80,3328,IteratorPrototypeIncludes
code-creation,Builtin,3,13409,0x5599f98f5bc0,8244,MapGroupBy
code-creation,Builtin,3,13419,0x5599f98f7c00,304,MathAbs
code-creation,Builtin,3,13423,0x5599f98f7d40,452,MathCeil
code-creation,Builtin,3,13433,0x5599f98f7f40,456,MathFloor
code-creation,Builtin,3,13437,0x5599f98f8140,504,MathRound
code-creation,Builtin,3,13447,0x5599f98f8340,452,MathTrunc
code-creation,Builtin,3,13452,0x5599f98f8540,408,MathPow
code-creation,Builtin,3,13462,0x5599f98f8700,468,MathMax
code-creation,Builtin,3,13466,0x5599f98f8900,468,MathMin
code-creation,Builtin,3,13479,0x5599f98f8b00,312,MathAcos
code-creation,Builtin,3,13493,0x5599f98f8c40,312,MathAcosh
code-creation,Builtin,3,13508,0x5599f98f8d80,312,MathAsin
code-creation,Builtin,3,13511,0x5599f98f8ec0,312,MathAsinh
code-creation,Builtin,3,13521,0x5599f98f9000,312,MathAtan
code-creation,Builtin,3,13525,0x5599f98f9140,396,MathAtan2
code-creation,Builtin,3,13541,0x5599f98f9300,312,MathAtanh
code-creation,Builtin,3,13558,0x5599f98f9440,312,MathCbrt
code-creation,Builtin,3,13562,0x5599f98f9580,248,MathClz32
code-creation,Builtin,3,13565,0x5599f98f9680,312,MathCos
code-creation,Builtin,3,13579,0x5599f98f97c0,312,MathCosh
code-creation,Builtin,3,13584,0x5599f98f9900,312,MathExp
code-creation,Builtin,3,13594,0x5599f98f9a40,312,MathExpm1
code-creation,Builtin,3,13598,0x5599f98f9b80,260,MathFround
code-creation,Builtin,3,13619,0x5599f98f9cc0,552,MathF16round
code-creation,Builtin,3,13624,0x5599f98f9f00,372,MathImul
code-creation,Builtin,3,13634,0x5599f98fa080,312,MathLog
code-creation,Builtin,3,13638,0x5599f98fa1c0,312,MathLog1p
code-creation,Builtin,3,13649,0x5599f98fa300,312,MathLog10
code-creation,Builtin,3,13652,0x5599f98fa440,312,MathLog2
code-creation,Builtin,3,13654,0x5599f98fa580,312,MathSin
code-creation,Builtin,3,13655,0x5599f98fa6c0,152,MathSign
code-creation,Builtin,3,13658,0x5599f98fa780,312,MathSinh
code-creation,Builtin,3,13660,0x5599f98fa8c0,256,MathSqrt
code-creation,Builtin,3,13669,0x5599f98faa00,312,MathTan
code-creation,Builtin,3,13673,0x5599f98fab40,312,MathTanh
code-creation,Builtin,3,13683,0x5599f98fac80,2440,MathHypot
code-creation,Builtin,3,13687,0x5599f98fb640,380,MathRandom
code-creation,Builtin,3,13697,0x5599f98fb7c0,2328,NumberPrototypeToString
code-creation,Builtin,3,13702,0x5599f98fc100,116,NumberIsFinite
code-creation,Builtin,3,13712,0x5599f98fc180,308,NumberIsInteger
code-creation,Builtin,3,13717,0x5599f98fc2c0,112,NumberIsNaN
code-creation,Builtin,3,13727,0x5599f98fc340,352,NumberIsSafeInteger
code-creation,Builtin,3,13732,0x5599f98fc4c0,220,NumberPrototypeValueOf
code-creation,Builtin,3,13743,0x5599f98fc5c0,232,NumberParseFloat
code-creation,Builtin,3,13756,0x5599f98fc6c0,320,ParseInt
code-creation,Builtin,3,13760,0x5599f98fc840,96,NumberParseInt
code-creation,Builtin,3,13771,0x5599f98fc8c0,1056,Add
code-creation,Builtin,3,13776,0x5599f98fcd00,564,Subtract
code-creation,Builtin,3,13786,0x5599f98fcf40,848,Multiply
code-creation,Builtin,3,13790,0x5599f98fd2c0,620,Divide
code-creation,Builtin,3,13803,0x5599f98fd540,916,Modulus
code-creation,Builtin,3,13807,0x5599f98fd900,556,Exponentiate
code-creation,Builtin,3,13818,0x5599f98fdb40,464,Negate
code-creation,Builtin,3,13822,0x5599f98fdd40,264,BitwiseNot
code-creation,Builtin,3,13832,0x5599f98fde80,148,Decrement
code-creation,Builtin,3,13837,0x5599f98fdf40,148,Increment
code-creation,Builtin,3,13864,0x5599f98fe000,676,ShiftLeft
code-creation,Builtin,3,13868,0x5599f98fe2c0,676,ShiftRight
code-creation,Builtin,3,13872,0x5599f98fe580,612,ShiftRightLogical
code-creation,Builtin,3,13883,0x5599f98fe800,428,BitwiseAnd
code-creation,Builtin,3,13888,0x5599f98fe9c0,428,BitwiseOr
code-creation,Builtin,3,13899,0x5599f98feb80,428,BitwiseXor
code-creation,Builtin,3,13903,0x5599f98fed40,888,LessThan
code-creation,Builtin,3,13904,0x5599f98ff0c0,888,LessThanOrEqual
code-creation,Builtin,3,13906,0x5599f98ff440,888,GreaterThan
code-creation,Builtin,3,13908,0x5599f98ff7c0,888,GreaterThanOrEqual
code-creation,Builtin,3,13909,0x5599f98ffb40,1036,Equal
code-creation,Builtin,3,13911,0x5599f98fff80,472,StrictEqual
code-creation,Builtin,3,13912,0x5599f9900180,3656,ObjectFromEntries
code-creation,Builtin,3,13914,0x5599f9901000,4164,GroupByGeneric
code-creation,Builtin,3,13916,0x5599f9902080,8760,ObjectGroupBy
code-creation,Builtin,3,13925,0x5599f99042c0,964,CreateObjectWithoutProperties
code-creation,Builtin,3,13966,0x5599f99046c0,140,ObjectIsExtensible
code-creation,Builtin,3,13973,0x5599f9904780,144,ObjectPreventExtensions
code-creation,Builtin,3,13976,0x5599f9904840,152,ObjectGetPrototypeOf
code-creation,Builtin,3,13978,0x5599f9904900,276,ObjectSetPrototypeOf
code-creation,Builtin,3,13980,0x5599f9904a40,88,ObjectPrototypeToString
code-creation,Builtin,3,13982,0x5599f9904ac0,100,ObjectPrototypeValueOf
code-creation,Builtin,3,13992,0x5599f9904b40,176,ObjectPrototypeToLocaleString
code-creation,Builtin,3,13997,0x5599f9904c00,1448,FulfillPromise
code-creation,Builtin,3,14007,0x5599f99051c0,1752,RejectPromise
code-creation,Builtin,3,14011,0x5599f99058c0,1320,NewPromiseCapability
code-creation,Builtin,3,14021,0x5599f9905e00,124,PromiseCapabilityDefaultReject
code-creation,Builtin,3,14026,0x5599f9905e80,108,PromiseCapabilityDefaultResolve
code-creation,Builtin,3,14036,0x5599f9905f00,1500,PerformPromiseThenFunction
code-creation,Builtin,3,14040,0x5599f9906500,1324,PerformPromiseThen
code-creation,Builtin,3,14050,0x5599f9906a40,484,PromiseReject
code-creation,Builtin,3,14055,0x5599f9906c40,280,PromiseGetCapabilitiesExecutor
code-creation,Builtin,3,14065,0x5599f9906d80,124,PromiseConstructorLazyDeoptContinuation
code-creation,Builtin,3,14069,0x5599f9906e00,4128,PromiseAll
code-creation,Builtin,3,14079,0x5599f9907e40,4180,PromiseAllSettled
code-creation,Builtin,3,14083,0x5599f9908ec0,980,PromiseAllResolveElementClosure
code-creation,Builtin,3,14103,0x5599f99092c0,1404,PromiseAllSettledResolveElementClosure
code-creation,Builtin,3,14115,0x5599f9909840,1404,PromiseAllSettledRejectElementClosure
code-creation,Builtin,3,14119,0x5599f9909dc0,1076,PromiseAnyRejectElementClosure
code-creation,Builtin,3,14129,0x5599f990a200,2472,PromiseAny
code-creation,Builtin,3,14133,0x5599f990abc0,2104,PromiseConstructor
code-creation,Builtin,3,14143,0x5599f990b400,268,PromisePrototypeCatch
code-creation,Builtin,3,14147,0x5599f990b540,84,PromiseValueThunkFinally
code-creation,Builtin,3,14150,0x5599f990b5c0,76,PromiseThrowerFinally
code-creation,Builtin,3,14160,0x5599f990b640,604,PromiseCatchFinally
code-creation,Builtin,3,14165,0x5599f990b8c0,604,PromiseThenFinally
code-creation,Builtin,3,14175,0x5599f990bb40,1000,PromisePrototypeFinally
code-creation,Builtin,3,14180,0x5599f990bf40,660,PromiseResolveThenableJob
code-creation,Builtin,3,14190,0x5599f990c200,160,GetContinuationPreservedEmbedderData
code-creation,Builtin,3,14194,0x5599f990c2c0,88,SetContinuationPreservedEmbedderData
code-creation,Builtin,3,14205,0x5599f990c340,184,AsyncAwaitNonThenableFastPath
code-creation,Builtin,3,14209,0x5599f990c400,1676,PromiseRace
code-creation,Builtin,3,14219,0x5599f990cac0,440,PromiseFulfillReactionJob
code-creation,Builtin,3,14233,0x5599f990cc80,536,PromiseRejectReactionJob
code-creation,Builtin,3,14248,0x5599f990cec0,148,PromiseResolveTrampoline
code-creation,Builtin,3,14253,0x5599f990cf80,568,PromiseResolve
code-creation,Builtin,3,14255,0x5599f990d1c0,776,ResolvePromise
code-creation,Builtin,3,14264,0x5599f990d500,1972,PromisePrototypeThen
code-creation,Builtin,3,14269,0x5599f990dcc0,1876,PromiseTry
code-creation,Builtin,3,14279,0x5599f990e440,348,PromiseWithResolvers
code-creation,Builtin,3,14283,0x5599f990e5c0,616,ProxyConstructor
code-creation,Builtin,3,14293,0x5599f990e840,2852,ProxyDeleteProperty
code-creation,Builtin,3,14298,0x5599f990f380,2948,ProxyGetProperty
code-creation,Builtin,3,14308,0x5599f990ff40,1068,ProxyGetPrototypeOf
code-creation,Builtin,3,14314,0x5599f9910380,2672,ProxyHasProperty
code-creation,Builtin,3,14323,0x5599f9910e00,768,ProxyIsExtensible
code-creation,Builtin,3,14328,0x5599f9911140,808,ProxyPreventExtensions
code-creation,Builtin,3,14338,0x5599f9911480,656,ProxyRevocable
code-creation,Builtin,3,14343,0x5599f9911740,120,ProxyRevoke
code-creation,Builtin,3,14352,0x5599f99117c0,3512,ProxySetProperty
code-creation,Builtin,3,14357,0x5599f9912580,1320,ProxySetPrototypeOf
code-creation,Builtin,3,14367,0x5599f9912ac0,176,ReflectIsExtensible
code-creation,Builtin,3,14372,0x5599f9912b80,180,ReflectPreventExtensions
code-creation,Builtin,3,14382,0x5599f9912c40,176,ReflectGetPrototypeOf
code-creation,Builtin,3,14386,0x5599f9912d00,264,ReflectSetPrototypeOf
code-creation,Builtin,3,14396,0x5599f9912e40,344,ReflectGet
code-creation,Builtin,3,14401,0x5599f9912fc0,152,ReflectDeleteProperty
code-creation,Builtin,3,14410,0x5599f9913080,148,ReflectHas
code-creation,Builtin,3,14415,0x5599f9913140,4680,ReflectGetOwnPropertyDescriptor
code-creation,Builtin,3,14425,0x5599f99143c0,8292,RegExpPrototypeExecSlow
code-creation,Builtin,3,14430,0x5599f9916440,8516,RegExpPrototypeExec
code-creation,Builtin,3,14440,0x5599f99185c0,2884,RegExpPrototypeMatchAll
code-creation,Builtin,3,14444,0x5599f9919140,12908,RegExpStringIteratorPrototypeNext
code-creation,Builtin,3,14454,0x5599f991c3c0,16072,RegExpMatchFast
code-creation,Builtin,3,14459,0x5599f99202c0,3292,RegExpPrototypeMatch
code-creation,Builtin,3,14469,0x5599f9920fc0,10804,RegExpReplace
code-creation,Builtin,3,14474,0x5599f9923a00,532,RegExpPrototypeReplace
code-creation,Builtin,3,14489,0x5599f9923c40,4532,RegExpSearchFast
code-creation,Builtin,3,14493,0x5599f9924e00,1528,RegExpPrototypeSearch
code-creation,Builtin,3,14503,0x5599f9925400,264,RegExpPrototypeSourceGetter
code-creation,Builtin,3,14508,0x5599f9925540,10624,RegExpSplit
code-creation,Builtin,3,14518,0x5599f9927f00,648,RegExpPrototypeSplit
code-creation,Builtin,3,14522,0x5599f99281c0,5352,RegExpPrototypeTest
code-creation,Builtin,3,14532,0x5599f99296c0,4484,RegExpPrototypeTestFast
code-creation,Builtin,3,14537,0x5599f992a880,220,RegExpPrototypeGlobalGetter
code-creation,Builtin,3,14548,0x5599f992a980,220,RegExpPrototypeIgnoreCaseGetter
code-creation,Builtin,3,14552,0x5599f992aa80,224,RegExpPrototypeMultilineGetter
code-creation,Builtin,3,14565,0x5599f992ab80,224,RegExpPrototypeHasIndicesGetter
code-creation,Builtin,3,14619,0x5599f992ac80,224,RegExpPrototypeLinearGetter
code-creation,Builtin,3,14637,0x5599f992ad80,224,RegExpPrototypeDotAllGetter
code-creation,Builtin,3,14641,0x5599f992ae80,244,RegExpPrototypeStickyGetter
code-creation,Builtin,3,14644,0x5599f992af80,244,RegExpPrototypeUnicodeGetter
code-creation,Builtin,3,14646,0x5599f992b080,224,RegExpPrototypeUnicodeSetsGetter
code-creation,Builtin,3,14659,0x5599f992b180,2572,RegExpPrototypeFlagsGetter
code-creation,Builtin,3,14665,0x5599f992bbc0,12532,SetPrototypeDifference
code-creation,Builtin,3,14668,0x5599f992ecc0,13568,SetPrototypeIntersection
code-creation,Builtin,3,14679,0x5599f9932200,3112,SetPrototypeIsDisjointFrom
code-creation,Builtin,3,14683,0x5599f9932e40,1860,SetPrototypeIsSubsetOf
code-creation,Builtin,3,14685,0x5599f99335c0,2320,SetPrototypeIsSupersetOf
code-creation,Builtin,3,14692,0x5599f9933f00,12216,SetPrototypeSymmetricDifference
code-creation,Builtin,3,14708,0x5599f9936ec0,9160,SetPrototypeUnion
code-creation,Builtin,3,14712,0x5599f99392c0,1260,StringPrototypeAt
code-creation,Builtin,3,14731,0x5599f99397c0,3804,StringPrototypeEndsWith
code-creation,Builtin,3,14747,0x5599f993a6c0,484,CreateHTML
code-creation,Builtin,3,14751,0x5599f993a8c0,296,StringPrototypeAnchor
code-creation,Builtin,3,14753,0x5599f993aa00,156,StringPrototypeBig
code-creation,Builtin,3,14763,0x5599f993aac0,156,StringPrototypeBlink
code-creation,Builtin,3,14767,0x5599f993ab80,156,StringPrototypeBold
code-creation,Builtin,3,14771,0x5599f993ac40,296,StringPrototypeFontcolor
code-creation,Builtin,3,14782,0x5599f993ad80,296,StringPrototypeFontsize
code-creation,Builtin,3,14786,0x5599f993aec0,156,StringPrototypeFixed
code-creation,Builtin,3,14789,0x5599f993af80,156,StringPrototypeItalics
code-creation,Builtin,3,14799,0x5599f993b040,296,StringPrototypeLink
code-creation,Builtin,3,14803,0x5599f993b180,156,StringPrototypeSmall
code-creation,Builtin,3,14806,0x5599f993b240,156,StringPrototypeStrike
code-creation,Builtin,3,14816,0x5599f993b300,156,StringPrototypeSub
code-creation,Builtin,3,14820,0x5599f993b3c0,156,StringPrototypeSup
code-creation,Builtin,3,14823,0x5599f993b480,972,StringPrototypeIncludes
code-creation,Builtin,3,14834,0x5599f993b880,644,StringPrototypeIndexOf
code-creation,Builtin,3,14838,0x5599f993bb40,668,StringPrototypeIsWellFormed
code-creation,Builtin,3,14871,0x5599f993be00,324,StringPrototypeIterator
code-creation,Builtin,3,14885,0x5599f993bf80,1668,StringIteratorPrototypeNext
code-creation,Builtin,3,14901,0x5599f993c640,1676,StringPrototypeMatch
code-creation,Builtin,3,14906,0x5599f993cd00,1676,StringPrototypeSearch
code-creation,Builtin,3,14917,0x5599f993d3c0,796,StringPrototypePadStart
code-creation,Builtin,3,14921,0x5599f993d700,796,StringPrototypePadEnd
code-creation,Builtin,3,14924,0x5599f993da40,156,StringRepeat
code-creation,Builtin,3,14934,0x5599f993db00,392,StringPrototypeRepeat
code-creation,Builtin,3,14938,0x5599f993dcc0,14864,StringPrototypeReplaceAll
code-creation,Builtin,3,14949,0x5599f9941700,4632,StringPrototypeSlice
code-creation,Builtin,3,14954,0x5599f9942940,3804,StringPrototypeStartsWith
code-creation,Builtin,3,14957,0x5599f9943840,4492,StringPrototypeSubstr
code-creation,Builtin,3,14960,0x5599f9944a00,4448,StringPrototypeSubstring
code-creation,Builtin,3,14962,0x5599f9945b80,1028,StringPrototypeToWellFormed
code-creation,Builtin,3,14972,0x5599f9945fc0,9028,StringPrototypeTrim
code-creation,Builtin,3,14976,0x5599f9948340,8640,StringPrototypeTrimStart
code-creation,Builtin,3,14979,0x5599f994a540,8008,StringPrototypeTrimEnd
code-creation,Builtin,3,14990,0x5599f994c4c0,300,SuppressedErrorConstructor
code-creation,Builtin,3,14994,0x5599f994c600,220,SymbolPrototypeDescriptionGetter
code-creation,Builtin,3,14999,0x5599f994c700,212,SymbolPrototypeToPrimitive
code-creation,Builtin,3,15002,0x5599f994c800,232,SymbolPrototypeToString
code-creation,Builtin,3,15012,0x5599f994c900,212,SymbolPrototypeValueOf
code-creation,Builtin,3,15016,0x5599f994ca00,1104,TypedArrayPrototypeAt
code-creation,Builtin,3,15021,0x5599f994ce80,12808,CreateTypedArray
code-creation,Builtin,3,15031,0x5599f99500c0,1676,TypedArrayPrototypeEvery
code-creation,Builtin,3,15035,0x5599f9950780,412,TypedArrayPrototypeEntries
code-creation,Builtin,3,15038,0x5599f9950940,4232,TypedArrayPrototypeFilter
code-creation,Builtin,3,15048,0x5599f9951a00,1676,TypedArrayPrototypeFind
code-creation,Builtin,3,15052,0x5599f99520c0,1684,TypedArrayPrototypeFindIndex
code-creation,Builtin,3,15056,0x5599f9952780,1696,TypedArrayPrototypeFindLast
code-creation,Builtin,3,15066,0x5599f9952e40,1704,TypedArrayPrototypeFindLastIndex
code-creation,Builtin,3,15071,0x5599f9953500,1552,TypedArrayPrototypeForEach
code-creation,Builtin,3,15082,0x5599f9953b40,5076,TypedArrayFrom
code-creation,Builtin,3,15085,0x5599f9954f40,412,TypedArrayPrototypeKeys
code-creation,Builtin,3,15088,0x5599f9955100,1452,TypedArrayOf
code-creation,Builtin,3,15098,0x5599f99556c0,1704,TypedArrayPrototypeReduce
code-creation,Builtin,3,15102,0x5599f9955d80,1656,TypedArrayPrototypeReduceRight
code-creation,Builtin,3,15117,0x5599f9956400,3816,TypedArrayPrototypeSet
code-creation,Builtin,3,15121,0x5599f9957300,3816,TypedArrayPrototypeSlice
code-creation,Builtin,3,15123,0x5599f9958200,1676,TypedArrayPrototypeSome
code-creation,Builtin,3,15126,0x5599f99588c0,880,TypedArrayMergeSort
code-creation,Builtin,3,15136,0x5599f9958c40,2204,TypedArrayPrototypeSort
code-creation,Builtin,3,15140,0x5599f9959500,2792,TypedArrayPrototypeSubArray
code-creation,Builtin,3,15144,0x5599f995a000,1560,TypedArrayPrototypeToReversed
code-creation,Builtin,3,15146,0x5599f995a640,2984,TypedArrayPrototypeToSorted
code-creation,Builtin,3,15148,0x5599f995b200,412,TypedArrayPrototypeValues
code-creation,Builtin,3,15151,0x5599f995b3c0,3528,TypedArrayPrototypeWith
code-creation,Builtin,3,15162,0x5599f995c1c0,1548,WeakRefConstructor
code-creation,Builtin,3,15166,0x5599f995c800,184,WeakRefDeref
code-creation,Builtin,3,15168,0x5599f995c8c0,716,NewSloppyArgumentsElements
code-creation,Builtin,3,15179,0x5599f995cbc0,288,NewStrictArgumentsElements
code-creation,Builtin,3,15183,0x5599f995cd00,372,NewRestArgumentsElements
code-creation,Builtin,3,15186,0x5599f995ce80,1396,FastNewSloppyArguments
code-creation,Builtin,3,15197,0x5599f995d400,504,FastNewStrictArguments
code-creation,Builtin,3,15202,0x5599f995d600,556,FastNewRestArguments
code-creation,Builtin,3,15212,0x5599f995d840,256,LoadFromContextCell
code-creation,Builtin,3,15217,0x5599f995d980,2372,StoreCurrentContextElementBaseline
code-creation,Builtin,3,15227,0x5599f995e300,2448,StoreContextElementBaseline
code-creation,Builtin,3,15232,0x5599f995ecc0,316,DetachContextCell
code-creation,Builtin,3,15245,0x5599f995ee00,736,StringSlowFlatten
code-creation,Builtin,3,15249,0x5599f995f100,2744,StringIndexOf
code-creation,Builtin,3,15259,0x5599f995fbc0,1896,TestTurbofanType
code-creation,Builtin,3,15264,0x5599f9960340,156,CheckTurbofanType
code-creation,Builtin,3,15274,0x5599f9960400,540,CheckTurboshaftWord32Type
code-creation,Builtin,3,15278,0x5599f9960640,928,CheckTurboshaftWord64Type
code-creation,Builtin,3,15288,0x5599f9960a00,1012,CheckTurboshaftFloat32Type
code-creation,Builtin,3,15293,0x5599f9960e00,1012,CheckTurboshaftFloat64Type
code-creation,Builtin,3,15303,0x5599f9961200,124,DebugPrintWord32
code-creation,Builtin,3,15308,0x5599f9961280,180,DebugPrintWord64
code-creation,Builtin,3,15318,0x5599f9961340,132,DebugPrintFloat32
code-creation,Builtin,3,15322,0x5599f9961400,176,DebugPrintFloat64
code-creation,Builtin,3,15332,0x5599f99614c0,140,DebugPrintObject
code-creation,Builtin,3,15337,0x5599f9961580,4,GenericBuiltinTest_JSAny_0
code-creation,Builtin,3,15348,0x5599f99615c0,8,TestHelperPlus1
code-creation,Builtin,3,15351,0x5599f9961600,8,TestHelperPlus2
code-creation,Builtin,3,15354,0x5599f9961640,16,ReturnTwoValues
code-creation,Builtin,3,15356,0x5599f9961680,28,ThrowAsBuiltin
code-creation,Builtin,3,15366,0x5599f99616c0,84,TestCallNever
code-creation,Builtin,3,15370,0x5599f9961740,36,TestIncrementArraySpeciesModified
code-creation,Builtin,3,15382,0x5599f9961780,36,Load_FastSmiElements_0
code-creation,Builtin,3,15387,0x5599f99617c0,36,Load_FastObjectElements_0
code-creation,Builtin,3,15398,0x5599f9961800,164,Load_FastDoubleElements_0
code-creation,Builtin,3,15402,0x5599f99618c0,32,Store_FastSmiElements_0
code-creation,Builtin,3,15404,0x5599f9961900,96,Store_FastObjectElements_0
code-creation,Builtin,3,15415,0x5599f9961980,88,Store_FastDoubleElements_0
code-creation,Builtin,3,15419,0x5599f9961a00,40,Delete_FastSmiElements_0
code-creation,Builtin,3,15422,0x5599f9961a40,40,Delete_FastObjectElements_0
code-creation,Builtin,3,15432,0x5599f9961a80,44,Delete_FastDoubleElements_0
code-creation,Builtin,3,15436,0x5599f9961ac0,196,SortCompareDefault
code-creation,Builtin,3,15447,0x5599f9961bc0,88,SortCompareUserFn
code-creation,Builtin,3,15451,0x5599f9961c40,8,CanUseSameAccessor_GenericElementsAccessor_0
code-creation,Builtin,3,15462,0x5599f9961c80,380,Copy
code-creation,Builtin,3,15466,0x5599f9961e00,6108,MergeAt
code-creation,Builtin,3,15468,0x5599f9963600,904,GallopLeft
code-creation,Builtin,3,15483,0x5599f99639c0,972,GallopRight
code-creation,Builtin,3,15487,0x5599f9963dc0,7140,ArrayPowerSort
code-creation,Builtin,3,15498,0x5599f99659c0,1764,ArrayPrototypeSort
code-creation,Builtin,3,15502,0x5599f99660c0,4768,StringFastLocaleCompare
code-creation,Builtin,3,15504,0x5599f9967380,3384,JSToWasmWrapper
code-creation,Builtin,3,15507,0x5599f99680c0,3392,WasmPromising
code-creation,Builtin,3,15518,0x5599f9968e40,3392,WasmStressSwitch
code-creation,Builtin,3,15522,0x5599f9969bc0,2952,JSToWasmHandleReturns
code-creation,Builtin,3,15532,0x5599f996a780,88,WasmInt32ToHeapNumber
code-creation,Builtin,3,15537,0x5599f996a800,68,WasmInt32ToSharedHeapNumber
code-creation,Builtin,3,15548,0x5599f996a880,116,WasmFuncRefToJS
code-creation,Builtin,3,15552,0x5599f996a900,328,WasmTaggedNonSmiToInt32
code-creation,Builtin,3,15555,0x5599f996aa80,308,WasmTaggedToFloat64
code-creation,Builtin,3,15564,0x5599f996abc0,100,WasmTaggedToFloat32
code-creation,Builtin,3,15568,0x5599f996ac40,68,WasmMemoryGrow
code-creation,Builtin,3,15579,0x5599f996acc0,88,WasmTableInit
code-creation,Builtin,3,15583,0x5599f996ad40,92,WasmTableCopy
code-creation,Builtin,3,15586,0x5599f996adc0,76,WasmTableFill
code-creation,Builtin,3,15596,0x5599f996ae40,64,WasmTableGrow
code-creation,Builtin,3,15600,0x5599f996aec0,72,WasmTableGet
code-creation,Builtin,3,15603,0x5599f996af40,136,WasmTableSet
code-creation,Builtin,3,15614,0x5599f996b000,148,WasmTableGetFuncRef
code-creation,Builtin,3,15618,0x5599f996b0c0,48,WasmFunctionTableGet
code-creation,Builtin,3,15620,0x5599f996b100,92,WasmTableSetFuncRef
code-creation,Builtin,3,15633,0x5599f996b180,68,WasmRefFunc
code-creation,Builtin,3,15637,0x5599f996b200,32,WasmInternalFunctionCreateExternal
code-creation,Builtin,3,15640,0x5599f996b240,224,WasmAllocateZeroedFixedArray
code-creation,Builtin,3,15643,0x5599f996b340,148,WasmAllocateFixedArray
code-creation,Builtin,3,15653,0x5599f996b400,36,WasmLiftoffDeoptFinish
code-creation,Builtin,3,15658,0x5599f996b440,44,WasmThrow
code-creation,Builtin,3,15668,0x5599f996b480,40,WasmRethrow
code-creation,Builtin,3,15673,0x5599f996b4c0,52,WasmThrowRef
code-creation,Builtin,3,15683,0x5599f996b500,40,WasmRethrowExplicitContext
code-creation,Builtin,3,15688,0x5599f996b540,40,WasmTriggerTierUp
code-creation,Builtin,3,15698,0x5599f996b580,20,WasmGrowableStackGuard
code-creation,Builtin,3,15702,0x5599f996b5c0,44,WasmStackGuard
code-creation,Builtin,3,15712,0x5599f996b600,28,WasmStackGuardLoop
code-creation,Builtin,3,15717,0x5599f996b640,28,WasmStackOverflow
code-creation,Builtin,3,15727,0x5599f996b680,28,WasmTraceGlobal
code-creation,Builtin,3,15731,0x5599f996b6c0,28,WasmTraceMemory
code-creation,Builtin,3,15743,0x5599f996b700,28,WasmTraceEnter
code-creation,Builtin,3,15755,0x5599f996b740,40,WasmTraceExit
code-creation,Builtin,3,15760,0x5599f996b780,44,WasmConfigureAllPrototypesOpt
code-creation,Builtin,3,15770,0x5599f996b7c0,712,WasmAllocateJSArray
code-creation,Builtin,3,15775,0x5599f996bac0,92,WasmAllocateStructWithRtt
code-creation,Builtin,3,15785,0x5599f996bb40,52,WasmAllocateDescriptorStruct
code-creation,Builtin,3,15789,0x5599f996bb80,132,WasmAllocateSharedStructWithRtt
code-creation,Builtin,3,15800,0x5599f996bc40,120,WasmAllocateArray_Uninitialized
code-creation,Builtin,3,15804,0x5599f996bcc0,164,WasmAllocateSharedArray_Uninitialized
code-creation,Builtin,3,15815,0x5599f996bd80,96,WasmArrayNewSegment
code-creation,Builtin,3,15819,0x5599f996be00,180,WasmArrayInitSegment
code-creation,Builtin,3,15829,0x5599f996bec0,136,WasmArrayCopy
code-creation,Builtin,3,15834,0x5599f996bf80,100,WasmUint32ToNumber
code-creation,Builtin,3,15844,0x5599f996c000,132,UintPtr53ToNumber
code-creation,Builtin,3,15861,0x5599f996c0c0,380,WasmI32AtomicWait
code-creation,Builtin,3,15865,0x5599f996c240,288,WasmI64AtomicWait
code-creation,Builtin,3,15876,0x5599f996c380,192,WasmManagedObjectWait32
code-creation,Builtin,3,15880,0x5599f996c480,56,WasmManagedObjectWait64
code-creation,Builtin,3,15892,0x5599f996c4c0,56,WasmManagedObjectWaitRef
code-creation,Builtin,3,15896,0x5599f996c500,28,WasmWaitqueueNew
code-creation,Builtin,3,15912,0x5599f996c540,1156,CallRefIC
code-creation,Builtin,3,15917,0x5599f996ca00,1020,CallIndirectIC
code-creation,Builtin,3,15920,0x5599f996ce00,92,WasmTrap
code-creation,Builtin,3,15921,0x5599f996ce80,12,ThrowWasmTrapUnreachable
code-creation,Builtin,3,15923,0x5599f996cec0,80,WasmTrapHandlerThrowTrap
code-creation,Builtin,3,15925,0x5599f996cf40,20,WasmPropagateException
code-creation,Builtin,3,15927,0x5599f996cf80,12,ThrowWasmTrapMemOutOfBounds
code-creation,Builtin,3,15929,0x5599f996cfc0,12,ThrowWasmTrapUnalignedAccess
code-creation,Builtin,3,15931,0x5599f996d000,12,ThrowWasmTrapDivByZero
code-creation,Builtin,3,15933,0x5599f996d040,12,ThrowWasmTrapDivUnrepresentable
code-creation,Builtin,3,15935,0x5599f996d080,12,ThrowWasmTrapRemByZero
code-creation,Builtin,3,15936,0x5599f996d0c0,12,ThrowWasmTrapFloatUnrepresentable
code-creation,Builtin,3,15938,0x5599f996d100,12,ThrowWasmTrapFuncSigMismatch
code-creation,Builtin,3,15957,0x5599f996d140,12,ThrowWasmTrapNullFunc
code-creation,Builtin,3,15980,0x5599f996d180,12,ThrowWasmTrapDataSegmentOutOfBounds
code-creation,Builtin,3,15986,0x5599f996d1c0,12,ThrowWasmTrapElementSegmentOutOfBounds
code-creation,Builtin,3,16001,0x5599f996d200,12,ThrowWasmTrapTableOutOfBounds
code-creation,Builtin,3,16006,0x5599f996d240,12,ThrowWasmTrapRethrowNull
code-creation,Builtin,3,16021,0x5599f996d280,12,ThrowWasmTrapNullDereference
code-creation,Builtin,3,16037,0x5599f996d2c0,12,ThrowWasmTrapIllegalCast
code-creation,Builtin,3,16051,0x5599f996d300,12,ThrowWasmTrapArrayOutOfBounds
code-creation,Builtin,3,16059,0x5599f996d340,12,ThrowWasmTrapArrayTooLarge
code-creation,Builtin,3,16070,0x5599f996d380,12,ThrowWasmTrapStringOffsetOutOfBounds
code-creation,Builtin,3,16076,0x5599f996d3c0,24,WasmTypeAssertionFailed
code-creation,Builtin,3,16087,0x5599f996d400,12,ThrowWasmTrapResume
code-creation,Builtin,3,16091,0x5599f996d440,12,ThrowWasmTrapSuspend
code-creation,Builtin,3,16101,0x5599f996d480,12,ThrowWasmTrapSwitch
code-creation,Builtin,3,16105,0x5599f996d4c0,476,WasmStringNewWtf8
code-creation,Builtin,3,16116,0x5599f996d6c0,160,WasmStringNewWtf8Array
code-creation,Builtin,3,16120,0x5599f996d780,476,WasmStringNewWtf16
code-creation,Builtin,3,16131,0x5599f996d980,1292,WasmStringNewWtf16Array
code-creation,Builtin,3,16135,0x5599f996dec0,144,WasmStringFromDataSegment
code-creation,Builtin,3,16146,0x5599f996df80,240,WasmStringAsWtf16
code-creation,Builtin,3,16150,0x5599f996e080,44,WasmStringConst
code-creation,Builtin,3,16152,0x5599f996e0c0,96,WasmStringMeasureUtf8
code-creation,Builtin,3,16155,0x5599f996e140,96,WasmStringMeasureWtf8
code-creation,Builtin,3,16157,0x5599f996e1c0,276,WasmStringEncodeWtf8
code-creation,Builtin,3,16167,0x5599f996e300,324,WasmStringEncodeWtf8Array
code-creation,Builtin,3,16172,0x5599f996e480,48,WasmStringToUtf8Array
code-creation,Builtin,3,16182,0x5599f996e4c0,228,WasmStringEncodeWtf16
code-creation,Builtin,3,16187,0x5599f996e5c0,1228,WasmStringEncodeWtf16Array
code-creation,Builtin,3,16197,0x5599f996eac0,60,ThrowToLowerCaseCalledOnNull
code-creation,Builtin,3,16202,0x5599f996eb00,60,ThrowIndexOfCalledOnNull
code-creation,Builtin,3,16212,0x5599f996eb40,48,ThrowDataViewTypeError
code-creation,Builtin,3,16217,0x5599f996eb80,44,ThrowDataViewDetachedError
code-creation,Builtin,3,16227,0x5599f996ebc0,44,ThrowDataViewOutOfBounds
code-creation,Builtin,3,16231,0x5599f996ec00,20,WasmStringConcat
code-creation,Builtin,3,16244,0x5599f996ec40,44,WasmStringAdd_NoMapCheck_Shared
code-creation,Builtin,3,16249,0x5599f996ec80,264,WasmStringEqual
code-creation,Builtin,3,16262,0x5599f996edc0,120,WasmStringIsUSVSequence
code-creation,Builtin,3,16267,0x5599f996ee40,40,WasmStringAsWtf8
code-creation,Builtin,3,16277,0x5599f996ee80,212,WasmStringViewWtf8Advance
code-creation,Builtin,3,16281,0x5599f996ef80,708,WasmStringViewWtf8Encode
code-creation,Builtin,3,16291,0x5599f996f280,524,WasmStringViewWtf8Slice
code-creation,Builtin,3,16296,0x5599f996f4c0,480,WasmStringViewWtf16GetCodeUnit
code-creation,Builtin,3,16310,0x5599f996f6c0,264,WasmStringViewWtf16Encode
code-creation,Builtin,3,16325,0x5599f996f800,6072,WasmStringViewWtf16Slice
code-creation,Builtin,3,16329,0x5599f9970fc0,76,WasmStringSliceShared
code-creation,Builtin,3,16339,0x5599f9971040,88,WasmStringAsIter
code-creation,Builtin,3,16344,0x5599f99710c0,1032,WasmStringCodePointAt
code-creation,Builtin,3,16354,0x5599f9971500,1048,WasmStringViewIterNext
code-creation,Builtin,3,16359,0x5599f9971940,1084,WasmStringViewIterAdvance
code-creation,Builtin,3,16369,0x5599f9971d80,1144,WasmStringViewIterRewind
code-creation,Builtin,3,16374,0x5599f9972200,4716,WasmStringViewIterSlice
code-creation,Builtin,3,16384,0x5599f9973480,2076,WasmIntToString
code-creation,Builtin,3,16389,0x5599f9973cc0,504,WasmStringToDouble
code-creation,Builtin,3,16399,0x5599f9973ec0,280,WasmStringFromCodePoint
code-creation,Builtin,3,16404,0x5599f9974000,36,WasmStringHash
code-creation,Builtin,3,16414,0x5599f9974040,56,WasmAnyConvertExtern
code-creation,Builtin,3,16418,0x5599f9974080,56,WasmAnyConvertExternShared
code-creation,Builtin,3,16428,0x5599f99740c0,456,WasmFastApiCallTypeCheckAndUpdateIC
code-creation,Builtin,3,16433,0x5599f99742c0,3712,WasmStringIndexOf
code-creation,Builtin,3,16443,0x5599f9975180,84,WasmLiftoffIsEqRefUnshared
code-creation,Builtin,3,16448,0x5599f9975200,68,WasmLiftoffIsArrayRefUnshared
code-creation,Builtin,3,16461,0x5599f9975280,68,WasmLiftoffIsStructRefUnshared
code-creation,Builtin,3,16465,0x5599f9975300,84,WasmLiftoffCastEqRefUnshared
code-creation,Builtin,3,16476,0x5599f9975380,60,WasmLiftoffCastArrayRefUnshared
code-creation,Builtin,3,16480,0x5599f99753c0,60,WasmLiftoffCastStructRefUnshared
code-creation,Builtin,3,16491,0x5599f9975400,116,WebAssemblyStringCast
code-creation,Builtin,3,16495,0x5599f9975480,88,WebAssemblyStringTest
code-creation,Builtin,3,16506,0x5599f9975500,364,WebAssemblyStringFromWtf16Array
code-creation,Builtin,3,16511,0x5599f9975680,372,WebAssemblyStringFromWtf16ArrayShared
code-creation,Builtin,3,16521,0x5599f9975800,376,WebAssemblyStringFromUtf8Array
code-creation,Builtin,3,16526,0x5599f9975980,376,WebAssemblyStringFromUtf8ArrayShared
code-creation,Builtin,3,16536,0x5599f9975b00,424,WebAssemblyStringIntoUtf8Array
code-creation,Builtin,3,16541,0x5599f9975cc0,424,WebAssemblyStringIntoUtf8ArrayShared
code-creation,Builtin,3,16551,0x5599f9975e80,136,WebAssemblyStringToUtf8Array
code-creation,Builtin,3,16555,0x5599f9975f40,136,WebAssemblyStringToUtf8ArrayShared
code-creation,Builtin,3,16567,0x5599f9976000,300,WebAssemblyStringToWtf16Array
code-creation,Builtin,3,16579,0x5599f9976140,300,WebAssemblyStringToWtf16ArrayShared
code-creation,Builtin,3,16583,0x5599f9976280,260,WebAssemblyStringFromCharCode
code-creation,Builtin,3,16593,0x5599f99763c0,176,WebAssemblyStringFromCharCodeShared
code-creation,Builtin,3,16597,0x5599f9976480,320,WebAssemblyStringFromCodePoint
code-creation,Builtin,3,16608,0x5599f9976600,144,WebAssemblyStringFromCodePointShared
code-creation,Builtin,3,16612,0x5599f99766c0,1160,WebAssemblyStringCodePointAt
code-creation,Builtin,3,16622,0x5599f9976b80,648,WebAssemblyStringCharCodeAt
code-creation,Builtin,3,16627,0x5599f9976e40,120,WebAssemblyStringLength
code-creation,Builtin,3,16637,0x5599f9976ec0,132,WebAssemblyStringMeasureUtf8
code-creation,Builtin,3,16642,0x5599f9976f80,144,WebAssemblyStringConcat
code-creation,Builtin,3,16654,0x5599f9977040,376,WebAssemblyStringSubstring
code-creation,Builtin,3,16658,0x5599f99771c0,264,WebAssemblyStringEquals
code-creation,Builtin,3,16661,0x5599f9977300,144,WebAssemblyStringCompare
code-creation,Builtin,3,16671,0x5599f99773c0,128,WebAssemblyConfigureAllPrototypes
code-creation,Builtin,3,16676,0x5599f9977480,160,LoadJoinElement_GenericElementsAccessor_0
code-creation,Builtin,3,16687,0x5599f9977540,120,LoadJoinTypedElement_Int32Elements_0
code-creation,Builtin,3,16691,0x5599f99775c0,308,LoadJoinTypedElement_Float16Elements_0
code-creation,Builtin,3,16703,0x5599f9977700,112,LoadJoinTypedElement_Float32Elements_0
code-creation,Builtin,3,16715,0x5599f9977780,108,LoadJoinTypedElement_Float64Elements_0
code-creation,Builtin,3,16719,0x5599f9977800,28,LoadJoinTypedElement_Uint8ClampedElements_0
code-creation,Builtin,3,16733,0x5599f9977840,188,LoadJoinTypedElement_BigUint64Elements_0
code-creation,Builtin,3,16747,0x5599f9977900,232,LoadJoinTypedElement_BigInt64Elements_0
code-creation,Builtin,3,16760,0x5599f9977a00,28,LoadJoinTypedElement_Uint8Elements_0
code-creation,Builtin,3,16764,0x5599f9977a40,28,LoadJoinTypedElement_Int8Elements_0
code-creation,Builtin,3,16774,0x5599f9977a80,28,LoadJoinTypedElement_Uint16Elements_0
code-creation,Builtin,3,16778,0x5599f9977ac0,28,LoadJoinTypedElement_Int16Elements_0
code-creation,Builtin,3,16789,0x5599f9977b00,124,LoadJoinTypedElement_Uint32Elements_0
code-creation,Builtin,3,16794,0x5599f9977b80,8,GenericBuiltinTest_Smi_0
code-creation,Builtin,3,16805,0x5599f9977bc0,28,CanUseSameAccessor_FastDoubleElements_0
code-creation,Builtin,3,16809,0x5599f9977c00,28,CanUseSameAccessor_FastSmiElements_0
code-creation,Builtin,3,16820,0x5599f9977c40,28,CanUseSameAccessor_FastObjectElements_0
code-creation,Builtin,3,16824,0x5599f9977c80,24,LoadNoHasPropertyCheck_GenericElementsAccessor_0
code-creation,Builtin,3,16835,0x5599f9977cc0,3704,Load_GenericElementsAccessor_0
code-creation,Builtin,3,16839,0x5599f9978b40,28,Store_GenericElementsAccessor_0
code-creation,Builtin,3,16864,0x5599f9978b80,32,Delete_GenericElementsAccessor_0
code-creation,Builtin,3,16876,0x5599f9978bc0,120,LoadTypedElement_Int32Elements_0
code-creation,Builtin,3,16880,0x5599f9978c40,204,StoreTypedElementNumeric_Int32Elements_0
code-creation,Builtin,3,16899,0x5599f9978d40,536,StoreTypedElementJSAny_Int32Elements_0
code-creation,Builtin,3,16904,0x5599f9978f80,308,LoadTypedElement_Float16Elements_0
code-creation,Builtin,3,16914,0x5599f99790c0,240,StoreTypedElementNumeric_Float16Elements_0
code-creation,Builtin,3,16929,0x5599f99791c0,840,StoreTypedElementJSAny_Float16Elements_0
code-creation,Builtin,3,16944,0x5599f9979540,112,LoadTypedElement_Float32Elements_0
code-creation,Builtin,3,16959,0x5599f99795c0,36,StoreTypedElementNumeric_Float32Elements_0
code-creation,Builtin,3,16975,0x5599f9979600,508,StoreTypedElementJSAny_Float32Elements_0
code-creation,Builtin,3,16990,0x5599f9979800,108,LoadTypedElement_Float64Elements_0
code-creation,Builtin,3,17002,0x5599f9979880,32,StoreTypedElementNumeric_Float64Elements_0
code-creation,Builtin,3,17007,0x5599f99798c0,508,StoreTypedElementJSAny_Float64Elements_0
code-creation,Builtin,3,17018,0x5599f9979ac0,28,LoadTypedElement_Uint8ClampedElements_0
code-creation,Builtin,3,17031,0x5599f9979b00,28,StoreTypedElementNumeric_Uint8ClampedElements_0
code-creation,Builtin,3,17044,0x5599f9979b40,956,StoreTypedElementJSAny_Uint8ClampedElements_0
code-creation,Builtin,3,17058,0x5599f9979f00,188,LoadTypedElement_BigUint64Elements_0
code-creation,Builtin,3,17062,0x5599f9979fc0,76,StoreTypedElementNumeric_BigUint64Elements_0
code-creation,Builtin,3,17072,0x5599f997a040,528,StoreTypedElementJSAny_BigUint64Elements_0
code-creation,Builtin,3,17086,0x5599f997a280,232,LoadTypedElement_BigInt64Elements_0
code-creation,Builtin,3,17091,0x5599f997a380,76,StoreTypedElementNumeric_BigInt64Elements_0
code-creation,Builtin,3,17101,0x5599f997a400,528,StoreTypedElementJSAny_BigInt64Elements_0
code-creation,Builtin,3,17107,0x5599f997a640,28,LoadTypedElement_Uint8Elements_0
code-creation,Builtin,3,17117,0x5599f997a680,28,StoreTypedElementNumeric_Uint8Elements_0
code-creation,Builtin,3,17122,0x5599f997a6c0,536,StoreTypedElementJSAny_Uint8Elements_0
code-creation,Builtin,3,17132,0x5599f997a900,28,LoadTypedElement_Int8Elements_0
code-creation,Builtin,3,17136,0x5599f997a940,28,StoreTypedElementNumeric_Int8Elements_0
code-creation,Builtin,3,17147,0x5599f997a980,536,StoreTypedElementJSAny_Int8Elements_0
code-creation,Builtin,3,17151,0x5599f997abc0,28,LoadTypedElement_Uint16Elements_0
code-creation,Builtin,3,17154,0x5599f997ac00,28,StoreTypedElementNumeric_Uint16Elements_0
code-creation,Builtin,3,17162,0x5599f997ac40,536,StoreTypedElementJSAny_Uint16Elements_0
code-creation,Builtin,3,17175,0x5599f997ae80,28,LoadTypedElement_Int16Elements_0
code-creation,Builtin,3,17180,0x5599f997aec0,28,StoreTypedElementNumeric_Int16Elements_0
code-creation,Builtin,3,17201,0x5599f997af00,536,StoreTypedElementJSAny_Int16Elements_0
code-creation,Builtin,3,17221,0x5599f997b140,124,LoadTypedElement_Uint32Elements_0
code-creation,Builtin,3,17234,0x5599f997b1c0,204,StoreTypedElementNumeric_Uint32Elements_0
code-creation,Builtin,3,17263,0x5599f997b2c0,536,StoreTypedElementJSAny_Uint32Elements_0
code-creation,Builtin,3,17277,0x5599f997b500,12,CollatorConstructor
code-creation,Builtin,3,17281,0x5599f997b540,12,CollatorInternalCompare
code-creation,Builtin,3,17291,0x5599f997b580,12,CollatorPrototypeCompare
code-creation,Builtin,3,17295,0x5599f997b5c0,12,CollatorSupportedLocalesOf
code-creation,Builtin,3,17306,0x5599f997b600,12,CollatorPrototypeResolvedOptions
code-creation,Builtin,3,17310,0x5599f997b640,12,DatePrototypeToLocaleDateString
code-creation,Builtin,3,17321,0x5599f997b680,12,DatePrototypeToLocaleString
code-creation,Builtin,3,17325,0x5599f997b6c0,12,DatePrototypeToLocaleTimeString
code-creation,Builtin,3,17336,0x5599f997b700,12,DateTimeFormatConstructor
code-creation,Builtin,3,17340,0x5599f997b740,12,DateTimeFormatInternalFormat
code-creation,Builtin,3,17351,0x5599f997b780,12,DateTimeFormatPrototypeFormat
code-creation,Builtin,3,17355,0x5599f997b7c0,12,DateTimeFormatPrototypeFormatRange
code-creation,Builtin,3,17366,0x5599f997b800,12,DateTimeFormatPrototypeFormatRangeToParts
code-creation,Builtin,3,17371,0x5599f997b840,12,DateTimeFormatPrototypeFormatToParts
code-creation,Builtin,3,17381,0x5599f997b880,12,DateTimeFormatPrototypeResolvedOptions
code-creation,Builtin,3,17386,0x5599f997b8c0,12,DateTimeFormatSupportedLocalesOf
code-creation,Builtin,3,17396,0x5599f997b900,12,DisplayNamesConstructor
code-creation,Builtin,3,17401,0x5599f997b940,12,DisplayNamesPrototypeOf
code-creation,Builtin,3,17411,0x5599f997b980,12,DisplayNamesPrototypeResolvedOptions
code-creation,Builtin,3,17416,0x5599f997b9c0,12,DisplayNamesSupportedLocalesOf
code-creation,Builtin,3,17427,0x5599f997ba00,12,DurationFormatConstructor
code-creation,Builtin,3,17432,0x5599f997ba40,12,DurationFormatPrototypeFormat
code-creation,Builtin,3,17443,0x5599f997ba80,12,DurationFormatPrototypeFormatToParts
code-creation,Builtin,3,17447,0x5599f997bac0,12,DurationFormatPrototypeResolvedOptions
code-creation,Builtin,3,17459,0x5599f997bb00,12,DurationFormatSupportedLocalesOf
code-creation,Builtin,3,17463,0x5599f997bb40,12,IntlGetCanonicalLocales
code-creation,Builtin,3,17466,0x5599f997bb80,12,IntlSupportedValuesOf
code-creation,Builtin,3,17468,0x5599f997bbc0,12,ListFormatConstructor
code-creation,Builtin,3,17479,0x5599f997bc00,212,ListFormatPrototypeFormat
code-creation,Builtin,3,17483,0x5599f997bd00,212,ListFormatPrototypeFormatToParts
code-creation,Builtin,3,17495,0x5599f997be00,12,ListFormatPrototypeResolvedOptions
code-creation,Builtin,3,17500,0x5599f997be40,12,ListFormatSupportedLocalesOf
code-creation,Builtin,3,17511,0x5599f997be80,12,LocaleConstructor
code-creation,Builtin,3,17515,0x5599f997bec0,12,LocalePrototypeBaseName
code-creation,Builtin,3,17526,0x5599f997bf00,12,LocalePrototypeCalendar
code-creation,Builtin,3,17531,0x5599f997bf40,12,LocalePrototypeCaseFirst
code-creation,Builtin,3,17542,0x5599f997bf80,12,LocalePrototypeCollation
code-creation,Builtin,3,17546,0x5599f997bfc0,12,LocalePrototypeFirstDayOfWeek
code-creation,Builtin,3,17558,0x5599f997c000,12,LocalePrototypeGetCalendars
code-creation,Builtin,3,17563,0x5599f997c040,12,LocalePrototypeGetCollations
code-creation,Builtin,3,17574,0x5599f997c080,12,LocalePrototypeGetHourCycles
code-creation,Builtin,3,17578,0x5599f997c0c0,12,LocalePrototypeGetNumberingSystems
code-creation,Builtin,3,17589,0x5599f997c100,12,LocalePrototypeGetTimeZones
code-creation,Builtin,3,17594,0x5599f997c140,12,LocalePrototypeGetTextInfo
code-creation,Builtin,3,17605,0x5599f997c180,12,LocalePrototypeGetWeekInfo
code-creation,Builtin,3,17609,0x5599f997c1c0,12,LocalePrototypeHourCycle
code-creation,Builtin,3,17611,0x5599f997c200,12,LocalePrototypeLanguage
code-creation,Builtin,3,17622,0x5599f997c240,12,LocalePrototypeMaximize
code-creation,Builtin,3,17626,0x5599f997c280,12,LocalePrototypeMinimize
code-creation,Builtin,3,17641,0x5599f997c2c0,12,LocalePrototypeNumeric
code-creation,Builtin,3,17645,0x5599f997c300,12,LocalePrototypeNumberingSystem
code-creation,Builtin,3,17656,0x5599f997c340,12,LocalePrototypeRegion
code-creation,Builtin,3,17660,0x5599f997c380,12,LocalePrototypeScript
code-creation,Builtin,3,17663,0x5599f997c3c0,12,LocalePrototypeToString
code-creation,Builtin,3,17673,0x5599f997c400,12,LocalePrototypeVariants
code-creation,Builtin,3,17676,0x5599f997c440,12,NumberFormatConstructor
code-creation,Builtin,3,17688,0x5599f997c480,12,NumberFormatInternalFormatNumber
code-creation,Builtin,3,17692,0x5599f997c4c0,12,NumberFormatPrototypeFormatNumber
code-creation,Builtin,3,17695,0x5599f997c500,12,NumberFormatPrototypeFormatRange
code-creation,Builtin,3,17706,0x5599f997c540,12,NumberFormatPrototypeFormatRangeToParts
code-creation,Builtin,3,17710,0x5599f997c580,12,NumberFormatPrototypeFormatToParts
code-creation,Builtin,3,17722,0x5599f997c5c0,12,NumberFormatPrototypeResolvedOptions
code-creation,Builtin,3,17727,0x5599f997c600,12,NumberFormatSupportedLocalesOf
code-creation,Builtin,3,17739,0x5599f997c640,12,PluralRulesConstructor
code-creation,Builtin,3,17744,0x5599f997c680,12,PluralRulesPrototypeResolvedOptions
code-creation,Builtin,3,17755,0x5599f997c6c0,12,PluralRulesPrototypeSelect
code-creation,Builtin,3,17759,0x5599f997c700,12,PluralRulesPrototypeSelectRange
code-creation,Builtin,3,17769,0x5599f997c740,12,PluralRulesSupportedLocalesOf
code-creation,Builtin,3,17773,0x5599f997c780,12,RelativeTimeFormatConstructor
code-creation,Builtin,3,17784,0x5599f997c7c0,12,RelativeTimeFormatPrototypeFormat
code-creation,Builtin,3,17788,0x5599f997c800,12,RelativeTimeFormatPrototypeFormatToParts
code-creation,Builtin,3,17791,0x5599f997c840,12,RelativeTimeFormatPrototypeResolvedOptions
code-creation,Builtin,3,17793,0x5599f997c880,12,RelativeTimeFormatSupportedLocalesOf
code-creation,Builtin,3,17795,0x5599f997c8c0,12,SegmenterConstructor
code-creation,Builtin,3,17798,0x5599f997c900,12,SegmenterPrototypeResolvedOptions
code-creation,Builtin,3,17809,0x5599f997c940,12,SegmenterPrototypeSegment
code-creation,Builtin,3,17813,0x5599f997c980,12,SegmenterSupportedLocalesOf
code-creation,Builtin,3,17824,0x5599f997c9c0,12,SegmentIteratorPrototypeNext
code-creation,Builtin,3,17828,0x5599f997ca00,12,SegmentsPrototypeContaining
code-creation,Builtin,3,17839,0x5599f997ca40,12,SegmentsPrototypeIterator
code-creation,Builtin,3,17843,0x5599f997ca80,12,StringPrototypeLocaleCompareIntl
code-creation,Builtin,3,17874,0x5599f997cac0,12,StringPrototypeNormalizeIntl
code-creation,Builtin,3,17879,0x5599f997cb00,1956,StringPrototypeToLocaleLowerCase
code-creation,Builtin,3,17890,0x5599f997d2c0,12,StringPrototypeToLocaleUpperCase
code-creation,Builtin,3,17895,0x5599f997d300,196,StringPrototypeToLowerCaseIntl
code-creation,Builtin,3,17898,0x5599f997d400,12,StringPrototypeToUpperCaseIntl
code-creation,Builtin,3,17909,0x5599f997d440,872,StringToLowerCaseIntl
code-creation,Builtin,3,17913,0x5599f997d7c0,872,WasmStringToLowerCaseIntl
code-creation,Builtin,3,17915,0x5599f997db40,12,V8BreakIteratorConstructor
code-creation,Builtin,3,17918,0x5599f997db80,12,V8BreakIteratorInternalAdoptText
code-creation,Builtin,3,17920,0x5599f997dbc0,12,V8BreakIteratorInternalBreakType
code-creation,Builtin,3,17922,0x5599f997dc00,12,V8BreakIteratorInternalCurrent
code-creation,Builtin,3,17924,0x5599f997dc40,12,V8BreakIteratorInternalFirst
code-creation,Builtin,3,17926,0x5599f997dc80,12,V8BreakIteratorInternalNext
code-creation,Builtin,3,17927,0x5599f997dcc0,12,V8BreakIteratorPrototypeAdoptText
code-creation,Builtin,3,17929,0x5599f997dd00,12,V8BreakIteratorPrototypeBreakType
code-creation,Builtin,3,17962,0x5599f997dd40,12,V8BreakIteratorPrototypeCurrent
code-creation,Builtin,3,17965,0x5599f997dd80,12,V8BreakIteratorPrototypeFirst
code-creation,Builtin,3,17969,0x5599f997ddc0,12,V8BreakIteratorPrototypeNext
code-creation,Builtin,3,17979,0x5599f997de00,12,V8BreakIteratorPrototypeResolvedOptions
code-creation,Builtin,3,17994,0x5599f997de40,12,V8BreakIteratorSupportedLocalesOf
code-creation,Builtin,3,18011,0x5599f997de80,12,TemporalNowInstant
code-creation,Builtin,3,18015,0x5599f997dec0,12,TemporalNowTimeZoneId
code-creation,Builtin,3,18017,0x5599f997df00,12,TemporalNowPlainDateTimeISO
code-creation,Builtin,3,18028,0x5599f997df40,12,TemporalNowZonedDateTimeISO
code-creation,Builtin,3,18032,0x5599f997df80,12,TemporalNowPlainDateISO
code-creation,Builtin,3,18035,0x5599f997dfc0,12,TemporalNowPlainTimeISO
code-creation,Builtin,3,18045,0x5599f997e000,12,TemporalPlainDateConstructor
code-creation,Builtin,3,18050,0x5599f997e040,12,TemporalPlainDateFrom
code-creation,Builtin,3,18061,0x5599f997e080,12,TemporalPlainDateCompare
code-creation,Builtin,3,18066,0x5599f997e0c0,12,TemporalPlainDatePrototypeCalendarId
code-creation,Builtin,3,18077,0x5599f997e100,12,TemporalPlainDatePrototypeEra
code-creation,Builtin,3,18081,0x5599f997e140,12,TemporalPlainDatePrototypeEraYear
code-creation,Builtin,3,18092,0x5599f997e180,12,TemporalPlainDatePrototypeYear
code-creation,Builtin,3,18096,0x5599f997e1c0,12,TemporalPlainDatePrototypeMonth
code-creation,Builtin,3,18106,0x5599f997e200,12,TemporalPlainDatePrototypeMonthCode
code-creation,Builtin,3,18111,0x5599f997e240,12,TemporalPlainDatePrototypeDay
code-creation,Builtin,3,18121,0x5599f997e280,12,TemporalPlainDatePrototypeDayOfWeek
code-creation,Builtin,3,18126,0x5599f997e2c0,12,TemporalPlainDatePrototypeDayOfYear
code-creation,Builtin,3,18136,0x5599f997e300,12,TemporalPlainDatePrototypeWeekOfYear
code-creation,Builtin,3,18140,0x5599f997e340,12,TemporalPlainDatePrototypeYearOfWeek
code-creation,Builtin,3,18152,0x5599f997e380,12,TemporalPlainDatePrototypeDaysInWeek
code-creation,Builtin,3,18156,0x5599f997e3c0,12,TemporalPlainDatePrototypeDaysInMonth
code-creation,Builtin,3,18159,0x5599f997e400,12,TemporalPlainDatePrototypeDaysInYear
code-creation,Builtin,3,18168,0x5599f997e440,12,TemporalPlainDatePrototypeMonthsInYear
code-creation,Builtin,3,18173,0x5599f997e480,12,TemporalPlainDatePrototypeInLeapYear
code-creation,Builtin,3,18183,0x5599f997e4c0,12,TemporalPlainDatePrototypeToPlainYearMonth
code-creation,Builtin,3,18188,0x5599f997e500,12,TemporalPlainDatePrototypeToPlainMonthDay
code-creation,Builtin,3,18198,0x5599f997e540,12,TemporalPlainDatePrototypeAdd
code-creation,Builtin,3,18203,0x5599f997e580,12,TemporalPlainDatePrototypeSubtract
code-creation,Builtin,3,18216,0x5599f997e5c0,12,TemporalPlainDatePrototypeWith
code-creation,Builtin,3,18224,0x5599f997e600,12,TemporalPlainDatePrototypeWithCalendar
code-creation,Builtin,3,18242,0x5599f997e640,12,TemporalPlainDatePrototypeUntil
code-creation,Builtin,3,18256,0x5599f997e680,12,TemporalPlainDatePrototypeSince
code-creation,Builtin,3,18261,0x5599f997e6c0,12,TemporalPlainDatePrototypeEquals
code-creation,Builtin,3,18278,0x5599f997e700,12,TemporalPlainDatePrototypeToPlainDateTime
code-creation,Builtin,3,18292,0x5599f997e740,12,TemporalPlainDatePrototypeToZonedDateTime
code-creation,Builtin,3,18296,0x5599f997e780,12,TemporalPlainDatePrototypeToString
code-creation,Builtin,3,18306,0x5599f997e7c0,12,TemporalPlainDatePrototypeToLocaleString
code-creation,Builtin,3,18311,0x5599f997e800,12,TemporalPlainDatePrototypeToJSON
code-creation,Builtin,3,18322,0x5599f997e840,12,TemporalPlainDatePrototypeValueOf
code-creation,Builtin,3,18326,0x5599f997e880,12,TemporalPlainTimeConstructor
code-creation,Builtin,3,18336,0x5599f997e8c0,12,TemporalPlainTimeFrom
code-creation,Builtin,3,18340,0x5599f997e900,12,TemporalPlainTimeCompare
code-creation,Builtin,3,18351,0x5599f997e940,12,TemporalPlainTimePrototypeHour
code-creation,Builtin,3,18356,0x5599f997e980,12,TemporalPlainTimePrototypeMinute
code-creation,Builtin,3,18366,0x5599f997e9c0,12,TemporalPlainTimePrototypeSecond
code-creation,Builtin,3,18371,0x5599f997ea00,12,TemporalPlainTimePrototypeMillisecond
code-creation,Builtin,3,18381,0x5599f997ea40,12,TemporalPlainTimePrototypeMicrosecond
code-creation,Builtin,3,18386,0x5599f997ea80,12,TemporalPlainTimePrototypeNanosecond
code-creation,Builtin,3,18396,0x5599f997eac0,12,TemporalPlainTimePrototypeAdd
code-creation,Builtin,3,18411,0x5599f997eb00,12,TemporalPlainTimePrototypeSubtract
code-creation,Builtin,3,18415,0x5599f997eb40,12,TemporalPlainTimePrototypeWith
code-creation,Builtin,3,18426,0x5599f997eb80,12,TemporalPlainTimePrototypeUntil
code-creation,Builtin,3,18430,0x5599f997ebc0,12,TemporalPlainTimePrototypeSince
code-creation,Builtin,3,18441,0x5599f997ec00,12,TemporalPlainTimePrototypeRound
code-creation,Builtin,3,18445,0x5599f997ec40,12,TemporalPlainTimePrototypeEquals
code-creation,Builtin,3,18455,0x5599f997ec80,12,TemporalPlainTimePrototypeToString
code-creation,Builtin,3,18460,0x5599f997ecc0,12,TemporalPlainTimePrototypeToLocaleString
code-creation,Builtin,3,18470,0x5599f997ed00,12,TemporalPlainTimePrototypeToJSON
code-creation,Builtin,3,18474,0x5599f997ed40,12,TemporalPlainTimePrototypeValueOf
code-creation,Builtin,3,18485,0x5599f997ed80,12,TemporalPlainDateTimeConstructor
code-creation,Builtin,3,18489,0x5599f997edc0,12,TemporalPlainDateTimeFrom
code-creation,Builtin,3,18499,0x5599f997ee00,12,TemporalPlainDateTimeCompare
code-creation,Builtin,3,18503,0x5599f997ee40,12,TemporalPlainDateTimePrototypeCalendarId
code-creation,Builtin,3,18514,0x5599f997ee80,12,TemporalPlainDateTimePrototypeEra
code-creation,Builtin,3,18518,0x5599f997eec0,12,TemporalPlainDateTimePrototypeEraYear
code-creation,Builtin,3,18529,0x5599f997ef00,12,TemporalPlainDateTimePrototypeYear
code-creation,Builtin,3,18533,0x5599f997ef40,12,TemporalPlainDateTimePrototypeMonth
code-creation,Builtin,3,18544,0x5599f997ef80,12,TemporalPlainDateTimePrototypeMonthCode
code-creation,Builtin,3,18548,0x5599f997efc0,12,TemporalPlainDateTimePrototypeDay
code-creation,Builtin,3,18559,0x5599f997f000,12,TemporalPlainDateTimePrototypeHour
code-creation,Builtin,3,18563,0x5599f997f040,12,TemporalPlainDateTimePrototypeMinute
code-creation,Builtin,3,18573,0x5599f997f080,12,TemporalPlainDateTimePrototypeSecond
code-creation,Builtin,3,18578,0x5599f997f0c0,12,TemporalPlainDateTimePrototypeMillisecond
code-creation,Builtin,3,18589,0x5599f997f100,12,TemporalPlainDateTimePrototypeMicrosecond
code-creation,Builtin,3,18593,0x5599f997f140,12,TemporalPlainDateTimePrototypeNanosecond
code-creation,Builtin,3,18603,0x5599f997f180,12,TemporalPlainDateTimePrototypeDayOfWeek
code-creation,Builtin,3,18608,0x5599f997f1c0,12,TemporalPlainDateTimePrototypeDayOfYear
code-creation,Builtin,3,18618,0x5599f997f200,12,TemporalPlainDateTimePrototypeWeekOfYear
code-creation,Builtin,3,18624,0x5599f997f240,12,TemporalPlainDateTimePrototypeYearOfWeek
code-creation,Builtin,3,18637,0x5599f997f280,12,TemporalPlainDateTimePrototypeDaysInWeek
code-creation,Builtin,3,18649,0x5599f997f2c0,12,TemporalPlainDateTimePrototypeDaysInMonth
code-creation,Builtin,3,18654,0x5599f997f300,12,TemporalPlainDateTimePrototypeDaysInYear
code-creation,Builtin,3,18664,0x5599f997f340,12,TemporalPlainDateTimePrototypeMonthsInYear
code-creation,Builtin,3,18670,0x5599f997f380,12,TemporalPlainDateTimePrototypeInLeapYear
code-creation,Builtin,3,18681,0x5599f997f3c0,12,TemporalPlainDateTimePrototypeWith
code-creation,Builtin,3,18685,0x5599f997f400,12,TemporalPlainDateTimePrototypeWithPlainTime
code-creation,Builtin,3,18695,0x5599f997f440,12,TemporalPlainDateTimePrototypeWithCalendar
code-creation,Builtin,3,18700,0x5599f997f480,12,TemporalPlainDateTimePrototypeAdd
code-creation,Builtin,3,18711,0x5599f997f4c0,12,TemporalPlainDateTimePrototypeSubtract
code-creation,Builtin,3,18716,0x5599f997f500,12,TemporalPlainDateTimePrototypeUntil
code-creation,Builtin,3,18726,0x5599f997f540,12,TemporalPlainDateTimePrototypeSince
code-creation,Builtin,3,18730,0x5599f997f580,12,TemporalPlainDateTimePrototypeRound
code-creation,Builtin,3,18743,0x5599f997f5c0,12,TemporalPlainDateTimePrototypeEquals
code-creation,Builtin,3,18755,0x5599f997f600,12,TemporalPlainDateTimePrototypeToString
code-creation,Builtin,3,18759,0x5599f997f640,12,TemporalPlainDateTimePrototypeToJSON
code-creation,Builtin,3,18769,0x5599f997f680,12,TemporalPlainDateTimePrototypeToLocaleString
code-creation,Builtin,3,18782,0x5599f997f6c0,12,TemporalPlainDateTimePrototypeValueOf
code-creation,Builtin,3,18787,0x5599f997f700,12,TemporalPlainDateTimePrototypeToZonedDateTime
code-creation,Builtin,3,18800,0x5599f997f740,12,TemporalPlainDateTimePrototypeToPlainDate
code-creation,Builtin,3,18804,0x5599f997f780,12,TemporalPlainDateTimePrototypeToPlainTime
code-creation,Builtin,3,18815,0x5599f997f7c0,12,TemporalZonedDateTimeConstructor
code-creation,Builtin,3,18821,0x5599f997f800,12,TemporalZonedDateTimeFrom
code-creation,Builtin,3,18831,0x5599f997f840,12,TemporalZonedDateTimeCompare
code-creation,Builtin,3,18835,0x5599f997f880,12,TemporalZonedDateTimePrototypeTimeZoneId
code-creation,Builtin,3,18838,0x5599f997f8c0,12,TemporalZonedDateTimePrototypeCalendarId
code-creation,Builtin,3,18840,0x5599f997f900,12,TemporalZonedDateTimePrototypeEra
code-creation,Builtin,3,18842,0x5599f997f940,12,TemporalZonedDateTimePrototypeEraYear
code-creation,Builtin,3,18844,0x5599f997f980,12,TemporalZonedDateTimePrototypeYear
code-creation,Builtin,3,18861,0x5599f997f9c0,12,TemporalZonedDateTimePrototypeMonth
code-creation,Builtin,3,18865,0x5599f997fa00,12,TemporalZonedDateTimePrototypeMonthCode
code-creation,Builtin,3,18868,0x5599f997fa40,12,TemporalZonedDateTimePrototypeDay
code-creation,Builtin,3,18871,0x5599f997fa80,12,TemporalZonedDateTimePrototypeHour
code-creation,Builtin,3,18873,0x5599f997fac0,12,TemporalZonedDateTimePrototypeMinute
code-creation,Builtin,3,18875,0x5599f997fb00,12,TemporalZonedDateTimePrototypeSecond
code-creation,Builtin,3,18877,0x5599f997fb40,12,TemporalZonedDateTimePrototypeMillisecond
code-creation,Builtin,3,18879,0x5599f997fb80,12,TemporalZonedDateTimePrototypeMicrosecond
code-creation,Builtin,3,18882,0x5599f997fbc0,12,TemporalZonedDateTimePrototypeNanosecond
code-creation,Builtin,3,18884,0x5599f997fc00,12,TemporalZonedDateTimePrototypeEpochMilliseconds
code-creation,Builtin,3,18886,0x5599f997fc40,12,TemporalZonedDateTimePrototypeEpochNanoseconds
code-creation,Builtin,3,18888,0x5599f997fc80,12,TemporalZonedDateTimePrototypeDayOfWeek
code-creation,Builtin,3,18890,0x5599f997fcc0,12,TemporalZonedDateTimePrototypeDayOfYear
code-creation,Builtin,3,18892,0x5599f997fd00,12,TemporalZonedDateTimePrototypeWeekOfYear
code-creation,Builtin,3,18895,0x5599f997fd40,12,TemporalZonedDateTimePrototypeYearOfWeek
code-creation,Builtin,3,18897,0x5599f997fd80,12,TemporalZonedDateTimePrototypeHoursInDay
code-creation,Builtin,3,18899,0x5599f997fdc0,12,TemporalZonedDateTimePrototypeDaysInWeek
code-creation,Builtin,3,18901,0x5599f997fe00,12,TemporalZonedDateTimePrototypeDaysInMonth
code-creation,Builtin,3,18903,0x5599f997fe40,12,TemporalZonedDateTimePrototypeDaysInYear
code-creation,Builtin,3,18905,0x5599f997fe80,12,TemporalZonedDateTimePrototypeMonthsInYear
code-creation,Builtin,3,18907,0x5599f997fec0,12,TemporalZonedDateTimePrototypeInLeapYear
code-creation,Builtin,3,18909,0x5599f997ff00,12,TemporalZonedDateTimePrototypeOffsetNanoseconds
code-creation,Builtin,3,18912,0x5599f997ff40,12,TemporalZonedDateTimePrototypeOffset
code-creation,Builtin,3,18914,0x5599f997ff80,12,TemporalZonedDateTimePrototypeWith
code-creation,Builtin,3,18915,0x5599f997ffc0,12,TemporalZonedDateTimePrototypeWithPlainTime
code-creation,Builtin,3,18918,0x5599f9980000,12,TemporalZonedDateTimePrototypeWithTimeZone
code-creation,Builtin,3,18920,0x5599f9980040,12,TemporalZonedDateTimePrototypeWithCalendar
code-creation,Builtin,3,18922,0x5599f9980080,12,TemporalZonedDateTimePrototypeAdd
code-creation,Builtin,3,18924,0x5599f99800c0,12,TemporalZonedDateTimePrototypeSubtract
code-creation,Builtin,3,18926,0x5599f9980100,12,TemporalZonedDateTimePrototypeUntil
code-creation,Builtin,3,18928,0x5599f9980140,12,TemporalZonedDateTimePrototypeSince
code-creation,Builtin,3,18930,0x5599f9980180,12,TemporalZonedDateTimePrototypeRound
code-creation,Builtin,3,18932,0x5599f99801c0,12,TemporalZonedDateTimePrototypeEquals
code-creation,Builtin,3,18934,0x5599f9980200,12,TemporalZonedDateTimePrototypeToString
code-creation,Builtin,3,18936,0x5599f9980240,12,TemporalZonedDateTimePrototypeToJSON
code-creation,Builtin,3,18938,0x5599f9980280,12,TemporalZonedDateTimePrototypeToLocaleString
code-creation,Builtin,3,18943,0x5599f99802c0,12,TemporalZonedDateTimePrototypeValueOf
code-creation,Builtin,3,18945,0x5599f9980300,12,TemporalZonedDateTimePrototypeStartOfDay
code-creation,Builtin,3,18948,0x5599f9980340,12,TemporalZonedDateTimePrototypeGetTimeZoneTransition
code-creation,Builtin,3,18958,0x5599f9980380,12,TemporalZonedDateTimePrototypeToInstant
code-creation,Builtin,3,18963,0x5599f99803c0,12,TemporalZonedDateTimePrototypeToPlainDate
code-creation,Builtin,3,18973,0x5599f9980400,12,TemporalZonedDateTimePrototypeToPlainTime
code-creation,Builtin,3,18978,0x5599f9980440,12,TemporalZonedDateTimePrototypeToPlainDateTime
code-creation,Builtin,3,18988,0x5599f9980480,12,TemporalDurationConstructor
code-creation,Builtin,3,18993,0x5599f99804c0,12,TemporalDurationFrom
code-creation,Builtin,3,19004,0x5599f9980500,12,TemporalDurationCompare
code-creation,Builtin,3,19008,0x5599f9980540,12,TemporalDurationPrototypeYears
code-creation,Builtin,3,19018,0x5599f9980580,12,TemporalDurationPrototypeMonths
code-creation,Builtin,3,19022,0x5599f99805c0,12,TemporalDurationPrototypeWeeks
code-creation,Builtin,3,19033,0x5599f9980600,12,TemporalDurationPrototypeDays
code-creation,Builtin,3,19037,0x5599f9980640,12,TemporalDurationPrototypeHours
code-creation,Builtin,3,19047,0x5599f9980680,12,TemporalDurationPrototypeMinutes
code-creation,Builtin,3,19052,0x5599f99806c0,12,TemporalDurationPrototypeSeconds
code-creation,Builtin,3,19062,0x5599f9980700,12,TemporalDurationPrototypeMilliseconds
code-creation,Builtin,3,19067,0x5599f9980740,12,TemporalDurationPrototypeMicroseconds
code-creation,Builtin,3,19078,0x5599f9980780,12,TemporalDurationPrototypeNanoseconds
code-creation,Builtin,3,19082,0x5599f99807c0,12,TemporalDurationPrototypeSign
code-creation,Builtin,3,19092,0x5599f9980800,12,TemporalDurationPrototypeBlank
code-creation,Builtin,3,19097,0x5599f9980840,12,TemporalDurationPrototypeWith
code-creation,Builtin,3,19107,0x5599f9980880,12,TemporalDurationPrototypeNegated
code-creation,Builtin,3,19111,0x5599f99808c0,12,TemporalDurationPrototypeAbs
code-creation,Builtin,3,19122,0x5599f9980900,12,TemporalDurationPrototypeAdd
code-creation,Builtin,3,19126,0x5599f9980940,12,TemporalDurationPrototypeSubtract
code-creation,Builtin,3,19136,0x5599f9980980,12,TemporalDurationPrototypeRound
code-creation,Builtin,3,19141,0x5599f99809c0,12,TemporalDurationPrototypeTotal
code-creation,Builtin,3,19155,0x5599f9980a00,12,TemporalDurationPrototypeToString
code-creation,Builtin,3,19159,0x5599f9980a40,12,TemporalDurationPrototypeToJSON
code-creation,Builtin,3,19169,0x5599f9980a80,12,TemporalDurationPrototypeToLocaleString
code-creation,Builtin,3,19174,0x5599f9980ac0,12,TemporalDurationPrototypeValueOf
code-creation,Builtin,3,19184,0x5599f9980b00,12,TemporalInstantConstructor
code-creation,Builtin,3,19189,0x5599f9980b40,12,TemporalInstantFrom
code-creation,Builtin,3,19199,0x5599f9980b80,12,TemporalInstantFromEpochMilliseconds
code-creation,Builtin,3,19203,0x5599f9980bc0,12,TemporalInstantFromEpochNanoseconds
code-creation,Builtin,3,19214,0x5599f9980c00,12,TemporalInstantCompare
code-creation,Builtin,3,19218,0x5599f9980c40,12,TemporalInstantPrototypeEpochMilliseconds
code-creation,Builtin,3,19228,0x5599f9980c80,12,TemporalInstantPrototypeEpochNanoseconds
code-creation,Builtin,3,19233,0x5599f9980cc0,12,TemporalInstantPrototypeAdd
code-creation,Builtin,3,19248,0x5599f9980d00,12,TemporalInstantPrototypeSubtract
code-creation,Builtin,3,19252,0x5599f9980d40,12,TemporalInstantPrototypeUntil
code-creation,Builtin,3,19262,0x5599f9980d80,12,TemporalInstantPrototypeSince
code-creation,Builtin,3,19266,0x5599f9980dc0,12,TemporalInstantPrototypeRound
code-creation,Builtin,3,19277,0x5599f9980e00,12,TemporalInstantPrototypeEquals
code-creation,Builtin,3,19281,0x5599f9980e40,12,TemporalInstantPrototypeToString
code-creation,Builtin,3,19291,0x5599f9980e80,12,TemporalInstantPrototypeToJSON
code-creation,Builtin,3,19296,0x5599f9980ec0,12,TemporalInstantPrototypeToLocaleString
code-creation,Builtin,3,19307,0x5599f9980f00,12,TemporalInstantPrototypeValueOf
code-creation,Builtin,3,19311,0x5599f9980f40,12,TemporalInstantPrototypeToZonedDateTimeISO
code-creation,Builtin,3,19326,0x5599f9980f80,12,TemporalPlainYearMonthConstructor
code-creation,Builtin,3,19330,0x5599f9980fc0,12,TemporalPlainYearMonthFrom
code-creation,Builtin,3,19340,0x5599f9981000,12,TemporalPlainYearMonthCompare
code-creation,Builtin,3,19345,0x5599f9981040,12,TemporalPlainYearMonthPrototypeCalendarId
code-creation,Builtin,3,19356,0x5599f9981080,12,TemporalPlainYearMonthPrototypeEra
code-creation,Builtin,3,19360,0x5599f99810c0,12,TemporalPlainYearMonthPrototypeEraYear
code-creation,Builtin,3,19371,0x5599f9981100,12,TemporalPlainYearMonthPrototypeYear
code-creation,Builtin,3,19375,0x5599f9981140,12,TemporalPlainYearMonthPrototypeMonth
code-creation,Builtin,3,19386,0x5599f9981180,12,TemporalPlainYearMonthPrototypeMonthCode
code-creation,Builtin,3,19391,0x5599f99811c0,12,TemporalPlainYearMonthPrototypeDaysInYear
code-creation,Builtin,3,19402,0x5599f9981200,12,TemporalPlainYearMonthPrototypeDaysInMonth
code-creation,Builtin,3,19406,0x5599f9981240,12,TemporalPlainYearMonthPrototypeMonthsInYear
code-creation,Builtin,3,19417,0x5599f9981280,12,TemporalPlainYearMonthPrototypeInLeapYear
code-creation,Builtin,3,19422,0x5599f99812c0,12,TemporalPlainYearMonthPrototypeWith
code-creation,Builtin,3,19433,0x5599f9981300,12,TemporalPlainYearMonthPrototypeAdd
code-creation,Builtin,3,19438,0x5599f9981340,12,TemporalPlainYearMonthPrototypeSubtract
code-creation,Builtin,3,19448,0x5599f9981380,12,TemporalPlainYearMonthPrototypeUntil
code-creation,Builtin,3,19453,0x5599f99813c0,12,TemporalPlainYearMonthPrototypeSince
code-creation,Builtin,3,19464,0x5599f9981400,12,TemporalPlainYearMonthPrototypeEquals
code-creation,Builtin,3,19468,0x5599f9981440,12,TemporalPlainYearMonthPrototypeToString
code-creation,Builtin,3,19481,0x5599f9981480,12,TemporalPlainYearMonthPrototypeToJSON
code-creation,Builtin,3,19486,0x5599f99814c0,12,TemporalPlainYearMonthPrototypeToLocaleString
code-creation,Builtin,3,19497,0x5599f9981500,12,TemporalPlainYearMonthPrototypeValueOf
code-creation,Builtin,3,19501,0x5599f9981540,12,TemporalPlainYearMonthPrototypeToPlainDate
code-creation,Builtin,3,19512,0x5599f9981580,12,TemporalPlainMonthDayConstructor
code-creation,Builtin,3,19516,0x5599f99815c0,12,TemporalPlainMonthDayFrom
code-creation,Builtin,3,19526,0x5599f9981600,12,TemporalPlainMonthDayPrototypeCalendarId
code-creation,Builtin,3,19531,0x5599f9981640,12,TemporalPlainMonthDayPrototypeMonthCode
code-creation,Builtin,3,19542,0x5599f9981680,12,TemporalPlainMonthDayPrototypeDay
code-creation,Builtin,3,19546,0x5599f99816c0,12,TemporalPlainMonthDayPrototypeWith
code-creation,Builtin,3,19557,0x5599f9981700,12,TemporalPlainMonthDayPrototypeEquals
code-creation,Builtin,3,19561,0x5599f9981740,12,TemporalPlainMonthDayPrototypeToString
code-creation,Builtin,3,19572,0x5599f9981780,12,TemporalPlainMonthDayPrototypeToJSON
code-creation,Builtin,3,19576,0x5599f99817c0,12,TemporalPlainMonthDayPrototypeToLocaleString
code-creation,Builtin,3,19587,0x5599f9981800,12,TemporalPlainMonthDayPrototypeValueOf
code-creation,Builtin,3,19591,0x5599f9981840,12,TemporalPlainMonthDayPrototypeToPlainDate
code-creation,Builtin,3,19602,0x5599f9981880,12,DatePrototypeToTemporalInstant
code-creation,BytecodeHandler,0,19613,0x5599f99818c0,24,Wide
code-creation,BytecodeHandler,0,19624,0x5599f9981900,24,ExtraWide
code-creation,BytecodeHandler,0,19628,0x5599f9981940,96,DebugBreakWide
code-creation,BytecodeHandler,0,19639,0x5599f99819c0,96,DebugBreakExtraWide
code-creation,BytecodeHandler,0,19643,0x5599f9981a40,152,DebugBreak0
code-creation,BytecodeHandler,0,19654,0x5599f9981b00,96,DebugBreak1
code-creation,BytecodeHandler,0,19658,0x5599f9981b80,96,DebugBreak2
code-creation,BytecodeHandler,0,19669,0x5599f9981c00,96,DebugBreak3
code-creation,BytecodeHandler,0,19673,0x5599f9981c80,96,DebugBreak4
code-creation,BytecodeHandler,0,19683,0x5599f9981d00,96,DebugBreak5
code-creation,BytecodeHandler,0,19688,0x5599f9981d80,96,DebugBreak6
code-creation,BytecodeHandler,0,19698,0x5599f9981e00,36,Ldar
code-creation,BytecodeHandler,0,19702,0x5599f9981e40,64,LdaZero
code-creation,BytecodeHandler,0,19716,0x5599f9981ec0,68,LdaSmi
code-creation,BytecodeHandler,0,19720,0x5599f9981f40,64,LdaUndefined
code-creation,BytecodeHandler,0,19730,0x5599f9981fc0,64,LdaNull
code-creation,BytecodeHandler,0,19734,0x5599f9982040,72,LdaTheHole
code-creation,BytecodeHandler,0,19746,0x5599f99820c0,72,LdaTdzHole
code-creation,BytecodeHandler,0,19759,0x5599f9982140,24,LdaTrue
code-creation,BytecodeHandler,0,19763,0x5599f9982180,24,LdaFalse
code-creation,BytecodeHandler,0,19773,0x5599f99821c0,80,LdaConstant
code-creation,BytecodeHandler,0,19777,0x5599f9982240,160,LdaContextSlotNoCell
code-creation,BytecodeHandler,0,19788,0x5599f9982300,428,LdaContextSlot
code-creation,BytecodeHandler,0,19793,0x5599f99824c0,160,LdaImmutableContextSlot
code-creation,BytecodeHandler,0,19804,0x5599f9982580,88,LdaCurrentContextSlotNoCell
code-creation,BytecodeHandler,0,19808,0x5599f9982600,356,LdaCurrentContextSlot
code-creation,BytecodeHandler,0,19819,0x5599f9982780,88,LdaImmutableCurrentContextSlot
code-creation,BytecodeHandler,0,19823,0x5599f9982800,36,Star
code-creation,BytecodeHandler,0,19833,0x5599f9982840,44,Mov
code-creation,BytecodeHandler,0,19837,0x5599f9982880,44,PushContext
code-creation,BytecodeHandler,0,19859,0x5599f99828c0,40,PopContext
code-creation,BytecodeHandler,0,19862,0x5599f9982900,48,TestReferenceEqual
code-creation,BytecodeHandler,0,19865,0x5599f9982940,56,TestUndetectable
code-creation,BytecodeHandler,0,19867,0x5599f9982980,40,TestNull
code-creation,BytecodeHandler,0,19868,0x5599f99829c0,40,TestUndefined
code-creation,BytecodeHandler,0,19870,0x5599f9982a00,312,TestTypeOf
code-creation,BytecodeHandler,0,19871,0x5599f9982b40,5012,LdaGlobal
code-creation,BytecodeHandler,0,19873,0x5599f9983f00,3884,LdaGlobalInsideTypeof
code-creation,BytecodeHandler,0,19875,0x5599f9984e40,132,StaGlobal
code-creation,BytecodeHandler,0,19877,0x5599f9984f00,180,StaContextSlotNoCell
code-creation,BytecodeHandler,0,19888,0x5599f9984fc0,112,StaCurrentContextSlotNoCell
code-creation,BytecodeHandler,0,19893,0x5599f9985040,2588,StaContextSlot
code-creation,BytecodeHandler,0,19896,0x5599f9985a80,2652,StaCurrentContextSlot
code-creation,BytecodeHandler,0,19907,0x5599f9986500,124,LdaLookupSlot
code-creation,BytecodeHandler,0,19911,0x5599f9986580,284,LdaLookupContextSlotNoCell
code-creation,BytecodeHandler,0,19914,0x5599f99866c0,592,LdaLookupContextSlot
code-creation,BytecodeHandler,0,19916,0x5599f9986940,4256,LdaLookupGlobalSlot
code-creation,BytecodeHandler,0,19918,0x5599f9987a00,124,LdaLookupSlotInsideTypeof
code-creation,BytecodeHandler,0,19920,0x5599f9987a80,284,LdaLookupContextSlotNoCellInsideTypeof
code-creation,BytecodeHandler,0,19922,0x5599f9987bc0,592,LdaLookupContextSlotInsideTypeof
code-creation,BytecodeHandler,0,19926,0x5599f9987e40,4124,LdaLookupGlobalSlotInsideTypeof
code-creation,BytecodeHandler,0,19936,0x5599f9988e80,208,StaLookupSlot
code-creation,BytecodeHandler,0,19940,0x5599f9988f80,4216,GetNamedProperty
code-creation,BytecodeHandler,0,19951,0x5599f998a000,156,GetNamedPropertyFromSuper
code-creation,BytecodeHandler,0,19955,0x5599f998a0c0,152,GetKeyedProperty
code-creation,BytecodeHandler,0,19965,0x5599f998a180,140,GetEnumeratedKeyedProperty
code-creation,BytecodeHandler,0,19969,0x5599f998a240,212,GetPrivateField
code-creation,BytecodeHandler,0,19980,0x5599f998a340,200,LdaModuleVariable
code-creation,BytecodeHandler,0,19984,0x5599f998a440,312,StaModuleVariable
code-creation,BytecodeHandler,0,19994,0x5599f998a580,152,SetNamedProperty
code-creation,BytecodeHandler,0,19999,0x5599f998a640,152,DefineNamedOwnProperty
code-creation,BytecodeHandler,0,20009,0x5599f998a700,136,SetKeyedProperty
code-creation,BytecodeHandler,0,20014,0x5599f998a7c0,144,DefineKeyedOwnProperty
code-creation,BytecodeHandler,0,20024,0x5599f998a880,136,StaInArrayLiteral
code-creation,BytecodeHandler,0,20028,0x5599f998a940,164,DefineKeyedOwnPropertyInLiteral
code-creation,BytecodeHandler,0,20039,0x5599f998aa00,180,SetPrototypeProperties
code-creation,BytecodeHandler,0,20044,0x5599f998aac0,216,SetPrivateField
code-creation,BytecodeHandler,0,20054,0x5599f998abc0,2052,Add
code-creation,BytecodeHandler,0,20067,0x5599f998b400,1508,Sub
code-creation,BytecodeHandler,0,20071,0x5599f998ba00,1696,Mul
code-creation,BytecodeHandler,0,20080,0x5599f998c0c0,1608,Div
code-creation,BytecodeHandler,0,20085,0x5599f998c740,1692,Mod
code-creation,BytecodeHandler,0,20095,0x5599f998ce00,928,Exp
code-creation,BytecodeHandler,0,20099,0x5599f998d1c0,2080,BitwiseOr
code-creation,BytecodeHandler,0,20109,0x5599f998da00,2080,BitwiseXor
code-creation,BytecodeHandler,0,20114,0x5599f998e240,2080,BitwiseAnd
code-creation,BytecodeHandler,0,20123,0x5599f998ea80,1496,ShiftLeft
code-creation,BytecodeHandler,0,20128,0x5599f998f080,1496,ShiftRight
code-creation,BytecodeHandler,0,20138,0x5599f998f680,1376,ShiftRightLogical
code-creation,BytecodeHandler,0,20142,0x5599f998fc00,3856,Add_StringConstant_Internalize
code-creation,BytecodeHandler,0,20148,0x5599f9990b40,716,AddSmi
code-creation,BytecodeHandler,0,20158,0x5599f9990e40,612,SubSmi
code-creation,BytecodeHandler,0,20162,0x5599f99910c0,752,MulSmi
code-creation,BytecodeHandler,0,20173,0x5599f99913c0,700,DivSmi
code-creation,BytecodeHandler,0,20177,0x5599f9991680,684,ModSmi
code-creation,BytecodeHandler,0,20188,0x5599f9991940,636,ExpSmi
code-creation,BytecodeHandler,0,20192,0x5599f9991bc0,660,BitwiseOrSmi
code-creation,BytecodeHandler,0,20203,0x5599f9991e80,660,BitwiseXorSmi
code-creation,BytecodeHandler,0,20207,0x5599f9992140,660,BitwiseAndSmi
code-creation,BytecodeHandler,0,20217,0x5599f9992400,804,ShiftLeftSmi
code-creation,BytecodeHandler,0,20221,0x5599f9992740,664,ShiftRightSmi
code-creation,BytecodeHandler,0,20231,0x5599f9992a00,812,ShiftRightLogicalSmi
code-creation,BytecodeHandler,0,20244,0x5599f9992d40,720,Inc
code-creation,BytecodeHandler,0,20255,0x5599f9993040,724,Dec
code-creation,BytecodeHandler,0,20258,0x5599f9993340,712,Negate
code-creation,BytecodeHandler,0,20269,0x5599f9993640,676,BitwiseNot
code-creation,BytecodeHandler,0,20274,0x5599f9993900,112,ToBooleanLogicalNot
code-creation,BytecodeHandler,0,20284,0x5599f9993980,40,LogicalNot
code-creation,BytecodeHandler,0,20288,0x5599f99939c0,592,TypeOf
code-creation,BytecodeHandler,0,20298,0x5599f9993c40,108,DeletePropertyStrict
code-creation,BytecodeHandler,0,20303,0x5599f9993cc0,104,DeletePropertySloppy
code-creation,BytecodeHandler,0,20313,0x5599f9993d40,44,GetSuperConstructor
code-creation,BytecodeHandler,0,20318,0x5599f9993d80,388,FindNonDefaultConstructorOrConstruct
code-creation,BytecodeHandler,0,20329,0x5599f9993f40,1104,CallAnyReceiver
code-creation,BytecodeHandler,0,20333,0x5599f99943c0,1104,CallProperty
code-creation,BytecodeHandler,0,20343,0x5599f9994840,920,CallProperty0
code-creation,BytecodeHandler,0,20347,0x5599f9994c00,932,CallProperty1
code-creation,BytecodeHandler,0,20357,0x5599f9994fc0,940,CallProperty2
code-creation,BytecodeHandler,0,20362,0x5599f9995380,972,CallUndefinedReceiver
code-creation,BytecodeHandler,0,20372,0x5599f9995780,908,CallUndefinedReceiver0
code-creation,BytecodeHandler,0,20376,0x5599f9995b40,932,CallUndefinedReceiver1
code-creation,BytecodeHandler,0,20386,0x5599f9995f00,948,CallUndefinedReceiver2
code-creation,BytecodeHandler,0,20391,0x5599f99962c0,1104,CallWithSpread
code-creation,BytecodeHandler,0,20401,0x5599f9996740,124,CallRuntime
code-creation,BytecodeHandler,0,20405,0x5599f99967c0,140,CallRuntimeForPair
code-creation,BytecodeHandler,0,20416,0x5599f9996880,88,CallJSRuntime
code-creation,BytecodeHandler,0,20420,0x5599f9996900,1380,InvokeIntrinsic
code-creation,BytecodeHandler,0,20430,0x5599f9996e80,1164,Construct
code-creation,BytecodeHandler,0,20434,0x5599f9997340,424,ConstructWithSpread
code-creation,BytecodeHandler,0,20445,0x5599f9997500,988,ConstructForwardAllArgs
code-creation,BytecodeHandler,0,20449,0x5599f9997900,2144,TestEqual
code-creation,BytecodeHandler,0,20460,0x5599f9998180,1284,TestEqualStrict
code-creation,BytecodeHandler,0,20464,0x5599f99986c0,2008,TestLessThan
code-creation,BytecodeHandler,0,20474,0x5599f9998ec0,2008,TestGreaterThan
code-creation,BytecodeHandler,0,20478,0x5599f99996c0,2008,TestLessThanOrEqual
code-creation,BytecodeHandler,0,20489,0x5599f9999ec0,2008,TestGreaterThanOrEqual
code-creation,BytecodeHandler,0,20503,0x5599f999a6c0,1000,TestInstanceOf
code-creation,BytecodeHandler,0,20507,0x5599f999aac0,112,TestIn
code-creation,BytecodeHandler,0,20517,0x5599f999ab40,84,ToName
code-creation,BytecodeHandler,0,20521,0x5599f999abc0,160,ToNumber
code-creation,BytecodeHandler,0,20531,0x5599f999ac80,184,ToNumeric
code-creation,BytecodeHandler,0,20535,0x5599f999ad40,104,ToObject
code-creation,BytecodeHandler,0,20545,0x5599f999adc0,112,ToString
code-creation,BytecodeHandler,0,20549,0x5599f999ae40,112,ToBoolean
code-creation,BytecodeHandler,0,20559,0x5599f999aec0,412,CreateRegExpLiteral
code-creation,BytecodeHandler,0,20564,0x5599f999b080,1848,CreateArrayLiteral
code-creation,BytecodeHandler,0,20576,0x5599f999b7c0,84,CreateArrayFromIterable
code-creation,BytecodeHandler,0,20580,0x5599f999b840,724,CreateEmptyArrayLiteral
code-creation,BytecodeHandler,0,20590,0x5599f999bb40,2880,CreateObjectLiteral
code-creation,BytecodeHandler,0,20595,0x5599f999c6c0,348,CreateEmptyObjectLiteral
code-creation,BytecodeHandler,0,20605,0x5599f999c840,132,CloneObject
code-creation,BytecodeHandler,0,20609,0x5599f999c900,176,GetTemplateObject
code-creation,BytecodeHandler,0,20619,0x5599f999c9c0,324,CreateClosure
code-creation,BytecodeHandler,0,20624,0x5599f999cb40,124,CreateBlockContext
code-creation,BytecodeHandler,0,20634,0x5599f999cbc0,136,CreateCatchContext
code-creation,BytecodeHandler,0,20639,0x5599f999cc80,352,CreateFunctionContext
code-creation,BytecodeHandler,0,20649,0x5599f999ce00,800,CreateFunctionContextWithCells
code-creation,BytecodeHandler,0,20654,0x5599f999d140,352,CreateEvalContext
code-creation,BytecodeHandler,0,20664,0x5599f999d2c0,136,CreateWithContext
code-creation,BytecodeHandler,0,20668,0x5599f999d380,1708,CreateMappedArguments
code-creation,BytecodeHandler,0,20679,0x5599f999da40,576,CreateUnmappedArguments
code-creation,BytecodeHandler,0,20683,0x5599f999dcc0,628,CreateRestParameter
code-creation,BytecodeHandler,0,20686,0x5599f999df40,1756,JumpLoop
code-creation,BytecodeHandler,0,20697,0x5599f999e640,24,Jump
code-creation,BytecodeHandler,0,20700,0x5599f999e680,44,JumpConstant
code-creation,BytecodeHandler,0,20713,0x5599f999e6c0,68,JumpIfNullConstant
code-creation,BytecodeHandler,0,20716,0x5599f999e740,68,JumpIfNotNullConstant
code-creation,BytecodeHandler,0,20719,0x5599f999e7c0,68,JumpIfUndefinedConstant
code-creation,BytecodeHandler,0,20729,0x5599f999e840,68,JumpIfNotUndefinedConstant
code-creation,BytecodeHandler,0,20733,0x5599f999e8c0,72,JumpIfUndefinedOrNullConstant
code-creation,BytecodeHandler,0,20746,0x5599f999e940,68,JumpIfTrueConstant
code-creation,BytecodeHandler,0,20750,0x5599f999e9c0,68,JumpIfFalseConstant
code-creation,BytecodeHandler,0,20763,0x5599f999ea40,84,JumpIfJSReceiverConstant
code-creation,BytecodeHandler,0,20767,0x5599f999eac0,88,JumpIfForInDoneConstant
code-creation,BytecodeHandler,0,20771,0x5599f999eb40,140,JumpIfToBooleanTrueConstant
code-creation,BytecodeHandler,0,20781,0x5599f999ec00,140,JumpIfToBooleanFalseConstant
code-creation,BytecodeHandler,0,20786,0x5599f999ecc0,120,JumpIfToBooleanTrue
code-creation,BytecodeHandler,0,20797,0x5599f999ed40,120,JumpIfToBooleanFalse
code-creation,BytecodeHandler,0,20802,0x5599f999edc0,48,JumpIfTrue
code-creation,BytecodeHandler,0,20812,0x5599f999ee00,48,JumpIfFalse
code-creation,BytecodeHandler,0,20816,0x5599f999ee40,48,JumpIfNull
code-creation,BytecodeHandler,0,20827,0x5599f999ee80,48,JumpIfNotNull
code-creation,BytecodeHandler,0,20831,0x5599f999eec0,48,JumpIfUndefined
code-creation,BytecodeHandler,0,20841,0x5599f999ef00,48,JumpIfNotUndefined
code-creation,BytecodeHandler,0,20845,0x5599f999ef40,52,JumpIfUndefinedOrNull
code-creation,BytecodeHandler,0,20862,0x5599f999ef80,64,JumpIfJSReceiver
code-creation,BytecodeHandler,0,20872,0x5599f999f000,64,JumpIfForInDone
code-creation,BytecodeHandler,0,20876,0x5599f999f080,104,SwitchOnSmiNoFeedback
code-creation,BytecodeHandler,0,20878,0x5599f999f100,484,ForInEnumerate
code-creation,BytecodeHandler,0,20881,0x5599f999f300,224,ForInPrepare
code-creation,BytecodeHandler,0,20894,0x5599f999f400,212,ForInNext
code-creation,BytecodeHandler,0,20898,0x5599f999f500,44,ForInStep
code-creation,BytecodeHandler,0,20908,0x5599f999f540,3104,ForOfNext
code-creation,BytecodeHandler,0,20913,0x5599f99a0180,40,SetPendingMessage
code-creation,BytecodeHandler,0,20923,0x5599f99a01c0,88,Throw
code-creation,BytecodeHandler,0,20927,0x5599f99a0240,88,ReThrow
code-creation,BytecodeHandler,0,20937,0x5599f99a02c0,16,Return
code-creation,BytecodeHandler,0,20941,0x5599f99a0300,176,ThrowReferenceErrorIfTdzHole
code-creation,BytecodeHandler,0,20952,0x5599f99a03c0,112,ThrowSuperNotCalledIfTdzHole
code-creation,BytecodeHandler,0,20956,0x5599f99a0440,112,ThrowSuperAlreadyCalledIfNotTdzHole
code-creation,BytecodeHandler,0,20966,0x5599f99a04c0,136,ThrowIfNotSuperConstructor
code-creation,BytecodeHandler,0,20971,0x5599f99a0580,128,SwitchOnGeneratorState
code-creation,BytecodeHandler,0,20981,0x5599f99a0640,456,SuspendGenerator
code-creation,BytecodeHandler,0,20985,0x5599f99a0840,176,ResumeGenerator
code-creation,BytecodeHandler,0,20995,0x5599f99a0900,128,GetIterator
code-creation,BytecodeHandler,0,21000,0x5599f99a09c0,104,ArrayDestructure
code-creation,BytecodeHandler,0,21010,0x5599f99a0a40,96,Debugger
code-creation,BytecodeHandler,0,21013,0x5599f99a0ac0,112,IncBlockCounter
code-creation,BytecodeHandler,0,21023,0x5599f99a0b40,48,Abort
code-creation,BytecodeHandler,0,21027,0x5599f99a0b80,36,Star0
code-creation,BytecodeHandler,0,21037,0x5599f99a0bc0,68,Illegal
code-creation,BytecodeHandler,0,21041,0x5599f99a0c40,96,DebugBreak1.Wide
code-creation,BytecodeHandler,0,21051,0x5599f99a0cc0,96,DebugBreak2.Wide
code-creation,BytecodeHandler,0,21056,0x5599f99a0d40,96,DebugBreak3.Wide
code-creation,BytecodeHandler,0,21066,0x5599f99a0dc0,96,DebugBreak4.Wide
code-creation,BytecodeHandler,0,21070,0x5599f99a0e40,96,DebugBreak5.Wide
code-creation,BytecodeHandler,0,21080,0x5599f99a0ec0,96,DebugBreak6.Wide
code-creation,BytecodeHandler,0,21084,0x5599f99a0f40,36,Ldar.Wide
code-creation,BytecodeHandler,0,21094,0x5599f99a0f80,32,LdaSmi.Wide
code-creation,BytecodeHandler,0,21099,0x5599f99a0fc0,48,LdaConstant.Wide
code-creation,BytecodeHandler,0,21109,0x5599f99a1000,128,LdaContextSlotNoCell.Wide
code-creation,BytecodeHandler,0,21114,0x5599f99a10c0,428,LdaContextSlot.Wide
code-creation,BytecodeHandler,0,21124,0x5599f99a1280,128,LdaImmutableContextSlot.Wide
code-creation,BytecodeHandler,0,21129,0x5599f99a1340,56,LdaCurrentContextSlotNoCell.Wide
code-creation,BytecodeHandler,0,21140,0x5599f99a1380,356,LdaCurrentContextSlot.Wide
code-creation,BytecodeHandler,0,21144,0x5599f99a1500,56,LdaImmutableCurrentContextSlot.Wide
code-creation,BytecodeHandler,0,21147,0x5599f99a1540,36,Star.Wide
code-creation,BytecodeHandler,0,21149,0x5599f99a1580,44,Mov.Wide
code-creation,BytecodeHandler,0,21151,0x5599f99a15c0,44,PushContext.Wide
code-creation,BytecodeHandler,0,21160,0x5599f99a1600,40,PopContext.Wide
code-creation,BytecodeHandler,0,21164,0x5599f99a1640,48,TestReferenceEqual.Wide
code-creation,BytecodeHandler,0,21175,0x5599f99a1680,4056,LdaGlobal.Wide
code-creation,BytecodeHandler,0,21180,0x5599f99a2680,3924,LdaGlobalInsideTypeof.Wide
code-creation,BytecodeHandler,0,21190,0x5599f99a3600,132,StaGlobal.Wide
code-creation,BytecodeHandler,0,21195,0x5599f99a36c0,180,StaContextSlotNoCell.Wide
code-creation,BytecodeHandler,0,21206,0x5599f99a3780,112,StaCurrentContextSlotNoCell.Wide
code-creation,BytecodeHandler,0,21210,0x5599f99a3800,2604,StaContextSlot.Wide
code-creation,BytecodeHandler,0,21221,0x5599f99a4240,2668,StaCurrentContextSlot.Wide
code-creation,BytecodeHandler,0,21225,0x5599f99a4cc0,128,LdaLookupSlot.Wide
code-creation,BytecodeHandler,0,21235,0x5599f99a4d80,288,LdaLookupContextSlotNoCell.Wide
code-creation,BytecodeHandler,0,21253,0x5599f99a4ec0,596,LdaLookupContextSlot.Wide
code-creation,BytecodeHandler,0,21258,0x5599f99a5140,4300,LdaLookupGlobalSlot.Wide
code-creation,BytecodeHandler,0,21270,0x5599f99a6240,128,LdaLookupSlotInsideTypeof.Wide
code-creation,BytecodeHandler,0,21286,0x5599f99a6300,288,LdaLookupContextSlotNoCellInsideTypeof.Wide
code-creation,BytecodeHandler,0,21375,0x5599f99a6440,596,LdaLookupContextSlotInsideTypeof.Wide
code-creation,BytecodeHandler,0,21388,0x5599f99a66c0,4164,LdaLookupGlobalSlotInsideTypeof.Wide
code-creation,BytecodeHandler,0,21400,0x5599f99a7740,216,StaLookupSlot.Wide
code-creation,BytecodeHandler,0,21404,0x5599f99a7840,4232,GetNamedProperty.Wide
code-creation,BytecodeHandler,0,21415,0x5599f99a8900,152,GetNamedPropertyFromSuper.Wide
code-creation,BytecodeHandler,0,21419,0x5599f99a89c0,112,GetKeyedProperty.Wide
code-creation,BytecodeHandler,0,21430,0x5599f99a8a40,140,GetEnumeratedKeyedProperty.Wide
code-creation,BytecodeHandler,0,21434,0x5599f99a8b00,216,GetPrivateField.Wide
code-creation,BytecodeHandler,0,21445,0x5599f99a8c00,200,LdaModuleVariable.Wide
code-creation,BytecodeHandler,0,21449,0x5599f99a8d00,312,StaModuleVariable.Wide
code-creation,BytecodeHandler,0,21460,0x5599f99a8e40,152,SetNamedProperty.Wide
code-creation,BytecodeHandler,0,21465,0x5599f99a8f00,152,DefineNamedOwnProperty.Wide
code-creation,BytecodeHandler,0,21475,0x5599f99a8fc0,132,SetKeyedProperty.Wide
code-creation,BytecodeHandler,0,21480,0x5599f99a9080,144,DefineKeyedOwnProperty.Wide
code-creation,BytecodeHandler,0,21490,0x5599f99a9140,132,StaInArrayLiteral.Wide
code-creation,BytecodeHandler,0,21495,0x5599f99a9200,164,DefineKeyedOwnPropertyInLiteral.Wide
code-creation,BytecodeHandler,0,21506,0x5599f99a92c0,184,SetPrototypeProperties.Wide
code-creation,BytecodeHandler,0,21510,0x5599f99a9380,220,SetPrivateField.Wide
code-creation,BytecodeHandler,0,21521,0x5599f99a9480,2020,Add.Wide
code-creation,BytecodeHandler,0,21525,0x5599f99a9c80,1476,Sub.Wide
code-creation,BytecodeHandler,0,21536,0x5599f99aa280,1664,Mul.Wide
code-creation,BytecodeHandler,0,21539,0x5599f99aa940,1616,Div.Wide
code-creation,BytecodeHandler,0,21550,0x5599f99aafc0,1700,Mod.Wide
code-creation,BytecodeHandler,0,21555,0x5599f99ab680,932,Exp.Wide
code-creation,BytecodeHandler,0,21565,0x5599f99aba40,2088,BitwiseOr.Wide
code-creation,BytecodeHandler,0,21569,0x5599f99ac280,2088,BitwiseXor.Wide
code-creation,BytecodeHandler,0,21579,0x5599f99acac0,2088,BitwiseAnd.Wide
code-creation,BytecodeHandler,0,21584,0x5599f99ad300,1504,ShiftLeft.Wide
code-creation,BytecodeHandler,0,21594,0x5599f99ad900,1504,ShiftRight.Wide
code-creation,BytecodeHandler,0,21599,0x5599f99adf00,1444,ShiftRightLogical.Wide
code-creation,BytecodeHandler,0,21610,0x5599f99ae4c0,3872,Add_StringConstant_Internalize.Wide
code-creation,BytecodeHandler,0,21625,0x5599f99af400,684,AddSmi.Wide
code-creation,BytecodeHandler,0,21637,0x5599f99af6c0,584,SubSmi.Wide
code-creation,BytecodeHandler,0,21641,0x5599f99af940,752,MulSmi.Wide
code-creation,BytecodeHandler,0,21652,0x5599f99afc40,704,DivSmi.Wide
code-creation,BytecodeHandler,0,21655,0x5599f99aff40,684,ModSmi.Wide
code-creation,BytecodeHandler,0,21658,0x5599f99b0200,640,ExpSmi.Wide
code-creation,BytecodeHandler,0,21667,0x5599f99b04c0,664,BitwiseOrSmi.Wide
code-creation,BytecodeHandler,0,21672,0x5599f99b0780,664,BitwiseXorSmi.Wide
code-creation,BytecodeHandler,0,21683,0x5599f99b0a40,664,BitwiseAndSmi.Wide
code-creation,BytecodeHandler,0,21688,0x5599f99b0d00,808,ShiftLeftSmi.Wide
code-creation,BytecodeHandler,0,21690,0x5599f99b1040,668,ShiftRightSmi.Wide
code-creation,BytecodeHandler,0,21700,0x5599f99b1300,816,ShiftRightLogicalSmi.Wide
code-creation,BytecodeHandler,0,21704,0x5599f99b1640,556,TypeOf.Wide
code-creation,BytecodeHandler,0,21715,0x5599f99b1880,108,DeletePropertyStrict.Wide
code-creation,BytecodeHandler,0,21719,0x5599f99b1900,108,DeletePropertySloppy.Wide
code-creation,BytecodeHandler,0,21729,0x5599f99b1980,44,GetSuperConstructor.Wide
code-creation,BytecodeHandler,0,21734,0x5599f99b19c0,388,FindNonDefaultConstructorOrConstruct.Wide
code-creation,BytecodeHandler,0,21747,0x5599f99b1b80,1104,CallAnyReceiver.Wide
code-creation,BytecodeHandler,0,21760,0x5599f99b2000,1104,CallProperty.Wide
code-creation,BytecodeHandler,0,21764,0x5599f99b2480,920,CallProperty0.Wide
code-creation,BytecodeHandler,0,21775,0x5599f99b2840,932,CallProperty1.Wide
code-creation,BytecodeHandler,0,21779,0x5599f99b2c00,940,CallProperty2.Wide
code-creation,BytecodeHandler,0,21792,0x5599f99b2fc0,972,CallUndefinedReceiver.Wide
code-creation,BytecodeHandler,0,21797,0x5599f99b33c0,908,CallUndefinedReceiver0.Wide
code-creation,BytecodeHandler,0,21808,0x5599f99b3780,932,CallUndefinedReceiver1.Wide
code-creation,BytecodeHandler,0,21812,0x5599f99b3b40,948,CallUndefinedReceiver2.Wide
code-creation,BytecodeHandler,0,21823,0x5599f99b3f00,1104,CallWithSpread.Wide
code-creation,BytecodeHandler,0,21827,0x5599f99b4380,124,CallRuntime.Wide
code-creation,BytecodeHandler,0,21838,0x5599f99b4400,140,CallRuntimeForPair.Wide
code-creation,BytecodeHandler,0,21842,0x5599f99b44c0,88,CallJSRuntime.Wide
code-creation,BytecodeHandler,0,21869,0x5599f99b4540,1380,InvokeIntrinsic.Wide
code-creation,BytecodeHandler,0,21883,0x5599f99b4ac0,1120,Construct.Wide
code-creation,BytecodeHandler,0,21888,0x5599f99b4f40,380,ConstructWithSpread.Wide
code-creation,BytecodeHandler,0,21898,0x5599f99b50c0,988,ConstructForwardAllArgs.Wide
code-creation,BytecodeHandler,0,21902,0x5599f99b54c0,2168,TestEqual.Wide
code-creation,BytecodeHandler,0,21905,0x5599f99b5d40,1296,TestEqualStrict.Wide
code-creation,BytecodeHandler,0,21907,0x5599f99b6280,2056,TestLessThan.Wide
code-creation,BytecodeHandler,0,21909,0x5599f99b6ac0,2056,TestGreaterThan.Wide
code-creation,BytecodeHandler,0,21911,0x5599f99b7300,2056,TestLessThanOrEqual.Wide
code-creation,BytecodeHandler,0,21913,0x5599f99b7b40,2056,TestGreaterThanOrEqual.Wide
code-creation,BytecodeHandler,0,21915,0x5599f99b8380,1004,TestInstanceOf.Wide
code-creation,BytecodeHandler,0,21925,0x5599f99b8780,112,TestIn.Wide
code-creation,BytecodeHandler,0,21969,0x5599f99b8800,164,ToNumber.Wide
code-creation,BytecodeHandler,0,21981,0x5599f99b88c0,184,ToNumeric.Wide
code-creation,BytecodeHandler,0,21985,0x5599f99b8980,108,ToObject.Wide
code-creation,BytecodeHandler,0,21995,0x5599f99b8a00,412,CreateRegExpLiteral.Wide
code-creation,BytecodeHandler,0,22000,0x5599f99b8bc0,1736,CreateArrayLiteral.Wide
code-creation,BytecodeHandler,0,22010,0x5599f99b92c0,724,CreateEmptyArrayLiteral.Wide
code-creation,BytecodeHandler,0,22016,0x5599f99b95c0,2756,CreateObjectLiteral.Wide
code-creation,BytecodeHandler,0,22027,0x5599f99ba0c0,132,CloneObject.Wide
code-creation,BytecodeHandler,0,22031,0x5599f99ba180,140,GetTemplateObject.Wide
code-creation,BytecodeHandler,0,22041,0x5599f99ba240,332,CreateClosure.Wide
code-creation,BytecodeHandler,0,22046,0x5599f99ba3c0,128,CreateBlockContext.Wide
code-creation,BytecodeHandler,0,22056,0x5599f99ba480,140,CreateCatchContext.Wide
code-creation,BytecodeHandler,0,22061,0x5599f99ba540,352,CreateFunctionContext.Wide
code-creation,BytecodeHandler,0,22071,0x5599f99ba6c0,800,CreateFunctionContextWithCells.Wide
code-creation,BytecodeHandler,0,22084,0x5599f99baa00,352,CreateEvalContext.Wide
code-creation,BytecodeHandler,0,22089,0x5599f99bab80,140,CreateWithContext.Wide
code-creation,BytecodeHandler,0,22099,0x5599f99bac40,1784,JumpLoop.Wide
code-creation,BytecodeHandler,0,22103,0x5599f99bb340,24,Jump.Wide
code-creation,BytecodeHandler,0,22114,0x5599f99bb380,44,JumpConstant.Wide
code-creation,BytecodeHandler,0,22119,0x5599f99bb3c0,68,JumpIfNullConstant.Wide
code-creation,BytecodeHandler,0,22129,0x5599f99bb440,68,JumpIfNotNullConstant.Wide
code-creation,BytecodeHandler,0,22143,0x5599f99bb4c0,68,JumpIfUndefinedConstant.Wide
code-creation,BytecodeHandler,0,22147,0x5599f99bb540,68,JumpIfNotUndefinedConstant.Wide
code-creation,BytecodeHandler,0,22150,0x5599f99bb5c0,72,JumpIfUndefinedOrNullConstant.Wide
code-creation,BytecodeHandler,0,22160,0x5599f99bb640,68,JumpIfTrueConstant.Wide
code-creation,BytecodeHandler,0,22165,0x5599f99bb6c0,68,JumpIfFalseConstant.Wide
code-creation,BytecodeHandler,0,22175,0x5599f99bb740,84,JumpIfJSReceiverConstant.Wide
code-creation,BytecodeHandler,0,22180,0x5599f99bb7c0,88,JumpIfForInDoneConstant.Wide
code-creation,BytecodeHandler,0,22190,0x5599f99bb840,140,JumpIfToBooleanTrueConstant.Wide
code-creation,BytecodeHandler,0,22195,0x5599f99bb900,140,JumpIfToBooleanFalseConstant.Wide
code-creation,BytecodeHandler,0,22206,0x5599f99bb9c0,120,JumpIfToBooleanTrue.Wide
code-creation,BytecodeHandler,0,22221,0x5599f99bba40,120,JumpIfToBooleanFalse.Wide
code-creation,BytecodeHandler,0,22225,0x5599f99bbac0,48,JumpIfTrue.Wide
code-creation,BytecodeHandler,0,22235,0x5599f99bbb00,48,JumpIfFalse.Wide
code-creation,BytecodeHandler,0,22250,0x5599f99bbb40,48,JumpIfNull.Wide
code-creation,BytecodeHandler,0,22254,0x5599f99bbb80,48,JumpIfNotNull.Wide
code-creation,BytecodeHandler,0,22257,0x5599f99bbbc0,48,JumpIfUndefined.Wide
code-creation,BytecodeHandler,0,22267,0x5599f99bbc00,48,JumpIfNotUndefined.Wide
code-creation,BytecodeHandler,0,22271,0x5599f99bbc40,52,JumpIfUndefinedOrNull.Wide
code-creation,BytecodeHandler,0,22282,0x5599f99bbc80,64,JumpIfJSReceiver.Wide
code-creation,BytecodeHandler,0,22287,0x5599f99bbd00,64,JumpIfForInDone.Wide
code-creation,BytecodeHandler,0,22297,0x5599f99bbd80,104,SwitchOnSmiNoFeedback.Wide
code-creation,BytecodeHandler,0,22301,0x5599f99bbe00,488,ForInEnumerate.Wide
code-creation,BytecodeHandler,0,22312,0x5599f99bc000,224,ForInPrepare.Wide
code-creation,BytecodeHandler,0,22316,0x5599f99bc100,212,ForInNext.Wide
code-creation,BytecodeHandler,0,22326,0x5599f99bc200,44,ForInStep.Wide
code-creation,BytecodeHandler,0,22330,0x5599f99bc240,3112,ForOfNext.Wide
code-creation,BytecodeHandler,0,22340,0x5599f99bce80,144,ThrowReferenceErrorIfTdzHole.Wide
code-creation,BytecodeHandler,0,22345,0x5599f99bcf40,140,ThrowIfNotSuperConstructor.Wide
code-creation,BytecodeHandler,0,22356,0x5599f99bd000,128,SwitchOnGeneratorState.Wide
code-creation,BytecodeHandler,0,22360,0x5599f99bd0c0,460,SuspendGenerator.Wide
code-creation,BytecodeHandler,0,22371,0x5599f99bd2c0,176,ResumeGenerator.Wide
code-creation,BytecodeHandler,0,22375,0x5599f99bd380,128,GetIterator.Wide
code-creation,BytecodeHandler,0,22385,0x5599f99bd440,108,ArrayDestructure.Wide
code-creation,BytecodeHandler,0,22389,0x5599f99bd4c0,116,IncBlockCounter.Wide
code-creation,BytecodeHandler,0,22399,0x5599f99bd540,96,DebugBreak1.ExtraWide
code-creation,BytecodeHandler,0,22403,0x5599f99bd5c0,96,DebugBreak2.ExtraWide
code-creation,BytecodeHandler,0,22413,0x5599f99bd640,96,DebugBreak3.ExtraWide
code-creation,BytecodeHandler,0,22417,0x5599f99bd6c0,96,DebugBreak4.ExtraWide
code-creation,BytecodeHandler,0,22427,0x5599f99bd740,96,DebugBreak5.ExtraWide
code-creation,BytecodeHandler,0,22432,0x5599f99bd7c0,96,DebugBreak6.ExtraWide
code-creation,BytecodeHandler,0,22443,0x5599f99bd840,32,Ldar.ExtraWide
code-creation,BytecodeHandler,0,22447,0x5599f99bd880,28,LdaSmi.ExtraWide
code-creation,BytecodeHandler,0,22458,0x5599f99bd8c0,44,LdaConstant.ExtraWide
code-creation,BytecodeHandler,0,22463,0x5599f99bd900,128,LdaContextSlotNoCell.ExtraWide
code-creation,BytecodeHandler,0,22474,0x5599f99bd9c0,428,LdaContextSlot.ExtraWide
code-creation,BytecodeHandler,0,22478,0x5599f99bdb80,128,LdaImmutableContextSlot.ExtraWide
code-creation,BytecodeHandler,0,22490,0x5599f99bdc40,56,LdaCurrentContextSlotNoCell.ExtraWide
code-creation,BytecodeHandler,0,22503,0x5599f99bdc80,356,LdaCurrentContextSlot.ExtraWide
code-creation,BytecodeHandler,0,22507,0x5599f99bde00,56,LdaImmutableCurrentContextSlot.ExtraWide
code-creation,BytecodeHandler,0,22518,0x5599f99bde40,32,Star.ExtraWide
code-creation,BytecodeHandler,0,22522,0x5599f99bde80,44,Mov.ExtraWide
code-creation,BytecodeHandler,0,22532,0x5599f99bdec0,40,PushContext.ExtraWide
code-creation,BytecodeHandler,0,22536,0x5599f99bdf00,36,PopContext.ExtraWide
code-creation,BytecodeHandler,0,22547,0x5599f99bdf40,48,TestReferenceEqual.ExtraWide
code-creation,BytecodeHandler,0,22551,0x5599f99bdf80,4036,LdaGlobal.ExtraWide
code-creation,BytecodeHandler,0,22562,0x5599f99bef80,3908,LdaGlobalInsideTypeof.ExtraWide
code-creation,BytecodeHandler,0,22566,0x5599f99bff00,128,StaGlobal.ExtraWide
code-creation,BytecodeHandler,0,22576,0x5599f99bffc0,180,StaContextSlotNoCell.ExtraWide
code-creation,BytecodeHandler,0,22581,0x5599f99c0080,108,StaCurrentContextSlotNoCell.ExtraWide
code-creation,BytecodeHandler,0,22592,0x5599f99c0100,2604,StaContextSlot.ExtraWide
code-creation,BytecodeHandler,0,22597,0x5599f99c0b40,2664,StaCurrentContextSlot.ExtraWide
code-creation,BytecodeHandler,0,22610,0x5599f99c15c0,124,LdaLookupSlot.ExtraWide
code-creation,BytecodeHandler,0,22615,0x5599f99c1640,288,LdaLookupContextSlotNoCell.ExtraWide
code-creation,BytecodeHandler,0,22625,0x5599f99c1780,596,LdaLookupContextSlot.ExtraWide
code-creation,BytecodeHandler,0,22631,0x5599f99c1a00,4280,LdaLookupGlobalSlot.ExtraWide
code-creation,BytecodeHandler,0,22642,0x5599f99c2ac0,124,LdaLookupSlotInsideTypeof.ExtraWide
code-creation,BytecodeHandler,0,22647,0x5599f99c2b40,288,LdaLookupContextSlotNoCellInsideTypeof.ExtraWide
code-creation,BytecodeHandler,0,22658,0x5599f99c2c80,596,LdaLookupContextSlotInsideTypeof.ExtraWide
code-creation,BytecodeHandler,0,22672,0x5599f99c2f00,4148,LdaLookupGlobalSlotInsideTypeof.ExtraWide
code-creation,BytecodeHandler,0,22684,0x5599f99c3f40,216,StaLookupSlot.ExtraWide
code-creation,BytecodeHandler,0,22688,0x5599f99c4040,4212,GetNamedProperty.ExtraWide
code-creation,BytecodeHandler,0,22699,0x5599f99c50c0,148,GetNamedPropertyFromSuper.ExtraWide
code-creation,BytecodeHandler,0,22703,0x5599f99c5180,112,GetKeyedProperty.ExtraWide
code-creation,BytecodeHandler,0,22706,0x5599f99c5200,136,GetEnumeratedKeyedProperty.ExtraWide
code-creation,BytecodeHandler,0,22717,0x5599f99c52c0,212,GetPrivateField.ExtraWide
code-creation,BytecodeHandler,0,22721,0x5599f99c53c0,200,LdaModuleVariable.ExtraWide
code-creation,BytecodeHandler,0,22732,0x5599f99c54c0,312,StaModuleVariable.ExtraWide
code-creation,BytecodeHandler,0,22736,0x5599f99c5600,152,SetNamedProperty.ExtraWide
code-creation,BytecodeHandler,0,22749,0x5599f99c56c0,152,DefineNamedOwnProperty.ExtraWide
code-creation,BytecodeHandler,0,22761,0x5599f99c5780,128,SetKeyedProperty.ExtraWide
code-creation,BytecodeHandler,0,22766,0x5599f99c5840,144,DefineKeyedOwnProperty.ExtraWide
code-creation,BytecodeHandler,0,22776,0x5599f99c5900,128,StaInArrayLiteral.ExtraWide
code-creation,BytecodeHandler,0,22781,0x5599f99c59c0,160,DefineKeyedOwnPropertyInLiteral.ExtraWide
code-creation,BytecodeHandler,0,22792,0x5599f99c5a80,180,SetPrototypeProperties.ExtraWide
code-creation,BytecodeHandler,0,22805,0x5599f99c5b40,220,SetPrivateField.ExtraWide
code-creation,BytecodeHandler,0,22810,0x5599f99c5c40,2020,Add.ExtraWide
code-creation,BytecodeHandler,0,22820,0x5599f99c6440,1472,Sub.ExtraWide
code-creation,BytecodeHandler,0,22825,0x5599f99c6a40,1664,Mul.ExtraWide
code-creation,BytecodeHandler,0,22835,0x5599f99c7100,1616,Div.ExtraWide
code-creation,BytecodeHandler,0,22840,0x5599f99c7780,1700,Mod.ExtraWide
code-creation,BytecodeHandler,0,22864,0x5599f99c7e40,932,Exp.ExtraWide
code-creation,BytecodeHandler,0,22876,0x5599f99c8200,2088,BitwiseOr.ExtraWide
code-creation,BytecodeHandler,0,22881,0x5599f99c8a40,2088,BitwiseXor.ExtraWide
code-creation,BytecodeHandler,0,22891,0x5599f99c9280,2088,BitwiseAnd.ExtraWide
code-creation,BytecodeHandler,0,22896,0x5599f99c9ac0,1504,ShiftLeft.ExtraWide
code-creation,BytecodeHandler,0,22906,0x5599f99ca0c0,1504,ShiftRight.ExtraWide
code-creation,BytecodeHandler,0,22911,0x5599f99ca6c0,1444,ShiftRightLogical.ExtraWide
code-creation,BytecodeHandler,0,22922,0x5599f99cac80,3868,Add_StringConstant_Internalize.ExtraWide
code-creation,BytecodeHandler,0,22936,0x5599f99cbbc0,680,AddSmi.ExtraWide
code-creation,BytecodeHandler,0,22940,0x5599f99cbe80,584,SubSmi.ExtraWide
code-creation,BytecodeHandler,0,22950,0x5599f99cc100,752,MulSmi.ExtraWide
code-creation,BytecodeHandler,0,22954,0x5599f99cc400,704,DivSmi.ExtraWide
code-creation,BytecodeHandler,0,22965,0x5599f99cc700,684,ModSmi.ExtraWide
code-creation,BytecodeHandler,0,22969,0x5599f99cc9c0,640,ExpSmi.ExtraWide
code-creation,BytecodeHandler,0,22979,0x5599f99ccc80,664,BitwiseOrSmi.ExtraWide
code-creation,BytecodeHandler,0,22983,0x5599f99ccf40,664,BitwiseXorSmi.ExtraWide
code-creation,BytecodeHandler,0,22994,0x5599f99cd200,664,BitwiseAndSmi.ExtraWide
code-creation,BytecodeHandler,0,22999,0x5599f99cd4c0,808,ShiftLeftSmi.ExtraWide
code-creation,BytecodeHandler,0,23009,0x5599f99cd800,668,ShiftRightSmi.ExtraWide
code-creation,BytecodeHandler,0,23013,0x5599f99cdac0,816,ShiftRightLogicalSmi.ExtraWide
code-creation,BytecodeHandler,0,23026,0x5599f99cde00,556,TypeOf.ExtraWide
code-creation,BytecodeHandler,0,23031,0x5599f99ce040,108,DeletePropertyStrict.ExtraWide
code-creation,BytecodeHandler,0,23044,0x5599f99ce0c0,104,DeletePropertySloppy.ExtraWide
code-creation,BytecodeHandler,0,23088,0x5599f99ce140,44,GetSuperConstructor.ExtraWide
code-creation,BytecodeHandler,0,23123,0x5599f99ce180,384,FindNonDefaultConstructorOrConstruct.ExtraWide
code-creation,BytecodeHandler,0,23138,0x5599f99ce340,1100,CallAnyReceiver.ExtraWide
code-creation,BytecodeHandler,0,23151,0x5599f99ce7c0,1100,CallProperty.ExtraWide
code-creation,BytecodeHandler,0,23155,0x5599f99cec40,916,CallProperty0.ExtraWide
code-creation,BytecodeHandler,0,23166,0x5599f99cf000,928,CallProperty1.ExtraWide
code-creation,BytecodeHandler,0,23170,0x5599f99cf3c0,940,CallProperty2.ExtraWide
code-creation,BytecodeHandler,0,23181,0x5599f99cf780,908,CallUndefinedReceiver.ExtraWide
code-creation,BytecodeHandler,0,23186,0x5599f99cfb40,908,CallUndefinedReceiver0.ExtraWide
code-creation,BytecodeHandler,0,23197,0x5599f99cff00,932,CallUndefinedReceiver1.ExtraWide
code-creation,BytecodeHandler,0,23201,0x5599f99d02c0,944,CallUndefinedReceiver2.ExtraWide
code-creation,BytecodeHandler,0,23212,0x5599f99d0680,1100,CallWithSpread.ExtraWide
code-creation,BytecodeHandler,0,23218,0x5599f99d0b00,124,CallRuntime.ExtraWide
code-creation,BytecodeHandler,0,23229,0x5599f99d0b80,136,CallRuntimeForPair.ExtraWide
code-creation,BytecodeHandler,0,23234,0x5599f99d0c40,88,CallJSRuntime.ExtraWide
code-creation,BytecodeHandler,0,23249,0x5599f99d0cc0,1380,InvokeIntrinsic.ExtraWide
code-creation,BytecodeHandler,0,23253,0x5599f99d1240,1120,Construct.ExtraWide
code-creation,BytecodeHandler,0,23265,0x5599f99d16c0,376,ConstructWithSpread.ExtraWide
code-creation,BytecodeHandler,0,23277,0x5599f99d1840,988,ConstructForwardAllArgs.ExtraWide
code-creation,BytecodeHandler,0,23282,0x5599f99d1c40,2168,TestEqual.ExtraWide
code-creation,BytecodeHandler,0,23292,0x5599f99d24c0,1292,TestEqualStrict.ExtraWide
code-creation,BytecodeHandler,0,23296,0x5599f99d2a00,2056,TestLessThan.ExtraWide
code-creation,BytecodeHandler,0,23307,0x5599f99d3240,2056,TestGreaterThan.ExtraWide
code-creation,BytecodeHandler,0,23311,0x5599f99d3a80,2056,TestLessThanOrEqual.ExtraWide
code-creation,BytecodeHandler,0,23314,0x5599f99d42c0,2056,TestGreaterThanOrEqual.ExtraWide
code-creation,BytecodeHandler,0,23316,0x5599f99d4b00,1004,TestInstanceOf.ExtraWide
code-creation,BytecodeHandler,0,23327,0x5599f99d4f00,112,TestIn.ExtraWide
code-creation,BytecodeHandler,0,23331,0x5599f99d4f80,160,ToNumber.ExtraWide
code-creation,BytecodeHandler,0,23341,0x5599f99d5040,184,ToNumeric.ExtraWide
code-creation,BytecodeHandler,0,23346,0x5599f99d5100,104,ToObject.ExtraWide
code-creation,BytecodeHandler,0,23357,0x5599f99d5180,412,CreateRegExpLiteral.ExtraWide
code-creation,BytecodeHandler,0,23377,0x5599f99d5340,1736,CreateArrayLiteral.ExtraWide
code-creation,BytecodeHandler,0,23383,0x5599f99d5a40,724,CreateEmptyArrayLiteral.ExtraWide
code-creation,BytecodeHandler,0,23394,0x5599f99d5d40,2756,CreateObjectLiteral.ExtraWide
code-creation,BytecodeHandler,0,23398,0x5599f99d6840,132,CloneObject.ExtraWide
code-creation,BytecodeHandler,0,23409,0x5599f99d6900,140,GetTemplateObject.ExtraWide
code-creation,BytecodeHandler,0,23414,0x5599f99d69c0,332,CreateClosure.ExtraWide
code-creation,BytecodeHandler,0,23424,0x5599f99d6b40,124,CreateBlockContext.ExtraWide
code-creation,BytecodeHandler,0,23429,0x5599f99d6bc0,136,CreateCatchContext.ExtraWide
code-creation,BytecodeHandler,0,23440,0x5599f99d6c80,352,CreateFunctionContext.ExtraWide
code-creation,BytecodeHandler,0,23445,0x5599f99d6e00,800,CreateFunctionContextWithCells.ExtraWide
code-creation,BytecodeHandler,0,23455,0x5599f99d7140,352,CreateEvalContext.ExtraWide
code-creation,BytecodeHandler,0,23460,0x5599f99d72c0,136,CreateWithContext.ExtraWide
code-creation,BytecodeHandler,0,23471,0x5599f99d7380,1776,JumpLoop.ExtraWide
code-creation,BytecodeHandler,0,23475,0x5599f99d7a80,20,Jump.ExtraWide
code-creation,BytecodeHandler,0,23485,0x5599f99d7ac0,44,JumpConstant.ExtraWide
code-creation,BytecodeHandler,0,23499,0x5599f99d7b00,68,JumpIfNullConstant.ExtraWide
code-creation,BytecodeHandler,0,23504,0x5599f99d7b80,68,JumpIfNotNullConstant.ExtraWide
code-creation,BytecodeHandler,0,23514,0x5599f99d7c00,68,JumpIfUndefinedConstant.ExtraWide
code-creation,BytecodeHandler,0,23527,0x5599f99d7c80,68,JumpIfNotUndefinedConstant.ExtraWide
code-creation,BytecodeHandler,0,23540,0x5599f99d7d00,72,JumpIfUndefinedOrNullConstant.ExtraWide
code-creation,BytecodeHandler,0,23546,0x5599f99d7d80,68,JumpIfTrueConstant.ExtraWide
code-creation,BytecodeHandler,0,23556,0x5599f99d7e00,68,JumpIfFalseConstant.ExtraWide
code-creation,BytecodeHandler,0,23561,0x5599f99d7e80,84,JumpIfJSReceiverConstant.ExtraWide
code-creation,BytecodeHandler,0,23572,0x5599f99d7f00,84,JumpIfForInDoneConstant.ExtraWide
code-creation,BytecodeHandler,0,23577,0x5599f99d7f80,140,JumpIfToBooleanTrueConstant.ExtraWide
code-creation,BytecodeHandler,0,23588,0x5599f99d8040,140,JumpIfToBooleanFalseConstant.ExtraWide
code-creation,BytecodeHandler,0,23593,0x5599f99d8100,120,JumpIfToBooleanTrue.ExtraWide
code-creation,BytecodeHandler,0,23604,0x5599f99d8180,120,JumpIfToBooleanFalse.ExtraWide
code-creation,BytecodeHandler,0,23617,0x5599f99d8200,44,JumpIfTrue.ExtraWide
code-creation,BytecodeHandler,0,23622,0x5599f99d8240,44,JumpIfFalse.ExtraWide
code-creation,BytecodeHandler,0,23632,0x5599f99d8280,44,JumpIfNull.ExtraWide
code-creation,BytecodeHandler,0,23645,0x5599f99d82c0,44,JumpIfNotNull.ExtraWide
code-creation,BytecodeHandler,0,23649,0x5599f99d8300,44,JumpIfUndefined.ExtraWide
code-creation,BytecodeHandler,0,23659,0x5599f99d8340,44,JumpIfNotUndefined.ExtraWide
code-creation,BytecodeHandler,0,23673,0x5599f99d8380,52,JumpIfUndefinedOrNull.ExtraWide
code-creation,BytecodeHandler,0,23687,0x5599f99d83c0,60,JumpIfJSReceiver.ExtraWide
code-creation,BytecodeHandler,0,23691,0x5599f99d8400,64,JumpIfForInDone.ExtraWide
code-creation,BytecodeHandler,0,23701,0x5599f99d8480,100,SwitchOnSmiNoFeedback.ExtraWide
code-creation,BytecodeHandler,0,23714,0x5599f99d8500,488,ForInEnumerate.ExtraWide
code-creation,BytecodeHandler,0,23719,0x5599f99d8700,220,ForInPrepare.ExtraWide
code-creation,BytecodeHandler,0,23729,0x5599f99d8800,208,ForInNext.ExtraWide
code-creation,BytecodeHandler,0,23734,0x5599f99d8900,44,ForInStep.ExtraWide
code-creation,BytecodeHandler,0,23746,0x5599f99d8940,3112,ForOfNext.ExtraWide
code-creation,BytecodeHandler,0,23760,0x5599f99d9580,144,ThrowReferenceErrorIfTdzHole.ExtraWide
code-creation,BytecodeHandler,0,23773,0x5599f99d9640,136,ThrowIfNotSuperConstructor.ExtraWide
code-creation,BytecodeHandler,0,23778,0x5599f99d9700,124,SwitchOnGeneratorState.ExtraWide
code-creation,BytecodeHandler,0,23788,0x5599f99d9780,460,SuspendGenerator.ExtraWide
code-creation,BytecodeHandler,0,23793,0x5599f99d9980,176,ResumeGenerator.ExtraWide
code-creation,BytecodeHandler,0,23803,0x5599f99d9a40,128,GetIterator.ExtraWide
code-creation,BytecodeHandler,0,23808,0x5599f99d9b00,104,ArrayDestructure.ExtraWide
code-creation,BytecodeHandler,0,23819,0x5599f99d9b80,112,IncBlockCounter.ExtraWide
new,MemoryChunk,0x2dd101040000,262144
code-creation,Script,10,25775,0x1ade01000254,390, osr-bug.js:1:1,0x2dd10101e268,~
script-source,3,osr-bug.js,// Lines 146-154 (+ summary item 10\x2C line 37): OSR + reduce callback from different environments.\n// Usage: d8 osr-bug.js -- <variant> <n> [opt]   |  node osr-bug.js <variant> <n> [opt]\nconst isD8 = typeof process === 'undefined';\nconst log = isD8 ? print : console.log;\nconst argv = isD8 ? arguments : process.argv.slice(2);\nconst variant = argv[0]\x2C N = +argv[1]\x2C mode = argv[2] || 'plain';\nconst arr = [1\x2C 2\x2C 3\x2C 4\x2C 5\x2C 6\x2C 7\x2C 8\x2C 9\x2C 10];\nfunction doOuter(a\x2C b) { return a + b; }\nvar doOuterVar = function (a\x2C b) { return a + b; };\nconst doOuterConst = function (a\x2C b) { return a + b; };\nconst outerArrow = (a\x2C b) => a + b;\nconst V = {\n  literal(n) { let s = 0; while (n--) s += arr.reduce((a\x2C b) => a + b\x2C 0); return s; }\x2C\n  inner(n) { function doInner(a\x2C b) { return a + b; } let s = 0; while (n--) s += arr.reduce(doInner\x2C 0); return s; }\x2C\n  globalFn(n) { let s = 0; while (n--) s += arr.reduce(doOuter\x2C 0); return s; }\x2C\n  aliasInside(n) { var doInner = doOuter; let s = 0; while (n--) s += arr.reduce(doInner\x2C 0); return s; }\x2C\n  globalVar(n) { let s = 0; while (n--) s += arr.reduce(doOuterVar\x2C 0); return s; }\x2C\n  globalConst(n) { let s = 0; while (n--) s += arr.reduce(doOuterConst\x2C 0); return s; }\x2C\n  globalConstArrow(n) { let s = 0; while (n--) s += arr.reduce(outerArrow\x2C 0); return s; }\x2C\n  // workaround from line 154: loop body in a small local function\n  innerWrapped(n) { function doInner(a\x2C b) { return a + b; } function doSum() { return arr.reduce(doInner\x2C 0); } let s = 0; while (n--) s += doSum(); return s; }\x2C\n  constArrowWrapped(n) { function doSum() { return arr.reduce(outerArrow\x2C 0); } let s = 0; while (n--) s += doSum(); return s; }\x2C\n};\nconst doMain = V[variant];\nif (mode === 'opt') { %PrepareFunctionForOptimization(doMain); doMain(3); doMain(3); %OptimizeFunctionOnNextCall(doMain); }\nconst t0 = Date.now();\nconst r = doMain(N);\nlog(`${variant.padEnd(18)} mode=${mode} n=${N} ms=${Date.now() - t0} r=${r}`);\n
code-source-info,0x1ade01000254,3,0,1932,C6O0C11O199C16O199C18O243C22O250C27O258C31O266C35O243C37O284C41O291C46O303C50O311C55O316C63O316C68O284C70O342C74O346C77O342C79O355C84O360C87O355C89O355C91O372C96O376C103O372C105O404C109O404C111O495C115O495C118O551C122O551C124O605C128O605C130O632C135O636C143O724C151O843C159O924C167O1031C175O1116C183O1205C191O1364C199O1527C209O632C211O1673C216O1674C219O1673C221O1685C226O1694C231O1707C239O1748C245O1748C249O1759C255O1759C259O1770C267O1820C271O1825C276O1825C280O1820C282O1842C288O1842C292O1842C294O1853C300O1868C308O1868C323O1887C336O1897C347O1905C351O1910C356O1910C363O1916C379O1926C384O1853C389O1932,,
LoadGlobalIC,0x1ade0100025f,26197,3,14,X,X,0x2dd10101d555,process,,
LoadGlobalIC,0x1ade0100026a,26223,4,20,X,X,0x2dd10101d555,print,,
LoadGlobalIC,0x1ade0100027d,26250,5,21,X,X,0x2dd10101d555,arguments,,
StoreGlobalIC,0x1ade010002c7,26298,9,18,X,X,0x000000000000,doOuterVar,,
StoreIC,0x1ade010002df,26345,13,3,X,X,0x000000000000,literal,,
StoreIC,0x1ade010002e7,26373,14,3,X,X,0x000000000000,inner,,
StoreIC,0x1ade010002ef,26396,15,3,X,X,0x000000000000,globalFn,,
StoreIC,0x1ade010002f7,26420,16,3,X,X,0x000000000000,aliasInside,,
StoreIC,0x1ade010002ff,26436,17,3,X,X,0x000000000000,globalVar,,
StoreIC,0x1ade01000307,26460,18,3,X,X,0x000000000000,globalConst,,
StoreIC,0x1ade0100030f,26485,19,3,X,X,0x000000000000,globalConstArrow,,
StoreIC,0x1ade01000317,26507,21,3,X,X,0x000000000000,innerWrapped,,
StoreIC,0x1ade0100031f,26525,22,3,X,X,0x000000000000,constArrowWrapped,,
LoadGlobalIC,0x1ade0100035f,26551,26,12,X,X,0x2dd10101d555,Date,,
code-creation,JS,10,26640,0x1ade010004e0,50,inner osr-bug.js:14:8,0x2dd10101e424,~
code-source-info,0x1ade010004e0,3,729,839,C0O729C5O784C7O795C18O795C20O799C23O808C30O808C43O787C47O828C49O837,,
code-creation,JS,10,26706,0x1ade01000560,6,doInner osr-bug.js:14:30,0x2dd10101ea80,~
code-source-info,0x1ade01000560,3,751,775,C0O760C2O769C5O773,,
LoadIC,0x1ade010004f7,26755,14,87,0,1,0x2dd10100d035,reduce,,
new,MemoryChunk,0x1ade01040000,262144
new,MemoryChunk,0x5599d79c0000,262144
new,MemoryChunk,0x2dd101080000,262144
code-creation,JS,12,27620,0x5599d79c0040,260,doInner osr-bug.js:14:30,0x2dd10101ea80,+'
code-source-info,0x5599d79c0040,3,751,775,C7O751C7O751C7O751C7O751C23O751C27O769C41O769C52O769C70O773C80O773C94O773,,
code-creation,JS,12,27955,0x5599d79c0180,1168,inner osr-bug.js:14:8,0x2dd10101e424,o+
code-source-info,0x5599d79c0180,3,729,839,C14O729C14O729C14O729C14O729C14O729C14O729C14O729C30O729C34O795C42O795C46O795C58O795C70O799C80O808C129O808C152O808C166O808C176O808C198O787C234O787C256O787C256O787C260O787C274O787C286O787C298O787C337O787C362O787C377O787C387O787C409O787C445O787C465O828C470O828C484O828C484O837C497O837,,
code-creation,JS,13,29487,0x5599d79c0680,248,doInner osr-bug.js:14:30,0x2dd10101ea80,*'
code-source-info,0x5599d79c0680,3,751,775,C11O751C25O769C72O773C113O751C151O773,,
code-creation,JS,13,30389,0x5599d79c07c0,980,inner osr-bug.js:14:8,0x2dd10101e424,o*
code-source-info,0x5599d79c07c0,3,729,839,C23O729C37O795C104O808C147O799C154O808C436O837C466O729C507O808C540O795C653O808C695O795C815O787C888O808,,
LoadIC,0x1ade01000380,49470,28,16,X,X,0x2dd100000425,padEnd,,
LoadGlobalIC,0x1ade010003af,49515,28,53,X,X,0x2dd10101d555,Date,,
delete,MemoryChunk,0x3b7c00ed8000
delete,MemoryChunk,0x3b7c00ebd000
delete,MemoryChunk,0x3b7c00f2f800
delete,MemoryChunk,0x3b7c00f28000
delete,MemoryChunk,0x3b7c00eba800
delete,MemoryChunk,0x3b7c00ef3800
