v8-version,15,6,67,0,0
v8-platform,linux,linux
new,CodeRange,0x557ee0000000,0
new,MemoryChunk,0x365b00000000,262144
new,MemoryChunk,0x365b00040000,262144
new,MemoryChunk,0x365b00080000,262144
new,MemoryChunk,0x365b000c0000,262144
new,MemoryChunk,0x365b00100000,262144
new,MemoryChunk,0x365b00140000,262144
new,MemoryChunk,0x365b00180000,262144
new,MemoryChunk,0x365b001c0000,262144
new,MemoryChunk,0x365b00200000,262144
heap-capacity,1048512
heap-available,4397727616
new,MemoryChunk,0x365b01000000,262144
new,MemoryChunk,0x2d2f01000000,262144
code-creation,Builtin,3,1659,0x557edb684000,1016,DeoptimizationEntry_Eager
code-creation,Builtin,3,1678,0x557edb684400,1020,DeoptimizationEntry_Lazy
code-creation,Builtin,3,1682,0x557edb684800,84,DeoptimizationEntry_LazyAfterFastCall
code-creation,Builtin,3,1684,0x557edb684880,3240,RecordWriteSaveFP
code-creation,Builtin,3,1687,0x557edb685540,1696,RecordWriteIgnoreFP
code-creation,Builtin,3,1688,0x557edb685c00,340,EphemeronKeyBarrierSaveFP
code-creation,Builtin,3,1690,0x557edb685d80,120,EphemeronKeyBarrierIgnoreFP
code-creation,Builtin,3,1693,0x557edb685e00,336,IndirectPointerBarrierSaveFP
code-creation,Builtin,3,1695,0x557edb685f80,116,IndirectPointerBarrierIgnoreFP
code-creation,Builtin,3,1697,0x557edb686000,24,AdaptorWithBuiltinExitFrame0
code-creation,Builtin,3,1699,0x557edb686040,40,AdaptorWithBuiltinExitFrame1
code-creation,Builtin,3,1701,0x557edb686080,40,AdaptorWithBuiltinExitFrame2
code-creation,Builtin,3,1703,0x557edb6860c0,40,AdaptorWithBuiltinExitFrame3
code-creation,Builtin,3,1705,0x557edb686100,40,AdaptorWithBuiltinExitFrame4
code-creation,Builtin,3,1707,0x557edb686140,40,AdaptorWithBuiltinExitFrame5
code-creation,Builtin,3,1709,0x557edb686180,292,CallFunction_ReceiverIsNullOrUndefined
code-creation,Builtin,3,1711,0x557edb6862c0,332,CallFunction_ReceiverIsNotNullOrUndefined
code-creation,Builtin,3,1714,0x557edb686440,364,CallFunction_ReceiverIsAny
code-creation,Builtin,3,1716,0x557edb6865c0,104,CallBoundFunction
code-creation,Builtin,3,1718,0x557edb686640,1052,CallWrappedFunction
code-creation,Builtin,3,1720,0x557edb686a80,180,Call_ReceiverIsNullOrUndefined
code-creation,Builtin,3,1722,0x557edb686b40,180,Call_ReceiverIsNotNullOrUndefined
code-creation,Builtin,3,1724,0x557edb686c00,180,Call_ReceiverIsAny
code-creation,Builtin,3,1725,0x557edb686cc0,908,Call_ReceiverIsNullOrUndefined_Baseline_Compact
code-creation,Builtin,3,1728,0x557edb687080,900,Call_ReceiverIsNullOrUndefined_Baseline
code-creation,Builtin,3,1731,0x557edb687440,1060,Call_ReceiverIsNotNullOrUndefined_Baseline_Compact
code-creation,Builtin,3,1733,0x557edb687880,988,Call_ReceiverIsNotNullOrUndefined_Baseline
code-creation,Builtin,3,1736,0x557edb687c80,1060,Call_ReceiverIsAny_Baseline_Compact
code-creation,Builtin,3,1738,0x557edb6880c0,988,Call_ReceiverIsAny_Baseline
code-creation,Builtin,3,1740,0x557edb6884c0,904,Call_ReceiverIsNullOrUndefined_WithFeedback
code-creation,Builtin,3,1742,0x557edb688880,904,Call_ReceiverIsNotNullOrUndefined_WithFeedback
code-creation,Builtin,3,1745,0x557edb688c40,904,Call_ReceiverIsAny_WithFeedback
code-creation,Builtin,3,1748,0x557edb689000,736,CallProxy
code-creation,Builtin,3,1750,0x557edb689300,132,CallVarargs
code-creation,Builtin,3,1761,0x557edb6893c0,1352,CallWithSpread
code-creation,Builtin,3,1764,0x557edb689940,2372,CallWithSpread_Baseline
code-creation,Builtin,3,1767,0x557edb68a2c0,2256,CallWithSpread_WithFeedback
code-creation,Builtin,3,1778,0x557edb68abc0,1196,CallWithArrayLike
code-creation,Builtin,3,1782,0x557edb68b080,2112,CallWithArrayLike_WithFeedback
code-creation,Builtin,3,1794,0x557edb68b900,124,CallForwardVarargs
code-creation,Builtin,3,1798,0x557edb68b980,124,CallFunctionForwardVarargs
code-creation,Builtin,3,1808,0x557edb68ba00,476,CallFunctionTemplate_Generic
code-creation,Builtin,3,1814,0x557edb68bc00,200,CallFunctionTemplate_CheckAccess
code-creation,Builtin,3,1826,0x557edb68bd00,460,CallFunctionTemplate_CheckCompatibleReceiver
code-creation,Builtin,3,1830,0x557edb68bf00,524,CallFunctionTemplate_CheckAccessAndCompatibleReceiver
code-creation,Builtin,3,1841,0x557edb68c140,28,ConstructFunction
code-creation,Builtin,3,1863,0x557edb68c180,104,ConstructBoundFunction
code-creation,Builtin,3,1868,0x557edb68c200,28,ConstructedNonConstructable
code-creation,Builtin,3,1870,0x557edb68c240,108,Construct
code-creation,Builtin,3,1872,0x557edb68c2c0,132,ConstructVarargs
code-creation,Builtin,3,1874,0x557edb68c380,1372,ConstructWithSpread
code-creation,Builtin,3,1885,0x557edb68c900,2196,ConstructWithSpread_Baseline
code-creation,Builtin,3,1890,0x557edb68d1c0,2212,ConstructWithSpread_WithFeedback
code-creation,Builtin,3,1902,0x557edb68da80,1332,ConstructWithArrayLike
code-creation,Builtin,3,1907,0x557edb68dfc0,164,ConstructForwardVarargs
code-creation,Builtin,3,1926,0x557edb68e080,80,ConstructForwardAllArgs
code-creation,Builtin,3,1931,0x557edb68e100,752,ConstructForwardAllArgs_Baseline
code-creation,Builtin,3,1942,0x557edb68e400,756,ConstructForwardAllArgs_WithFeedback
code-creation,Builtin,3,1947,0x557edb68e700,164,ConstructFunctionForwardVarargs
code-creation,Builtin,3,1958,0x557edb68e7c0,756,Construct_Baseline
code-creation,Builtin,3,1963,0x557edb68eac0,792,Construct_WithFeedback
code-creation,Builtin,3,1975,0x557edb68ee00,428,JSConstructStubGeneric
code-creation,Builtin,3,1979,0x557edb68efc0,324,JSBuiltinsConstructStub
code-creation,Builtin,3,1981,0x557edb68f140,996,FastNewObject
code-creation,Builtin,3,1992,0x557edb68f540,412,FastNewClosure
code-creation,Builtin,3,1997,0x557edb68f700,772,ConstructProxy
code-creation,Builtin,3,2007,0x557edb68fa40,240,JSEntry
code-creation,Builtin,3,2012,0x557edb68fb40,240,JSConstructEntry
code-creation,Builtin,3,2023,0x557edb68fc40,240,JSRunMicrotasksEntry
code-creation,Builtin,3,2027,0x557edb68fd40,100,JSEntryTrampoline
code-creation,Builtin,3,2038,0x557edb68fdc0,100,JSConstructEntryTrampoline
code-creation,Builtin,3,2042,0x557edb68fe40,328,ResumeGeneratorTrampoline
code-creation,Builtin,3,2053,0x557edb68ffc0,72,ResumeGeneratorTrampoline_WithCatch
code-creation,Builtin,3,2057,0x557edb690040,1212,StringFromCodePointAt
code-creation,Builtin,3,2068,0x557edb690500,1392,StringEqual
code-creation,Builtin,3,2073,0x557edb690a80,1392,WasmJSStringEqual
code-creation,Builtin,3,2083,0x557edb691000,648,StringGreaterThan
code-creation,Builtin,3,2088,0x557edb6912c0,648,StringGreaterThanOrEqual
code-creation,Builtin,3,2099,0x557edb691580,648,StringLessThan
code-creation,Builtin,3,2103,0x557edb691840,648,StringLessThanOrEqual
code-creation,Builtin,3,2114,0x557edb691b00,652,StringCompare
code-creation,Builtin,3,2119,0x557edb691dc0,652,WasmStringCompare
code-creation,Builtin,3,2130,0x557edb692080,3892,StringSubstring
code-creation,Builtin,3,2134,0x557edb692fc0,112,OrderedHashTableHealIndex
code-creation,Builtin,3,2145,0x557edb693040,692,InterpreterEntryTrampoline
code-creation,Builtin,3,2150,0x557edb693300,700,InterpreterEntryTrampolineForProfiling
code-creation,Builtin,3,2161,0x557edb6935c0,80,InterpreterForwardAllArgsThenConstruct
code-creation,Builtin,3,2166,0x557edb693640,76,InterpreterPushArgsThenCall
code-creation,Builtin,3,2169,0x557edb6936c0,84,InterpreterPushUndefinedAndArgsThenCall
code-creation,Builtin,3,2180,0x557edb693740,84,InterpreterPushArgsThenCallWithFinalSpread
code-creation,Builtin,3,2184,0x557edb6937c0,84,InterpreterPushArgsThenConstruct
code-creation,Builtin,3,2196,0x557edb693840,704,InterpreterPushArgsThenFastConstructFunction
code-creation,Builtin,3,2201,0x557edb693b40,84,InterpreterPushArgsThenConstructArrayFunction
code-creation,Builtin,3,2212,0x557edb693bc0,88,InterpreterPushArgsThenConstructWithFinalSpread
code-creation,Builtin,3,2217,0x557edb693c40,132,InterpreterEnterAtBytecode
code-creation,Builtin,3,2228,0x557edb693d00,256,InterpreterEnterAtNextBytecode
code-creation,Builtin,3,2233,0x557edb693e40,136,InterpreterOnStackReplacement
code-creation,Builtin,3,2243,0x557edb693f00,192,BaselineOutOfLinePrologue
code-creation,Builtin,3,2248,0x557edb694000,20,BaselineOutOfLinePrologueDeopt
code-creation,Builtin,3,2259,0x557edb694040,136,BaselineOnStackReplacement
code-creation,Builtin,3,2263,0x557edb694100,72,BaselineLeaveFrame
code-creation,Builtin,3,2284,0x557edb694180,260,InterpreterOnStackReplacement_ToBaseline
code-creation,Builtin,3,2290,0x557edb6942c0,32,MaglevFunctionEntryStackCheck_WithoutNewTarget
code-creation,Builtin,3,2301,0x557edb694300,32,MaglevFunctionEntryStackCheck_WithNewTarget
code-creation,Builtin,3,2306,0x557edb694340,4,MaglevOptimizeCodeOrTailCallOptimizedCodeSlot
code-creation,Builtin,3,2317,0x557edb694380,992,CompileLazy
code-creation,Builtin,3,2321,0x557edb694780,32,NotifyDeoptimized
code-creation,Builtin,3,2324,0x557edb6947c0,164,StartMaglevOptimizeJob
code-creation,Builtin,3,2326,0x557edb694880,164,OptimizeMaglevEager
code-creation,Builtin,3,2336,0x557edb694940,164,StartTurbofanOptimizeJob
code-creation,Builtin,3,2340,0x557edb694a00,164,OptimizeTurbofanEager
code-creation,Builtin,3,2343,0x557edb694ac0,164,FunctionLogNextExecution
code-creation,Builtin,3,2354,0x557edb694b80,164,MarkReoptimizeLazyDeoptimized
code-creation,Builtin,3,2358,0x557edb694c40,164,MarkLazyDeoptimized
code-creation,Builtin,3,2360,0x557edb694d00,164,MarkFlushed
code-creation,Builtin,3,2370,0x557edb694dc0,44,ContinueToCodeStubBuiltin
code-creation,Builtin,3,2374,0x557edb694e00,52,ContinueToCodeStubBuiltinWithResult
code-creation,Builtin,3,2377,0x557edb694e40,44,ContinueToJavaScriptBuiltin
code-creation,Builtin,3,2388,0x557edb694e80,52,ContinueToJavaScriptBuiltinWithResult
code-creation,Builtin,3,2393,0x557edb694ec0,284,CallApiCallbackGeneric
code-creation,Builtin,3,2404,0x557edb695000,216,CallApiCallbackOptimizedNoProfiling
code-creation,Builtin,3,2410,0x557edb695100,236,CallApiCallbackOptimized
code-creation,Builtin,3,2421,0x557edb695200,272,CallApiGetter
code-creation,Builtin,3,2426,0x557edb695340,280,CallNamedInterceptorGetter
code-creation,Builtin,3,2439,0x557edb695480,284,CallNamedInterceptorSetter
code-creation,Builtin,3,2444,0x557edb6955c0,32,HandleApiCallOrConstruct
code-creation,Builtin,3,2457,0x557edb695600,12,HandleApiConstruct
code-creation,Builtin,3,2462,0x557edb695640,12,HandleApiCallAsFunctionDelegate
code-creation,Builtin,3,2475,0x557edb695680,12,HandleApiCallAsConstructorDelegate
code-creation,Builtin,3,2480,0x557edb6956c0,52,AllocateInYoungGeneration
code-creation,Builtin,3,2494,0x557edb695700,52,AllocateInOldGeneration
code-creation,Builtin,3,2545,0x557edb695740,52,WasmAllocateInYoungGeneration
code-creation,Builtin,3,2550,0x557edb695780,52,WasmAllocateInOldGeneration
code-creation,Builtin,3,2561,0x557edb6957c0,44,WasmAllocateInSharedHeap
code-creation,Builtin,3,2565,0x557edb695800,132,NewHeapNumber
code-creation,Builtin,3,2576,0x557edb6958c0,684,CopyFastSmiOrObjectElements
code-creation,Builtin,3,2580,0x557edb695b80,756,GrowFastDoubleElements
code-creation,Builtin,3,2590,0x557edb695e80,560,GrowFastSmiOrObjectElements
code-creation,Builtin,3,2594,0x557edb6960c0,292,DebugBreakTrampoline
code-creation,Builtin,3,2597,0x557edb696200,280,RestartFrameTrampoline
code-creation,Builtin,3,2607,0x557edb696340,184,ToNumber
code-creation,Builtin,3,2611,0x557edb696400,80,ToBigInt
code-creation,Builtin,3,2649,0x557edb696480,272,ToNumber_Baseline
code-creation,Builtin,3,2664,0x557edb6965c0,336,ToNumeric_Baseline
code-creation,Builtin,3,2668,0x557edb696740,124,PlainPrimitiveToNumber
code-creation,Builtin,3,2678,0x557edb6967c0,224,ToNumberConvertBigInt
code-creation,Builtin,3,2682,0x557edb6968c0,60,ToBigIntConvertNumber
code-creation,Builtin,3,2693,0x557edb696900,192,Typeof
code-creation,Builtin,3,2697,0x557edb696a00,448,Typeof_Baseline
code-creation,Builtin,3,2707,0x557edb696c00,104,BigIntToI64
code-creation,Builtin,3,2711,0x557edb696c80,4,BigIntToI32Pair
code-creation,Builtin,3,2721,0x557edb696cc0,208,I64ToBigInt
code-creation,Builtin,3,2725,0x557edb696dc0,4,I32PairToBigInt
code-creation,Builtin,3,2728,0x557edb696e00,152,ToBooleanLazyDeoptContinuation
code-creation,Builtin,3,2738,0x557edb696ec0,344,MathCeilContinuation
code-creation,Builtin,3,2743,0x557edb697040,348,MathFloorContinuation
code-creation,Builtin,3,2754,0x557edb6971c0,396,MathRoundContinuation
code-creation,Builtin,3,2758,0x557edb697380,96,MathClz32Continuation
code-creation,Builtin,3,2769,0x557edb697400,3200,KeyedLoadIC_PolymorphicName
code-creation,Builtin,3,2784,0x557edb6980c0,30128,KeyedStoreIC_Megamorphic
code-creation,Builtin,3,2789,0x557edb69f680,19072,DefineKeyedOwnIC_Megamorphic
code-creation,Builtin,3,2799,0x557edb6a4140,992,LoadGlobalIC_NoFeedback
code-creation,Builtin,3,2803,0x557edb6a4540,88,LoadIC_FunctionPrototype
code-creation,Builtin,3,2815,0x557edb6a45c0,8,LoadIC_StringLength
code-creation,Builtin,3,2819,0x557edb6a4600,16,LoadIC_StringWrapperLength
code-creation,Builtin,3,2830,0x557edb6a4640,4464,LoadIC_NoFeedback
code-creation,Builtin,3,2834,0x557edb6a57c0,32,StoreGlobalIC_Slow
code-creation,Builtin,3,2844,0x557edb6a5800,8812,StoreIC_NoFeedback
code-creation,Builtin,3,2849,0x557edb6a7a80,4780,DefineNamedOwnIC_NoFeedback
code-creation,Builtin,3,2859,0x557edb6a8d40,188,KeyedLoadIC_SloppyArguments
code-creation,Builtin,3,2864,0x557edb6a8e00,68,LoadIndexedInterceptorIC
code-creation,Builtin,3,2874,0x557edb6a8e80,320,KeyedStoreIC_SloppyArguments_InBounds
code-creation,Builtin,3,2880,0x557edb6a9000,320,KeyedStoreIC_SloppyArguments_NoTransitionGrowAndHandleCOW
code-creation,Builtin,3,2906,0x557edb6a9180,320,KeyedStoreIC_SloppyArguments_NoTransitionIgnoreTypedArrayOOB
code-creation,Builtin,3,2911,0x557edb6a9300,320,KeyedStoreIC_SloppyArguments_NoTransitionHandleCOW
code-creation,Builtin,3,2927,0x557edb6a9480,18448,StoreFastElementIC_InBounds
code-creation,Builtin,3,2931,0x557edb6adcc0,12224,StoreFastElementIC_NoTransitionGrowAndHandleCOW
code-creation,Builtin,3,2942,0x557edb6b0cc0,18304,StoreFastElementIC_NoTransitionIgnoreTypedArrayOOB
code-creation,Builtin,3,2947,0x557edb6b5480,7144,StoreFastElementIC_NoTransitionHandleCOW
code-creation,Builtin,3,2958,0x557edb6b7080,9988,ElementsTransitionAndStore_InBounds
code-creation,Builtin,3,2963,0x557edb6b97c0,22576,ElementsTransitionAndStore_NoTransitionGrowAndHandleCOW
code-creation,Builtin,3,2974,0x557edb6bf000,9988,ElementsTransitionAndStore_NoTransitionIgnoreTypedArrayOOB
code-creation,Builtin,3,2988,0x557edb6c1740,13380,ElementsTransitionAndStore_NoTransitionHandleCOW
code-creation,Builtin,3,2992,0x557edb6c4bc0,1216,KeyedHasIC_PolymorphicName
code-creation,Builtin,3,3003,0x557edb6c50c0,172,KeyedHasIC_SloppyArguments
code-creation,Builtin,3,3007,0x557edb6c5180,68,HasIndexedInterceptorIC
code-creation,Builtin,3,3018,0x557edb6c5200,200,EnqueueMicrotask
code-creation,Builtin,3,3023,0x557edb6c5300,248,GlobalQueueMicrotask
code-creation,Builtin,3,3033,0x557edb6c5400,8,RunMicrotasksTrampoline
code-creation,Builtin,3,3038,0x557edb6c5440,3568,RunMicrotasks
code-creation,Builtin,3,3048,0x557edb6c6240,3664,HasProperty
code-creation,Builtin,3,3053,0x557edb6c70c0,1564,DeleteProperty
code-creation,Builtin,3,3063,0x557edb6c7700,2708,CopyDataProperties
code-creation,Builtin,3,3067,0x557edb6c81c0,11500,SetDataProperties
code-creation,Builtin,3,3078,0x557edb6caec0,300,ProxyGetPropertyFastPath
code-creation,Builtin,3,3082,0x557edb6cb000,3584,CopyDataPropertiesWithExcludedPropertiesOnStack
code-creation,Builtin,3,3093,0x557edb6cbe40,56,CopyDataPropertiesWithExcludedProperties
code-creation,Builtin,3,3098,0x557edb6cbe80,28,Abort
code-creation,Builtin,3,3108,0x557edb6cbec0,28,AbortCSADcheck
code-creation,Builtin,3,3112,0x557edb6cbf00,12,EmptyFunction
code-creation,Builtin,3,3122,0x557edb6cbf40,12,EmptyFunction1
code-creation,Builtin,3,3128,0x557edb6cbf80,12,Illegal
code-creation,Builtin,3,3138,0x557edb6cbfc0,12,IllegalInvocationThrower
code-creation,Builtin,3,3142,0x557edb6cc000,12,StrictPoisonPillThrower
code-creation,Builtin,3,3153,0x557edb6cc040,12,UnsupportedThrower
code-creation,Builtin,3,3157,0x557edb6cc080,64,ReturnReceiver
code-creation,Builtin,3,3167,0x557edb6cc100,12,AbstractModuleSourceToStringTag
code-creation,Builtin,3,3172,0x557edb6cc140,20,ArrayConstructor
code-creation,Builtin,3,3182,0x557edb6cc180,360,ArrayConstructorImpl
code-creation,Builtin,3,3187,0x557edb6cc300,192,ArrayNoArgumentConstructor_PackedSmi_DontOverride
code-creation,Builtin,3,3198,0x557edb6cc400,192,ArrayNoArgumentConstructor_HoleySmi_DontOverride
code-creation,Builtin,3,3203,0x557edb6cc500,160,ArrayNoArgumentConstructor_PackedSmi_DisableAllocationSites
code-creation,Builtin,3,3217,0x557edb6cc5c0,160,ArrayNoArgumentConstructor_HoleySmi_DisableAllocationSites
code-creation,Builtin,3,3222,0x557edb6cc680,160,ArrayNoArgumentConstructor_Packed_DisableAllocationSites
code-creation,Builtin,3,3233,0x557edb6cc740,160,ArrayNoArgumentConstructor_Holey_DisableAllocationSites
code-creation,Builtin,3,3238,0x557edb6cc800,156,ArrayNoArgumentConstructor_PackedDouble_DisableAllocationSites
code-creation,Builtin,3,3250,0x557edb6cc8c0,156,ArrayNoArgumentConstructor_HoleyDouble_DisableAllocationSites
code-creation,Builtin,3,3256,0x557edb6cc980,888,ArraySingleArgumentConstructor_PackedSmi_DontOverride
code-creation,Builtin,3,3286,0x557edb6ccd00,848,ArraySingleArgumentConstructor_HoleySmi_DontOverride
code-creation,Builtin,3,3302,0x557edb6cd080,848,ArraySingleArgumentConstructor_PackedSmi_DisableAllocationSites
code-creation,Builtin,3,3320,0x557edb6cd400,744,ArraySingleArgumentConstructor_HoleySmi_DisableAllocationSites
code-creation,Builtin,3,3325,0x557edb6cd700,848,ArraySingleArgumentConstructor_Packed_DisableAllocationSites
code-creation,Builtin,3,3337,0x557edb6cda80,744,ArraySingleArgumentConstructor_Holey_DisableAllocationSites
code-creation,Builtin,3,3342,0x557edb6cdd80,868,ArraySingleArgumentConstructor_PackedDouble_DisableAllocationSites
code-creation,Builtin,3,3353,0x557edb6ce100,828,ArraySingleArgumentConstructor_HoleyDouble_DisableAllocationSites
code-creation,Builtin,3,3358,0x557edb6ce440,48,ArrayNArgumentsConstructor
code-creation,Builtin,3,3368,0x557edb6ce480,12,ArrayConcat
code-creation,Builtin,3,3374,0x557edb6ce4c0,12,ArrayPrototypeFill
code-creation,Builtin,3,3383,0x557edb6ce500,2380,ArrayIncludesSmi
code-creation,Builtin,3,3389,0x557edb6cee80,2252,ArrayIncludesSmiOrObject
code-creation,Builtin,3,3399,0x557edb6cf780,356,ArrayIncludesPackedDoubles
code-creation,Builtin,3,3404,0x557edb6cf900,428,ArrayIncludesHoleyDoubles
code-creation,Builtin,3,3414,0x557edb6cfac0,636,ArrayIncludes
code-creation,Builtin,3,3418,0x557edb6cfd40,2168,ArrayIndexOfSmi
code-creation,Builtin,3,3429,0x557edb6d05c0,2044,ArrayIndexOfSmiOrObject
code-creation,Builtin,3,3433,0x557edb6d0dc0,232,ArrayIndexOfPackedDoubles
code-creation,Builtin,3,3443,0x557edb6d0ec0,364,ArrayIndexOfHoleyDoubles
code-creation,Builtin,3,3448,0x557edb6d1040,640,ArrayIndexOf
code-creation,Builtin,3,3458,0x557edb6d1300,12,ArrayPop
code-creation,Builtin,3,3461,0x557edb6d1340,616,ArrayPrototypePop
code-creation,Builtin,3,3472,0x557edb6d15c0,12,ArrayPush
code-creation,Builtin,3,3477,0x557edb6d1600,4152,ArrayPrototypePush
code-creation,Builtin,3,3487,0x557edb6d2640,12,ArrayShift
code-creation,Builtin,3,3490,0x557edb6d2680,12,ArrayUnshift
code-creation,Builtin,3,3500,0x557edb6d26c0,1336,CloneFastJSArray
code-creation,Builtin,3,3506,0x557edb6d2c00,3224,CloneFastJSArrayFillingHoles
code-creation,Builtin,3,3516,0x557edb6d38c0,1392,ExtractFastJSArray
code-creation,Builtin,3,3521,0x557edb6d3e40,132,CreateArrayFromSlowBoilerplate
code-creation,Builtin,3,3532,0x557edb6d3f00,132,CreateObjectFromSlowBoilerplate
code-creation,Builtin,3,3536,0x557edb6d3fc0,2412,CreateArrayFromSlowBoilerplateHelper
code-creation,Builtin,3,3548,0x557edb6d4940,3552,CreateObjectFromSlowBoilerplateHelper
code-creation,Builtin,3,3553,0x557edb6d5740,240,ArrayPrototypeEntries
code-creation,Builtin,3,3564,0x557edb6d5840,240,ArrayPrototypeKeys
code-creation,Builtin,3,3568,0x557edb6d5940,240,ArrayPrototypeValues
code-creation,Builtin,3,3578,0x557edb6d5a40,4680,ArrayIteratorPrototypeNext
code-creation,Builtin,3,3583,0x557edb6d6cc0,12,ArrayBufferConstructor
code-creation,Builtin,3,3593,0x557edb6d6d00,12,ArrayBufferConstructor_DoNotInitialize
code-creation,Builtin,3,3598,0x557edb6d6d40,12,ArrayBufferPrototypeSlice
code-creation,Builtin,3,3600,0x557edb6d6d80,12,ArrayBufferPrototypeResize
code-creation,Builtin,3,3602,0x557edb6d6dc0,12,ArrayBufferPrototypeTransfer
code-creation,Builtin,3,3604,0x557edb6d6e00,12,ArrayBufferPrototypeTransferToFixedLength
code-creation,Builtin,3,3607,0x557edb6d6e40,12,ArrayBufferPrototypeTransferToImmutable
code-creation,Builtin,3,3620,0x557edb6d6e80,12,ArrayBufferPrototypeSliceToImmutable
code-creation,Builtin,3,3625,0x557edb6d6ec0,952,AsyncFunctionEnter
code-creation,Builtin,3,3636,0x557edb6d7280,40,AsyncFunctionReject
code-creation,Builtin,3,3639,0x557edb6d72c0,36,AsyncFunctionResolve
code-creation,Builtin,3,3649,0x557edb6d7300,12,AsyncFunctionLazyDeoptContinuation
code-creation,Builtin,3,3654,0x557edb6d7340,2036,AsyncFunctionAwait
code-creation,Builtin,3,3665,0x557edb6d7b40,104,AsyncFunctionAwaitRejectClosure
code-creation,Builtin,3,3669,0x557edb6d7bc0,104,AsyncFunctionAwaitResolveClosure
code-creation,Builtin,3,3679,0x557edb6d7c40,12,BigIntConstructor
code-creation,Builtin,3,3684,0x557edb6d7c80,12,BigIntAsUintN
code-creation,Builtin,3,3694,0x557edb6d7cc0,12,BigIntAsIntN
code-creation,Builtin,3,3700,0x557edb6d7d00,12,BigIntPrototypeToLocaleString
code-creation,Builtin,3,3710,0x557edb6d7d40,12,BigIntPrototypeToString
code-creation,Builtin,3,3715,0x557edb6d7d80,12,BigIntPrototypeValueOf
code-creation,Builtin,3,3725,0x557edb6d7dc0,12,CallSitePrototypeGetColumnNumber
code-creation,Builtin,3,3729,0x557edb6d7e00,12,CallSitePrototypeGetEnclosingColumnNumber
code-creation,Builtin,3,3740,0x557edb6d7e40,12,CallSitePrototypeGetEnclosingLineNumber
code-creation,Builtin,3,3745,0x557edb6d7e80,12,CallSitePrototypeGetEvalOrigin
code-creation,Builtin,3,3757,0x557edb6d7ec0,12,CallSitePrototypeGetFileName
code-creation,Builtin,3,3761,0x557edb6d7f00,12,CallSitePrototypeGetFunction
code-creation,Builtin,3,3771,0x557edb6d7f40,12,CallSitePrototypeGetFunctionName
code-creation,Builtin,3,3776,0x557edb6d7f80,12,CallSitePrototypeGetLineNumber
code-creation,Builtin,3,3787,0x557edb6d7fc0,12,CallSitePrototypeGetMethodName
code-creation,Builtin,3,3792,0x557edb6d8000,12,CallSitePrototypeGetPosition
code-creation,Builtin,3,3802,0x557edb6d8040,12,CallSitePrototypeGetPromiseIndex
code-creation,Builtin,3,3806,0x557edb6d8080,12,CallSitePrototypeGetScriptHash
code-creation,Builtin,3,3817,0x557edb6d80c0,12,CallSitePrototypeGetScriptNameOrSourceURL
code-creation,Builtin,3,3822,0x557edb6d8100,12,CallSitePrototypeGetThis
code-creation,Builtin,3,3832,0x557edb6d8140,12,CallSitePrototypeGetTypeName
code-creation,Builtin,3,3836,0x557edb6d8180,12,CallSitePrototypeIsAsync
code-creation,Builtin,3,3846,0x557edb6d81c0,12,CallSitePrototypeIsConstructor
code-creation,Builtin,3,3851,0x557edb6d8200,12,CallSitePrototypeIsEval
code-creation,Builtin,3,3861,0x557edb6d8240,12,CallSitePrototypeIsNative
code-creation,Builtin,3,3866,0x557edb6d8280,12,CallSitePrototypeIsPromiseAll
code-creation,Builtin,3,3876,0x557edb6d82c0,12,CallSitePrototypeIsToplevel
code-creation,Builtin,3,3881,0x557edb6d8300,12,CallSitePrototypeToString
code-creation,Builtin,3,3891,0x557edb6d8340,12,ConsoleDebug
code-creation,Builtin,3,3896,0x557edb6d8380,12,ConsoleError
code-creation,Builtin,3,3906,0x557edb6d83c0,12,ConsoleInfo
code-creation,Builtin,3,3910,0x557edb6d8400,12,ConsoleLog
code-creation,Builtin,3,3913,0x557edb6d8440,12,ConsoleWarn
code-creation,Builtin,3,3927,0x557edb6d8480,12,ConsoleDir
code-creation,Builtin,3,3930,0x557edb6d84c0,12,ConsoleDirXml
code-creation,Builtin,3,3933,0x557edb6d8500,12,ConsoleTable
code-creation,Builtin,3,3944,0x557edb6d8540,12,ConsoleTrace
code-creation,Builtin,3,3948,0x557edb6d8580,12,ConsoleGroup
code-creation,Builtin,3,3952,0x557edb6d85c0,12,ConsoleGroupCollapsed
code-creation,Builtin,3,3963,0x557edb6d8600,12,ConsoleGroupEnd
code-creation,Builtin,3,3966,0x557edb6d8640,12,ConsoleClear
code-creation,Builtin,3,3976,0x557edb6d8680,12,ConsoleCount
code-creation,Builtin,3,3982,0x557edb6d86c0,12,ConsoleCountReset
code-creation,Builtin,3,3992,0x557edb6d8700,12,ConsoleAssert
code-creation,Builtin,3,3995,0x557edb6d8740,12,ConsoleProfile
code-creation,Builtin,3,4005,0x557edb6d8780,12,ConsoleProfileEnd
code-creation,Builtin,3,4010,0x557edb6d87c0,12,ConsoleTime
code-creation,Builtin,3,4019,0x557edb6d8800,12,ConsoleTimeLog
code-creation,Builtin,3,4024,0x557edb6d8840,12,ConsoleTimeEnd
code-creation,Builtin,3,4035,0x557edb6d8880,12,ConsoleTimeStamp
code-creation,Builtin,3,4039,0x557edb6d88c0,12,ConsoleContext
code-creation,Builtin,3,4051,0x557edb6d8900,12,DataViewConstructor
code-creation,Builtin,3,4057,0x557edb6d8940,12,DateConstructor
code-creation,Builtin,3,4067,0x557edb6d8980,216,DatePrototypeGetDate
code-creation,Builtin,3,4071,0x557edb6d8a80,216,DatePrototypeGetDay
code-creation,Builtin,3,4081,0x557edb6d8b80,212,DatePrototypeGetFullYear
code-creation,Builtin,3,4086,0x557edb6d8c80,216,DatePrototypeGetHours
code-creation,Builtin,3,4096,0x557edb6d8d80,204,DatePrototypeGetMilliseconds
code-creation,Builtin,3,4101,0x557edb6d8e80,216,DatePrototypeGetMinutes
code-creation,Builtin,3,4111,0x557edb6d8f80,216,DatePrototypeGetMonth
code-creation,Builtin,3,4116,0x557edb6d9080,216,DatePrototypeGetSeconds
code-creation,Builtin,3,4126,0x557edb6d9180,256,DatePrototypeGetTime
code-creation,Builtin,3,4131,0x557edb6d92c0,204,DatePrototypeGetTimezoneOffset
code-creation,Builtin,3,4141,0x557edb6d93c0,204,DatePrototypeGetUTCDate
code-creation,Builtin,3,4146,0x557edb6d94c0,204,DatePrototypeGetUTCDay
code-creation,Builtin,3,4156,0x557edb6d95c0,204,DatePrototypeGetUTCFullYear
code-creation,Builtin,3,4160,0x557edb6d96c0,204,DatePrototypeGetUTCHours
code-creation,Builtin,3,4171,0x557edb6d97c0,204,DatePrototypeGetUTCMilliseconds
code-creation,Builtin,3,4176,0x557edb6d98c0,204,DatePrototypeGetUTCMinutes
code-creation,Builtin,3,4187,0x557edb6d99c0,204,DatePrototypeGetUTCMonth
code-creation,Builtin,3,4191,0x557edb6d9ac0,204,DatePrototypeGetUTCSeconds
code-creation,Builtin,3,4202,0x557edb6d9bc0,256,DatePrototypeValueOf
code-creation,Builtin,3,4206,0x557edb6d9d00,440,DatePrototypeToPrimitive
code-creation,Builtin,3,4217,0x557edb6d9ec0,12,DatePrototypeGetYear
code-creation,Builtin,3,4221,0x557edb6d9f00,12,DatePrototypeSetYear
code-creation,Builtin,3,4231,0x557edb6d9f40,12,DateNow
code-creation,Builtin,3,4235,0x557edb6d9f80,12,DateParse
code-creation,Builtin,3,4245,0x557edb6d9fc0,12,DatePrototypeSetDate
code-creation,Builtin,3,4250,0x557edb6da000,12,DatePrototypeSetFullYear
code-creation,Builtin,3,4260,0x557edb6da040,12,DatePrototypeSetHours
code-creation,Builtin,3,4277,0x557edb6da080,12,DatePrototypeSetMilliseconds
code-creation,Builtin,3,4289,0x557edb6da0c0,12,DatePrototypeSetMinutes
code-creation,Builtin,3,4293,0x557edb6da100,12,DatePrototypeSetMonth
code-creation,Builtin,3,4303,0x557edb6da140,12,DatePrototypeSetSeconds
code-creation,Builtin,3,4307,0x557edb6da180,12,DatePrototypeSetTime
code-creation,Builtin,3,4310,0x557edb6da1c0,12,DatePrototypeSetUTCDate
code-creation,Builtin,3,4322,0x557edb6da200,12,DatePrototypeSetUTCFullYear
code-creation,Builtin,3,4326,0x557edb6da240,12,DatePrototypeSetUTCHours
code-creation,Builtin,3,4328,0x557edb6da280,12,DatePrototypeSetUTCMilliseconds
code-creation,Builtin,3,4330,0x557edb6da2c0,12,DatePrototypeSetUTCMinutes
code-creation,Builtin,3,4332,0x557edb6da300,12,DatePrototypeSetUTCMonth
code-creation,Builtin,3,4334,0x557edb6da340,12,DatePrototypeSetUTCSeconds
code-creation,Builtin,3,4336,0x557edb6da380,12,DatePrototypeToDateString
code-creation,Builtin,3,4338,0x557edb6da3c0,12,DatePrototypeToISOString
code-creation,Builtin,3,4339,0x557edb6da400,12,DatePrototypeToUTCString
code-creation,Builtin,3,4348,0x557edb6da440,12,DatePrototypeToString
code-creation,Builtin,3,4357,0x557edb6da480,12,DatePrototypeToTimeString
code-creation,Builtin,3,4362,0x557edb6da4c0,12,DatePrototypeToJson
code-creation,Builtin,3,4372,0x557edb6da500,12,DateUTC
code-creation,Builtin,3,4377,0x557edb6da540,12,DisposableStackConstructor
code-creation,Builtin,3,4387,0x557edb6da580,12,DisposableStackPrototypeUse
code-creation,Builtin,3,4392,0x557edb6da5c0,12,DisposableStackPrototypeDispose
code-creation,Builtin,3,4402,0x557edb6da600,12,DisposableStackPrototypeGetDisposed
code-creation,Builtin,3,4407,0x557edb6da640,12,DisposableStackPrototypeAdopt
code-creation,Builtin,3,4417,0x557edb6da680,12,DisposableStackPrototypeDefer
code-creation,Builtin,3,4423,0x557edb6da6c0,12,DisposableStackPrototypeMove
code-creation,Builtin,3,4434,0x557edb6da700,12,AsyncDisposableStackOnFulfilled
code-creation,Builtin,3,4438,0x557edb6da740,12,AsyncDisposableStackOnRejected
code-creation,Builtin,3,4451,0x557edb6da780,12,AsyncDisposeFromSyncDispose
code-creation,Builtin,3,4456,0x557edb6da7c0,12,AsyncDisposableStackConstructor
code-creation,Builtin,3,4468,0x557edb6da800,12,AsyncDisposableStackPrototypeUse
code-creation,Builtin,3,4473,0x557edb6da840,12,AsyncDisposableStackPrototypeDisposeAsync
code-creation,Builtin,3,4483,0x557edb6da880,12,AsyncDisposableStackPrototypeGetDisposed
code-creation,Builtin,3,4488,0x557edb6da8c0,12,AsyncDisposableStackPrototypeAdopt
code-creation,Builtin,3,4498,0x557edb6da900,12,AsyncDisposableStackPrototypeDefer
code-creation,Builtin,3,4503,0x557edb6da940,12,AsyncDisposableStackPrototypeMove
code-creation,Builtin,3,4513,0x557edb6da980,12,ErrorConstructor
code-creation,Builtin,3,4518,0x557edb6da9c0,12,ErrorCaptureStackTrace
code-creation,Builtin,3,4528,0x557edb6daa00,12,ErrorPrototypeToString
code-creation,Builtin,3,4533,0x557edb6daa40,12,ErrorIsError
code-creation,Builtin,3,4543,0x557edb6daa80,12,FunctionConstructor
code-creation,Builtin,3,4547,0x557edb6daac0,248,FunctionPrototypeApply
code-creation,Builtin,3,4558,0x557edb6dabc0,12,FunctionPrototypeBind
code-creation,Builtin,3,4562,0x557edb6dac00,260,WasmConstructorWrapper
code-creation,Builtin,3,4573,0x557edb6dad40,112,WasmMethodWrapper
code-creation,Builtin,3,4577,0x557edb6dadc0,216,FunctionPrototypeCall
code-creation,Builtin,3,4587,0x557edb6daec0,12,FunctionPrototypeToString
code-creation,Builtin,3,4592,0x557edb6daf00,12,FunctionPrototypeLegacyArgumentsGetter
code-creation,Builtin,3,4602,0x557edb6daf40,12,FunctionPrototypeLegacyArgumentsSetter
code-creation,Builtin,3,4608,0x557edb6daf80,12,FunctionPrototypeLegacyCallerGetter
code-creation,Builtin,3,4618,0x557edb6dafc0,12,FunctionPrototypeLegacyCallerSetter
code-creation,Builtin,3,4623,0x557edb6db000,340,CreateIterResultObject
code-creation,Builtin,3,4634,0x557edb6db180,1328,CreateGeneratorObject
code-creation,Builtin,3,4639,0x557edb6db6c0,12,GeneratorFunctionConstructor
code-creation,Builtin,3,4649,0x557edb6db700,356,GeneratorPrototypeNext
code-creation,Builtin,3,4654,0x557edb6db880,352,GeneratorPrototypeReturn
code-creation,Builtin,3,4664,0x557edb6dba00,360,GeneratorPrototypeThrow
code-creation,Builtin,3,4669,0x557edb6dbb80,12,AsyncFunctionConstructor
code-creation,Builtin,3,4679,0x557edb6dbbc0,464,SuspendGeneratorBaseline
code-creation,Builtin,3,4684,0x557edb6dbdc0,116,ResumeGeneratorBaseline
code-creation,Builtin,3,4694,0x557edb6dbe40,36,GetIteratorWithFeedbackLazyDeoptContinuation
code-creation,Builtin,3,4700,0x557edb6dbe80,76,CallIteratorWithFeedbackLazyDeoptContinuation
code-creation,Builtin,3,4710,0x557edb6dbf00,340,ForOfNextResultDeoptContinuation
code-creation,Builtin,3,4715,0x557edb6dc080,268,ForOfNextLoadDoneLazyDeoptContinuation
code-creation,Builtin,3,4726,0x557edb6dc1c0,32,ForOfNextLoadValueEagerDeoptContinuation
code-creation,Builtin,3,4731,0x557edb6dc200,12,ForOfNextLoadValueLazyDeoptContinuation
code-creation,Builtin,3,4742,0x557edb6dc240,12,GlobalDecodeURI
code-creation,Builtin,3,4747,0x557edb6dc280,12,GlobalDecodeURIComponent
code-creation,Builtin,3,4756,0x557edb6dc2c0,12,GlobalEncodeURI
code-creation,Builtin,3,4761,0x557edb6dc300,12,GlobalEncodeURIComponent
code-creation,Builtin,3,4771,0x557edb6dc340,12,GlobalEscape
code-creation,Builtin,3,4776,0x557edb6dc380,12,GlobalUnescape
code-creation,Builtin,3,4786,0x557edb6dc3c0,12,GlobalEval
code-creation,Builtin,3,4791,0x557edb6dc400,176,GlobalIsFinite
code-creation,Builtin,3,4801,0x557edb6dc4c0,168,GlobalIsNaN
code-creation,Builtin,3,4806,0x557edb6dc580,12,JsonParse
code-creation,Builtin,3,4816,0x557edb6dc5c0,12,JsonStringify
code-creation,Builtin,3,4820,0x557edb6dc600,12,JsonRawJson
code-creation,Builtin,3,4831,0x557edb6dc640,12,JsonIsRawJson
code-creation,Builtin,3,4835,0x557edb6dc680,4420,LoadIC
code-creation,Builtin,3,4845,0x557edb6dd800,3436,LoadIC_Megamorphic
code-creation,Builtin,3,4850,0x557edb6de580,4028,LoadIC_Noninlined
code-creation,Builtin,3,4859,0x557edb6df540,44,LoadICTrampoline
code-creation,Builtin,3,4864,0x557edb6df580,88,LoadICUninitializedBaseline
code-creation,Builtin,3,4877,0x557edb6df600,120,LoadICInObjectNonDoubleFieldBaseline
code-creation,Builtin,3,4882,0x557edb6df680,96,LoadICInObjectNonDoubleField0Baseline
code-creation,Builtin,3,4892,0x557edb6df700,96,LoadICInObjectNonDoubleField1Baseline
code-creation,Builtin,3,4897,0x557edb6df780,96,LoadICInObjectNonDoubleField2Baseline
code-creation,Builtin,3,4908,0x557edb6df800,96,LoadICInObjectNonDoubleField3Baseline
code-creation,Builtin,3,4918,0x557edb6df880,96,LoadICInObjectNonDoubleField4Baseline
code-creation,Builtin,3,4930,0x557edb6df900,96,LoadICInObjectNonDoubleField5Baseline
code-creation,Builtin,3,4934,0x557edb6df980,96,LoadICInObjectNonDoubleField6Baseline
code-creation,Builtin,3,4944,0x557edb6dfa00,96,LoadICInObjectNonDoubleField7Baseline
code-creation,Builtin,3,4949,0x557edb6dfa80,124,LoadICOutOfObjectNonDoubleFieldBaseline
code-creation,Builtin,3,4960,0x557edb6dfb00,100,LoadICOutOfObjectNonDoubleField0Baseline
code-creation,Builtin,3,4965,0x557edb6dfb80,100,LoadICOutOfObjectNonDoubleField1Baseline
code-creation,Builtin,3,4976,0x557edb6dfc00,100,LoadICOutOfObjectNonDoubleField2Baseline
code-creation,Builtin,3,4980,0x557edb6dfc80,100,LoadICOutOfObjectNonDoubleField3Baseline
code-creation,Builtin,3,4991,0x557edb6dfd00,260,LoadICDoubleFieldBaseline
code-creation,Builtin,3,4995,0x557edb6dfe40,164,LoadICConstantFromPrototypeBaseline
code-creation,Builtin,3,5006,0x557edb6dff00,196,LoadICConstantFromStringPrototypeBaseline
code-creation,Builtin,3,5011,0x557edb6e0000,108,LoadICStringLengthBaseline
code-creation,Builtin,3,5022,0x557edb6e0080,4460,LoadICGenericBaseline
code-creation,Builtin,3,5027,0x557edb6e1200,44,LoadICTrampoline_Megamorphic
code-creation,Builtin,3,5038,0x557edb6e1240,9844,LoadSuperIC
code-creation,Builtin,3,5042,0x557edb6e38c0,20,LoadSuperICBaseline
code-creation,Builtin,3,5053,0x557edb6e3900,8580,KeyedLoadIC
code-creation,Builtin,3,5058,0x557edb6e5ac0,9036,EnumeratedKeyedLoadIC
code-creation,Builtin,3,5068,0x557edb6e7e40,16796,KeyedLoadIC_Megamorphic
code-creation,Builtin,3,5073,0x557edb6ec000,44,KeyedLoadICTrampoline
code-creation,Builtin,3,5084,0x557edb6ec040,20,KeyedLoadICBaseline
code-creation,Builtin,3,5088,0x557edb6ec080,28,EnumeratedKeyedLoadICBaseline
code-creation,Builtin,3,5098,0x557edb6ec0c0,44,KeyedLoadICTrampoline_Megamorphic
code-creation,Builtin,3,5103,0x557edb6ec100,9152,StoreGlobalIC
code-creation,Builtin,3,5114,0x557edb6ee500,44,StoreGlobalICTrampoline
code-creation,Builtin,3,5119,0x557edb6ee540,20,StoreGlobalICBaseline
code-creation,Builtin,3,5130,0x557edb6ee580,7088,StoreIC
code-creation,Builtin,3,5135,0x557edb6f0140,6944,StoreIC_Megamorphic
code-creation,Builtin,3,5145,0x557edb6f1c80,48,StoreICTrampoline
code-creation,Builtin,3,5150,0x557edb6f1cc0,48,StoreICTrampoline_Megamorphic
code-creation,Builtin,3,5160,0x557edb6f1d00,20,StoreICBaseline
code-creation,Builtin,3,5164,0x557edb6f1d40,6972,DefineNamedOwnIC
code-creation,Builtin,3,5175,0x557edb6f3880,48,DefineNamedOwnICTrampoline
code-creation,Builtin,3,5179,0x557edb6f38c0,20,DefineNamedOwnICBaseline
code-creation,Builtin,3,5190,0x557edb6f3900,15748,KeyedStoreIC
code-creation,Builtin,3,5194,0x557edb6f76c0,48,KeyedStoreICTrampoline
code-creation,Builtin,3,5205,0x557edb6f7700,48,KeyedStoreICTrampoline_Megamorphic
code-creation,Builtin,3,5210,0x557edb6f7740,20,KeyedStoreICBaseline
code-creation,Builtin,3,5220,0x557edb6f7780,15076,DefineKeyedOwnIC
code-creation,Builtin,3,5224,0x557edb6fb280,52,DefineKeyedOwnICTrampoline
code-creation,Builtin,3,5235,0x557edb6fb2c0,28,DefineKeyedOwnICBaseline
code-creation,Builtin,3,5239,0x557edb6fb300,484,StoreInArrayLiteralIC
code-creation,Builtin,3,5250,0x557edb6fb500,20,StoreInArrayLiteralICBaseline
code-creation,Builtin,3,5255,0x557edb6fb540,180,LookupContextNoCellTrampoline
code-creation,Builtin,3,5278,0x557edb6fb600,428,LookupContextTrampoline
code-creation,Builtin,3,5282,0x557edb6fb7c0,180,LookupContextNoCellBaseline
code-creation,Builtin,3,5284,0x557edb6fb880,428,LookupScriptContextBaseline
code-creation,Builtin,3,5286,0x557edb6fba40,180,LookupContextNoCellInsideTypeofTrampoline
code-creation,Builtin,3,5289,0x557edb6fbb00,428,LookupContextInsideTypeofTrampoline
code-creation,Builtin,3,5302,0x557edb6fbcc0,180,LookupContextNoCellInsideTypeofBaseline
code-creation,Builtin,3,5307,0x557edb6fbd80,428,LookupContextInsideTypeofBaseline
code-creation,Builtin,3,5318,0x557edb6fbf40,2672,LoadGlobalIC
code-creation,Builtin,3,5323,0x557edb6fc9c0,2608,LoadGlobalICInsideTypeof
code-creation,Builtin,3,5334,0x557edb6fd400,44,LoadGlobalICTrampoline
code-creation,Builtin,3,5338,0x557edb6fd440,20,LoadGlobalICBaseline
code-creation,Builtin,3,5348,0x557edb6fd480,44,LoadGlobalICInsideTypeofTrampoline
code-creation,Builtin,3,5353,0x557edb6fd4c0,20,LoadGlobalICInsideTypeofBaseline
code-creation,Builtin,3,5364,0x557edb6fd500,172,LookupGlobalIC
code-creation,Builtin,3,5369,0x557edb6fd5c0,204,LookupGlobalICTrampoline
code-creation,Builtin,3,5379,0x557edb6fd6c0,172,LookupGlobalICBaseline
code-creation,Builtin,3,5384,0x557edb6fd780,172,LookupGlobalICInsideTypeof
code-creation,Builtin,3,5395,0x557edb6fd840,204,LookupGlobalICInsideTypeofTrampoline
code-creation,Builtin,3,5400,0x557edb6fd940,172,LookupGlobalICInsideTypeofBaseline
code-creation,Builtin,3,5411,0x557edb6fda00,3820,CloneObjectIC
code-creation,Builtin,3,5415,0x557edb6fe900,20,CloneObjectICBaseline
code-creation,Builtin,3,5425,0x557edb6fe940,3008,CloneObjectIC_Slow
code-creation,Builtin,3,5431,0x557edb6ff540,3540,KeyedHasIC
code-creation,Builtin,3,5441,0x557edb700340,20,KeyedHasICBaseline
code-creation,Builtin,3,5446,0x557edb700380,3672,KeyedHasIC_Megamorphic
code-creation,Builtin,3,5457,0x557edb701200,2468,AddLhsIsStringConstantInternalizeWithVector
code-creation,Builtin,3,5462,0x557edb701bc0,2660,AddLhsIsStringConstantInternalizeTrampoline
code-creation,Builtin,3,5473,0x557edb702640,2468,AddRhsIsStringConstantInternalizeWithVector
code-creation,Builtin,3,5477,0x557edb703000,2660,AddRhsIsStringConstantInternalizeTrampoline
code-creation,Builtin,3,5488,0x557edb703a80,2104,IterableToList
code-creation,Builtin,3,5493,0x557edb7042c0,1820,IterableToFixedArray
code-creation,Builtin,3,5503,0x557edb704a00,808,IterableToListWithSymbolLookup
code-creation,Builtin,3,5507,0x557edb704d40,56,IterableToFixedArrayWithSymbolLookupSlow
code-creation,Builtin,3,5518,0x557edb704d80,108,IterableToListMayPreserveHoles
code-creation,Builtin,3,5523,0x557edb704e00,108,IterableToListConvertHoles
code-creation,Builtin,3,5533,0x557edb704e80,1392,IterableToFixedArrayForWasm
code-creation,Builtin,3,5537,0x557edb705400,1920,StringListFromIterable
code-creation,Builtin,3,5548,0x557edb705bc0,1464,FindOrderedHashMapEntry
code-creation,Builtin,3,5553,0x557edb706180,5012,MapConstructor
code-creation,Builtin,3,5563,0x557edb707540,2072,MapPrototypeSet
code-creation,Builtin,3,5567,0x557edb707d80,1684,MapPrototypeDelete
code-creation,Builtin,3,5578,0x557edb708440,200,MapPrototypeGet
code-creation,Builtin,3,5583,0x557edb708540,164,MapPrototypeHas
code-creation,Builtin,3,5593,0x557edb708600,12,MapPrototypeClear
code-creation,Builtin,3,5597,0x557edb708640,2004,MapPrototypeGetOrInsert
code-creation,Builtin,3,5600,0x557edb708e40,2328,MapPrototypeGetOrInsertComputed
code-creation,Builtin,3,5602,0x557edb709780,276,MapPrototypeEntries
code-creation,Builtin,3,5604,0x557edb7098c0,144,MapPrototypeGetSize
code-creation,Builtin,3,5606,0x557edb709980,560,MapPrototypeForEach
code-creation,Builtin,3,5608,0x557edb709bc0,276,MapPrototypeKeys
code-creation,Builtin,3,5610,0x557edb709d00,276,MapPrototypeValues
code-creation,Builtin,3,5620,0x557edb709e40,888,MapIteratorPrototypeNext
code-creation,Builtin,3,5625,0x557edb70a1c0,1360,MapIteratorToList
code-creation,Builtin,3,5636,0x557edb70a740,12,NumberPrototypeToExponential
code-creation,Builtin,3,5641,0x557edb70a780,12,NumberPrototypeToFixed
code-creation,Builtin,3,5652,0x557edb70a7c0,12,NumberPrototypeToLocaleString
code-creation,Builtin,3,5657,0x557edb70a800,12,NumberPrototypeToPrecision
code-creation,Builtin,3,5668,0x557edb70a840,12,MathSumPrecise
code-creation,Builtin,3,5673,0x557edb70a880,376,SameValue
code-creation,Builtin,3,5684,0x557edb70aa00,208,SameValueNumbersOnly
code-creation,Builtin,3,5689,0x557edb70ab00,1976,Add_Generic_Baseline
code-creation,Builtin,3,5702,0x557edb70b2c0,12,Add_None_Baseline
code-creation,Builtin,3,5707,0x557edb70b300,40,Add_SignedSmall_Baseline
code-creation,Builtin,3,5718,0x557edb70b340,232,Add_Number_Baseline
code-creation,Builtin,3,5723,0x557edb70b440,64,Add_String_Baseline
code-creation,Builtin,3,5734,0x557edb70b4c0,1972,AddAndTryPatchCode
code-creation,Builtin,3,5738,0x557edb70bc80,1352,Subtract_Generic_Baseline
code-creation,Builtin,3,5749,0x557edb70c200,12,Subtract_None_Baseline
code-creation,Builtin,3,5753,0x557edb70c240,40,Subtract_SignedSmall_Baseline
code-creation,Builtin,3,5764,0x557edb70c280,232,Subtract_Number_Baseline
code-creation,Builtin,3,5769,0x557edb70c380,1556,SubtractAndTryPatchCode
code-creation,Builtin,3,5780,0x557edb70c9c0,1560,Multiply_Generic_Baseline
code-creation,Builtin,3,5785,0x557edb70d000,12,Multiply_None_Baseline
code-creation,Builtin,3,5795,0x557edb70d040,348,Multiply_SignedSmall_Baseline
code-creation,Builtin,3,5800,0x557edb70d1c0,264,Multiply_Number_Baseline
code-creation,Builtin,3,5810,0x557edb70d300,1736,MultiplyAndTryPatchCode
code-creation,Builtin,3,5814,0x557edb70da00,1544,Divide_Generic_Baseline
code-creation,Builtin,3,5825,0x557edb70e040,12,Divide_None_Baseline
code-creation,Builtin,3,5830,0x557edb70e080,404,Divide_SignedSmall_Baseline
code-creation,Builtin,3,5841,0x557edb70e240,308,Divide_Number_Baseline
code-creation,Builtin,3,5845,0x557edb70e380,1744,DivideAndTryPatchCode
code-creation,Builtin,3,5856,0x557edb70ea80,1584,Modulus_Generic_Baseline
code-creation,Builtin,3,5860,0x557edb70f0c0,12,Modulus_None_Baseline
code-creation,Builtin,3,5871,0x557edb70f100,408,Modulus_SignedSmall_Baseline
code-creation,Builtin,3,5875,0x557edb70f2c0,428,Modulus_Number_Baseline
code-creation,Builtin,3,5886,0x557edb70f480,1764,ModulusAndTryPatchCode
code-creation,Builtin,3,5890,0x557edb70fb80,852,Exponentiate_Generic_Baseline
code-creation,Builtin,3,5893,0x557edb70ff00,12,Exponentiate_None_Baseline
code-creation,Builtin,3,5903,0x557edb70ff40,792,Exponentiate_Number_Baseline
code-creation,Builtin,3,5908,0x557edb710280,1148,ExponentiateAndTryPatchCode
code-creation,Builtin,3,5921,0x557edb710700,1924,BitwiseAnd_Generic_Baseline
code-creation,Builtin,3,5926,0x557edb710ec0,12,BitwiseAnd_None_Baseline
code-creation,Builtin,3,5937,0x557edb710f00,36,BitwiseAnd_SignedSmall_Baseline
code-creation,Builtin,3,5942,0x557edb710f40,2044,BitwiseAndAndTryPatchCode
code-creation,Builtin,3,5953,0x557edb711740,1924,BitwiseOr_Generic_Baseline
code-creation,Builtin,3,5957,0x557edb711f00,12,BitwiseOr_None_Baseline
code-creation,Builtin,3,5968,0x557edb711f40,36,BitwiseOr_SignedSmall_Baseline
code-creation,Builtin,3,5973,0x557edb711f80,2044,BitwiseOrAndTryPatchCode
code-creation,Builtin,3,5984,0x557edb712780,1924,BitwiseXor_Generic_Baseline
code-creation,Builtin,3,5988,0x557edb712f40,12,BitwiseXor_None_Baseline
code-creation,Builtin,3,5998,0x557edb712f80,36,BitwiseXor_SignedSmall_Baseline
code-creation,Builtin,3,6003,0x557edb712fc0,2044,BitwiseXorAndTryPatchCode
code-creation,Builtin,3,6014,0x557edb7137c0,1440,ShiftLeft_Generic_Baseline
code-creation,Builtin,3,6019,0x557edb713d80,12,ShiftLeft_None_Baseline
code-creation,Builtin,3,6029,0x557edb713dc0,352,ShiftLeft_SignedSmall_Baseline
code-creation,Builtin,3,6034,0x557edb713f40,1544,ShiftLeftAndTryPatchCode
code-creation,Builtin,3,6045,0x557edb714580,1440,ShiftRight_Generic_Baseline
code-creation,Builtin,3,6050,0x557edb714b40,12,ShiftRight_None_Baseline
code-creation,Builtin,3,6060,0x557edb714b80,44,ShiftRight_SignedSmall_Baseline
code-creation,Builtin,3,6065,0x557edb714bc0,1544,ShiftRightAndTryPatchCode
code-creation,Builtin,3,6076,0x557edb715200,1388,ShiftRightLogical_Generic_Baseline
code-creation,Builtin,3,6080,0x557edb715780,12,ShiftRightLogical_None_Baseline
code-creation,Builtin,3,6090,0x557edb7157c0,356,ShiftRightLogical_SignedSmall_Baseline
code-creation,Builtin,3,6095,0x557edb715940,1404,ShiftRightLogicalAndTryPatchCode
code-creation,Builtin,3,6106,0x557edb715ec0,1488,AddSmi_Generic_Baseline
code-creation,Builtin,3,6110,0x557edb7164c0,1088,SubtractSmi_Generic_Baseline
code-creation,Builtin,3,6124,0x557edb716940,1296,MultiplySmi_Generic_Baseline
code-creation,Builtin,3,6128,0x557edb716e80,1308,DivideSmi_Generic_Baseline
code-creation,Builtin,3,6139,0x557edb7173c0,1300,ModulusSmi_Generic_Baseline
code-creation,Builtin,3,6144,0x557edb717900,744,ExponentiateSmi_Generic_Baseline
code-creation,Builtin,3,6155,0x557edb717c00,612,BitwiseAndSmi_Generic_Baseline
code-creation,Builtin,3,6160,0x557edb717e80,612,BitwiseOrSmi_Generic_Baseline
code-creation,Builtin,3,6171,0x557edb718100,612,BitwiseXorSmi_Generic_Baseline
code-creation,Builtin,3,6175,0x557edb718380,760,ShiftLeftSmi_Generic_Baseline
code-creation,Builtin,3,6185,0x557edb718680,636,ShiftRightSmi_Generic_Baseline
code-creation,Builtin,3,6190,0x557edb718900,772,ShiftRightLogicalSmi_Generic_Baseline
code-creation,Builtin,3,6201,0x557edb718c40,1952,Add_WithFeedback
code-creation,Builtin,3,6206,0x557edb719400,1328,Subtract_WithFeedback
code-creation,Builtin,3,6217,0x557edb719940,1500,Multiply_WithFeedback
code-creation,Builtin,3,6221,0x557edb719f40,1508,Divide_WithFeedback
code-creation,Builtin,3,6231,0x557edb71a540,1548,Modulus_WithFeedback
code-creation,Builtin,3,6236,0x557edb71ab80,808,Exponentiate_WithFeedback
code-creation,Builtin,3,6246,0x557edb71aec0,1792,BitwiseAnd_WithFeedback
code-creation,Builtin,3,6251,0x557edb71b600,1792,BitwiseOr_WithFeedback
code-creation,Builtin,3,6261,0x557edb71bd40,1792,BitwiseXor_WithFeedback
code-creation,Builtin,3,6278,0x557edb71c480,1320,ShiftLeft_WithFeedback
code-creation,Builtin,3,6289,0x557edb71c9c0,1320,ShiftRight_WithFeedback
code-creation,Builtin,3,6293,0x557edb71cf00,1268,ShiftRightLogical_WithFeedback
code-creation,Builtin,3,6303,0x557edb71d400,2468,Add_LhsIsStringConstant_Internalize_WithFeedback
code-creation,Builtin,3,6308,0x557edb71ddc0,2492,Add_LhsIsStringConstant_Internalize_Baseline
code-creation,Builtin,3,6319,0x557edb71e780,2468,Add_RhsIsStringConstant_Internalize_WithFeedback
code-creation,Builtin,3,6323,0x557edb71f140,2492,Add_RhsIsStringConstant_Internalize_Baseline
code-creation,Builtin,3,6334,0x557edb71fb00,2156,Equal_Generic_Baseline
code-creation,Builtin,3,6338,0x557edb720380,1076,Equal_Any_Baseline
code-creation,Builtin,3,6341,0x557edb7207c0,208,Equal_Number_Baseline
code-creation,Builtin,3,6351,0x557edb7208c0,92,Equal_String_Baseline
code-creation,Builtin,3,6355,0x557edb720940,72,Equal_InternalizedString_Baseline
code-creation,Builtin,3,6358,0x557edb7209c0,72,Equal_Receiver_Baseline
code-creation,Builtin,3,6369,0x557edb720a40,40,Equal_SignedSmall_Baseline
code-creation,Builtin,3,6373,0x557edb720a80,12,Equal_None_Baseline
code-creation,Builtin,3,6384,0x557edb720ac0,2400,EqualAndTryPatchCode
code-creation,Builtin,3,6388,0x557edb721440,1068,StrictEqual_Generic_Baseline
code-creation,Builtin,3,6399,0x557edb721880,484,StrictEqual_Any_Baseline
code-creation,Builtin,3,6404,0x557edb721a80,60,StrictEqual_Symbol_Baseline
code-creation,Builtin,3,6415,0x557edb721ac0,208,StrictEqual_Number_Baseline
code-creation,Builtin,3,6419,0x557edb721bc0,72,StrictEqual_Receiver_Baseline
code-creation,Builtin,3,6422,0x557edb721c40,92,StrictEqual_String_Baseline
code-creation,Builtin,3,6432,0x557edb721cc0,72,StrictEqual_InternalizedString_Baseline
code-creation,Builtin,3,6438,0x557edb721d40,40,StrictEqual_SignedSmall_Baseline
code-creation,Builtin,3,6449,0x557edb721d80,12,StrictEqual_None_Baseline
code-creation,Builtin,3,6453,0x557edb721dc0,1316,StrictEqualAndTryPatchCode
code-creation,Builtin,3,6464,0x557edb722300,1712,LessThan_Generic_Baseline
code-creation,Builtin,3,6468,0x557edb7229c0,1712,GreaterThan_Generic_Baseline
code-creation,Builtin,3,6479,0x557edb723080,1712,LessThanOrEqual_Generic_Baseline
code-creation,Builtin,3,6483,0x557edb723740,1712,GreaterThanOrEqual_Generic_Baseline
code-creation,Builtin,3,6493,0x557edb723e00,132,LessThan_Number_Baseline
code-creation,Builtin,3,6498,0x557edb723ec0,40,LessThan_SignedSmall_Baseline
code-creation,Builtin,3,6511,0x557edb723f00,12,LessThan_None_Baseline
code-creation,Builtin,3,6516,0x557edb723f40,2192,LessThanAndTryPatchCode
code-creation,Builtin,3,6535,0x557edb724800,132,GreaterThan_Number_Baseline
code-creation,Builtin,3,6540,0x557edb7248c0,40,GreaterThan_SignedSmall_Baseline
code-creation,Builtin,3,6551,0x557edb724900,12,GreaterThan_None_Baseline
code-creation,Builtin,3,6555,0x557edb724940,2192,GreaterThanAndTryPatchCode
code-creation,Builtin,3,6566,0x557edb725200,132,LessThanOrEqual_Number_Baseline
code-creation,Builtin,3,6570,0x557edb7252c0,40,LessThanOrEqual_SignedSmall_Baseline
code-creation,Builtin,3,6573,0x557edb725300,12,LessThanOrEqual_None_Baseline
code-creation,Builtin,3,6583,0x557edb725340,2192,LessThanOrEqualAndTryPatchCode
code-creation,Builtin,3,6587,0x557edb725c00,132,GreaterThanOrEqual_Number_Baseline
code-creation,Builtin,3,6598,0x557edb725cc0,40,GreaterThanOrEqual_SignedSmall_Baseline
code-creation,Builtin,3,6603,0x557edb725d00,12,GreaterThanOrEqual_None_Baseline
code-creation,Builtin,3,6613,0x557edb725d40,2192,GreaterThanOrEqualAndTryPatchCode
code-creation,Builtin,3,6694,0x557edb726600,2244,Equal_WithEmbeddedFeedback
code-creation,Builtin,3,6698,0x557edb726f00,1076,StrictEqual_WithEmbeddedFeedback
code-creation,Builtin,3,6709,0x557edb727340,1768,LessThan_WithEmbeddedFeedback
code-creation,Builtin,3,6714,0x557edb727a40,1768,GreaterThan_WithEmbeddedFeedback
code-creation,Builtin,3,6724,0x557edb728140,1768,LessThanOrEqual_WithEmbeddedFeedback
code-creation,Builtin,3,6729,0x557edb728840,1768,GreaterThanOrEqual_WithEmbeddedFeedback
code-creation,Builtin,3,6739,0x557edb728f40,576,BitwiseNot_Generic_Baseline
code-creation,Builtin,3,6744,0x557edb7291c0,12,BitwiseNot_None_Baseline
code-creation,Builtin,3,6755,0x557edb729200,36,BitwiseNot_SignedSmall_Baseline
code-creation,Builtin,3,6761,0x557edb729240,896,BitwiseNotAndTryPatchCode
code-creation,Builtin,3,6771,0x557edb729600,584,Decrement_Generic_Baseline
code-creation,Builtin,3,6776,0x557edb729880,12,Decrement_None_Baseline
code-creation,Builtin,3,6786,0x557edb7298c0,32,Decrement_SignedSmall_Baseline
code-creation,Builtin,3,6792,0x557edb729900,972,DecrementAndTryPatchCode
code-creation,Builtin,3,6802,0x557edb729d00,584,Increment_Generic_Baseline
code-creation,Builtin,3,6808,0x557edb729f80,12,Increment_None_Baseline
code-creation,Builtin,3,6818,0x557edb729fc0,32,Increment_SignedSmall_Baseline
code-creation,Builtin,3,6823,0x557edb72a000,972,IncrementAndTryPatchCode
code-creation,Builtin,3,6834,0x557edb72a400,608,Negate_Generic_Baseline
code-creation,Builtin,3,6838,0x557edb72a680,12,Negate_None_Baseline
code-creation,Builtin,3,6849,0x557edb72a6c0,40,Negate_SignedSmall_Baseline
code-creation,Builtin,3,6853,0x557edb72a700,268,Negate_Number_Baseline
code-creation,Builtin,3,6864,0x557edb72a840,996,NegateAndTryPatchCode
code-creation,Builtin,3,6868,0x557edb72ac40,576,BitwiseNot_WithFeedback
code-creation,Builtin,3,6879,0x557edb72aec0,584,Decrement_WithFeedback
code-creation,Builtin,3,6883,0x557edb72b140,584,Increment_WithFeedback
code-creation,Builtin,3,6897,0x557edb72b3c0,608,Negate_WithFeedback
code-creation,Builtin,3,6908,0x557edb72b640,4700,ObjectAssign
code-creation,Builtin,3,6912,0x557edb72c8c0,1372,ObjectCreate
code-creation,Builtin,3,6927,0x557edb72ce40,12,ObjectDefineGetter
code-creation,Builtin,3,6932,0x557edb72ce80,12,ObjectDefineProperties
code-creation,Builtin,3,6942,0x557edb72cec0,12,ObjectDefineProperty
code-creation,Builtin,3,6947,0x557edb72cf00,12,ObjectDefineSetter
code-creation,Builtin,3,6957,0x557edb72cf40,1616,ObjectEntries
code-creation,Builtin,3,6962,0x557edb72d5c0,12,ObjectFreeze
code-creation,Builtin,3,6973,0x557edb72d600,4680,ObjectGetOwnPropertyDescriptor
code-creation,Builtin,3,6977,0x557edb72e880,12,ObjectGetOwnPropertyDescriptors
code-creation,Builtin,3,6987,0x557edb72e8c0,968,ObjectGetOwnPropertyNames
code-creation,Builtin,3,6992,0x557edb72ecc0,12,ObjectGetOwnPropertySymbols
code-creation,Builtin,3,7002,0x557edb72ed00,160,ObjectHasOwn
code-creation,Builtin,3,7007,0x557edb72edc0,484,ObjectIs
code-creation,Builtin,3,7017,0x557edb72efc0,12,ObjectIsFrozen
code-creation,Builtin,3,7021,0x557edb72f000,12,ObjectIsSealed
code-creation,Builtin,3,7031,0x557edb72f040,936,ObjectKeys
code-creation,Builtin,3,7045,0x557edb72f400,12,ObjectLookupGetter
code-creation,Builtin,3,7050,0x557edb72f440,12,ObjectLookupSetter
code-creation,Builtin,3,7060,0x557edb72f480,3728,ObjectPrototypeHasOwnProperty
code-creation,Builtin,3,7065,0x557edb730340,228,ObjectPrototypeIsPrototypeOf
code-creation,Builtin,3,7075,0x557edb730440,12,ObjectPrototypePropertyIsEnumerable
code-creation,Builtin,3,7081,0x557edb730480,12,ObjectPrototypeGetProto
code-creation,Builtin,3,7083,0x557edb7304c0,12,ObjectPrototypeSetProto
code-creation,Builtin,3,7085,0x557edb730500,12,ObjectSeal
code-creation,Builtin,3,7086,0x557edb730540,1360,ObjectToString
code-creation,Builtin,3,7096,0x557edb730ac0,1416,ObjectValues
code-creation,Builtin,3,7101,0x557edb731080,316,OrdinaryHasInstance
code-creation,Builtin,3,7112,0x557edb7311c0,348,InstanceOf
code-creation,Builtin,3,7116,0x557edb731340,760,InstanceOf_WithFeedback
code-creation,Builtin,3,7127,0x557edb731640,748,InstanceOf_Baseline
code-creation,Builtin,3,7132,0x557edb731940,292,ForInEnumerate
code-creation,Builtin,3,7142,0x557edb731a80,124,ForInPrepare
code-creation,Builtin,3,7146,0x557edb731b00,3576,ForInFilter
code-creation,Builtin,3,7157,0x557edb732900,52,ReflectApply
code-creation,Builtin,3,7161,0x557edb732940,60,ReflectConstruct
code-creation,Builtin,3,7163,0x557edb732980,12,ReflectDefineProperty
code-creation,Builtin,3,7173,0x557edb7329c0,12,ReflectOwnKeys
code-creation,Builtin,3,7178,0x557edb732a00,12,ReflectSet
code-creation,Builtin,3,7188,0x557edb732a40,12,RegExpCapture1Getter
code-creation,Builtin,3,7193,0x557edb732a80,12,RegExpCapture2Getter
code-creation,Builtin,3,7202,0x557edb732ac0,12,RegExpCapture3Getter
code-creation,Builtin,3,7207,0x557edb732b00,12,RegExpCapture4Getter
code-creation,Builtin,3,7217,0x557edb732b40,12,RegExpCapture5Getter
code-creation,Builtin,3,7222,0x557edb732b80,12,RegExpCapture6Getter
code-creation,Builtin,3,7232,0x557edb732bc0,12,RegExpCapture7Getter
code-creation,Builtin,3,7237,0x557edb732c00,12,RegExpCapture8Getter
code-creation,Builtin,3,7247,0x557edb732c40,12,RegExpCapture9Getter
code-creation,Builtin,3,7252,0x557edb732c80,2452,RegExpConstructor
code-creation,Builtin,3,7262,0x557edb733640,12,RegExpInputGetter
code-creation,Builtin,3,7278,0x557edb733680,12,RegExpInputSetter
code-creation,Builtin,3,7281,0x557edb7336c0,12,RegExpLastMatchGetter
code-creation,Builtin,3,7283,0x557edb733700,12,RegExpLastParenGetter
code-creation,Builtin,3,7284,0x557edb733740,12,RegExpLeftContextGetter
code-creation,Builtin,3,7286,0x557edb733780,956,RegExpPrototypeCompile
code-creation,Builtin,3,7288,0x557edb733b40,12,RegExpPrototypeToString
code-creation,Builtin,3,7290,0x557edb733b80,12,RegExpRightContextGetter
code-creation,Builtin,3,7291,0x557edb733bc0,12,RegExpEscape
code-creation,Builtin,3,7293,0x557edb733c00,304,RegExpExecAtom
code-creation,Builtin,3,7295,0x557edb733d40,8,RegExpInterpreterTrampoline
code-creation,Builtin,3,7297,0x557edb733d80,8,RegExpExperimentalTrampoline
code-creation,Builtin,3,7299,0x557edb733dc0,1460,FindOrderedHashSetEntry
code-creation,Builtin,3,7301,0x557edb734380,5828,SetConstructor
code-creation,Builtin,3,7302,0x557edb735a80,164,SetPrototypeHas
code-creation,Builtin,3,7304,0x557edb735b40,1896,SetPrototypeAdd
code-creation,Builtin,3,7305,0x557edb7362c0,1684,SetPrototypeDelete
code-creation,Builtin,3,7307,0x557edb736980,12,SetPrototypeClear
code-creation,Builtin,3,7308,0x557edb7369c0,280,SetPrototypeEntries
code-creation,Builtin,3,7310,0x557edb736b00,148,SetPrototypeGetSize
code-creation,Builtin,3,7312,0x557edb736bc0,536,SetPrototypeForEach
code-creation,Builtin,3,7313,0x557edb736e00,280,SetPrototypeValues
code-creation,Builtin,3,7315,0x557edb736f40,836,SetIteratorPrototypeNext
code-creation,Builtin,3,7317,0x557edb7372c0,1024,SetOrSetIteratorToList
code-creation,Builtin,3,7318,0x557edb737700,12,ShadowRealmConstructor
code-creation,Builtin,3,7320,0x557edb737740,804,ShadowRealmGetWrappedValue
code-creation,Builtin,3,7322,0x557edb737a80,12,ShadowRealmPrototypeEvaluate
code-creation,Builtin,3,7324,0x557edb737ac0,820,ShadowRealmPrototypeImportValue
code-creation,Builtin,3,7329,0x557edb737e00,248,ShadowRealmImportValueFulfilled
code-creation,Builtin,3,7331,0x557edb737f00,68,ShadowRealmImportValueRejected
code-creation,Builtin,3,7335,0x557edb737f80,12,SharedArrayBufferPrototypeGetByteLength
code-creation,Builtin,3,7346,0x557edb737fc0,12,SharedArrayBufferPrototypeSlice
code-creation,Builtin,3,7350,0x557edb738000,12,SharedArrayBufferPrototypeGrow
code-creation,Builtin,3,7362,0x557edb738040,2144,AtomicsLoad
code-creation,Builtin,3,7366,0x557edb7388c0,2304,AtomicsStore
code-creation,Builtin,3,7377,0x557edb739200,2936,AtomicsExchange
code-creation,Builtin,3,7380,0x557edb739d80,3344,AtomicsCompareExchange
code-creation,Builtin,3,7391,0x557edb73aac0,2936,AtomicsAdd
code-creation,Builtin,3,7396,0x557edb73b640,2936,AtomicsSub
code-creation,Builtin,3,7399,0x557edb73c1c0,2936,AtomicsAnd
code-creation,Builtin,3,7409,0x557edb73cd40,2936,AtomicsOr
code-creation,Builtin,3,7413,0x557edb73d8c0,2936,AtomicsXor
code-creation,Builtin,3,7424,0x557edb73e440,12,AtomicsNotify
code-creation,Builtin,3,7428,0x557edb73e480,12,AtomicsIsLockFree
code-creation,Builtin,3,7430,0x557edb73e4c0,12,AtomicsWait
code-creation,Builtin,3,7439,0x557edb73e500,12,AtomicsWaitAsync
code-creation,Builtin,3,7444,0x557edb73e540,12,AtomicsPause
code-creation,Builtin,3,7455,0x557edb73e580,12,StringFromCodePoint
code-creation,Builtin,3,7460,0x557edb73e5c0,1552,StringFromCharCode
code-creation,Builtin,3,7470,0x557edb73ec00,12,StringPrototypeLastIndexOf
code-creation,Builtin,3,7474,0x557edb73ec40,5092,StringPrototypeMatchAll
code-creation,Builtin,3,7485,0x557edb740040,1164,StringPrototypeReplace
code-creation,Builtin,3,7490,0x557edb740500,2936,StringPrototypeSplit
code-creation,Builtin,3,7500,0x557edb741080,12,StringRaw
code-creation,Builtin,3,7506,0x557edb7410c0,12,SymbolConstructor
code-creation,Builtin,3,7516,0x557edb741100,12,SymbolFor
code-creation,Builtin,3,7519,0x557edb741140,12,SymbolKeyFor
code-creation,Builtin,3,7530,0x557edb741180,80,TypedArrayBaseConstructor
code-creation,Builtin,3,7534,0x557edb741200,252,TypedArrayConstructor
code-creation,Builtin,3,7545,0x557edb741300,12,TypedArrayPrototypeBuffer
code-creation,Builtin,3,7549,0x557edb741340,700,TypedArrayPrototypeByteLength
code-creation,Builtin,3,7560,0x557edb741600,384,TypedArrayPrototypeByteOffset
code-creation,Builtin,3,7565,0x557edb7417c0,612,TypedArrayPrototypeLength
code-creation,Builtin,3,7575,0x557edb741a40,12,TypedArrayPrototypeCopyWithin
code-creation,Builtin,3,7580,0x557edb741a80,12,TypedArrayPrototypeFill
code-creation,Builtin,3,7590,0x557edb741ac0,12,TypedArrayPrototypeIncludes
code-creation,Builtin,3,7595,0x557edb741b00,12,TypedArrayPrototypeIndexOf
code-creation,Builtin,3,7597,0x557edb741b40,12,TypedArrayPrototypeLastIndexOf
code-creation,Builtin,3,7599,0x557edb741b80,12,TypedArrayPrototypeReverse
code-creation,Builtin,3,7601,0x557edb741bc0,464,TypedArrayPrototypeToStringTag
code-creation,Builtin,3,7603,0x557edb741dc0,31888,TypedArrayPrototypeMap
code-creation,Builtin,3,7606,0x557edb749a80,12,Uint8ArrayFromBase64
code-creation,Builtin,3,7616,0x557edb749ac0,12,Uint8ArrayPrototypeSetFromBase64
code-creation,Builtin,3,7620,0x557edb749b00,12,Uint8ArrayFromHex
code-creation,Builtin,3,7631,0x557edb749b40,12,Uint8ArrayPrototypeSetFromHex
code-creation,Builtin,3,7636,0x557edb749b80,12,Uint8ArrayPrototypeToBase64
code-creation,Builtin,3,7646,0x557edb749bc0,12,Uint8ArrayPrototypeToHex
code-creation,Builtin,3,7651,0x557edb749c00,216,JSToWasmWrapperAsm
code-creation,Builtin,3,7661,0x557edb749d00,856,WasmReturnPromiseOnSuspendAsm
code-creation,Builtin,3,7666,0x557edb74a080,612,JSToWasmStressSwitchStacksAsm
code-creation,Builtin,3,7677,0x557edb74a300,56,WasmToJsWrapperAsm
code-creation,Builtin,3,7682,0x557edb74a340,4732,WasmToJsWrapperCSA
code-creation,Builtin,3,7693,0x557edb74b5c0,28,WasmToJsWrapperInvalidSig
code-creation,Builtin,3,7697,0x557edb74b600,204,WasmSuspend
code-creation,Builtin,3,7708,0x557edb74b700,260,WasmResume
code-creation,Builtin,3,7712,0x557edb74b840,108,WasmFXResume
code-creation,Builtin,3,7722,0x557edb74b8c0,216,WasmFXResumeThrow
code-creation,Builtin,3,7737,0x557edb74b9c0,196,WasmFXResumeThrowRef
code-creation,Builtin,3,7741,0x557edb74bac0,152,WasmFXSuspend
code-creation,Builtin,3,7751,0x557edb74bb80,164,WasmFXSwitch
code-creation,Builtin,3,7755,0x557edb74bc40,96,WasmFXReturn
code-creation,Builtin,3,7765,0x557edb74bcc0,280,WasmReject
code-creation,Builtin,3,7771,0x557edb74be00,12,WasmTrapHandlerLandingPad
code-creation,Builtin,3,7781,0x557edb74be40,156,WasmCompileLazy
code-creation,Builtin,3,7786,0x557edb74bf00,200,WasmLiftoffFrameSetup
code-creation,Builtin,3,7796,0x557edb74c000,192,WasmDebugBreak
code-creation,Builtin,3,7801,0x557edb74c100,124,WasmDebugTrap
code-creation,Builtin,3,7811,0x557edb74c180,16,WasmOnStackReplace
code-creation,Builtin,3,7815,0x557edb74c1c0,160,WasmHandleStackOverflow
code-creation,Builtin,3,7827,0x557edb74c280,128,WasmFloat32ToNumber
code-creation,Builtin,3,7831,0x557edb74c340,132,WasmFloat64ToNumber
code-creation,Builtin,3,7842,0x557edb74c400,124,WasmFloat64ToString
code-creation,Builtin,3,7846,0x557edb74c480,12,JSToWasmLazyDeoptContinuation
code-creation,Builtin,3,7857,0x557edb74c4c0,1520,WasmGetOwnProperty
code-creation,Builtin,3,7862,0x557edb74cac0,5388,WeakMapConstructor
code-creation,Builtin,3,7872,0x557edb74e000,492,WeakMapLookupHashIndex
code-creation,Builtin,3,7876,0x557edb74e200,200,WeakMapPrototypeGet
code-creation,Builtin,3,7887,0x557edb74e300,168,WeakMapPrototypeHas
code-creation,Builtin,3,7891,0x557edb74e3c0,288,WeakMapPrototypeSet
code-creation,Builtin,3,7901,0x557edb74e500,1244,WeakMapPrototypeGetOrInsert
code-creation,Builtin,3,7906,0x557edb74ea00,456,WeakMapPrototypeGetOrInsertComputed
code-creation,Builtin,3,7922,0x557edb74ec00,176,WeakMapPrototypeDelete
code-creation,Builtin,3,7927,0x557edb74ecc0,4124,WeakSetConstructor
code-creation,Builtin,3,7937,0x557edb74fd00,168,WeakSetPrototypeHas
code-creation,Builtin,3,7942,0x557edb74fdc0,288,WeakSetPrototypeAdd
code-creation,Builtin,3,7952,0x557edb74ff00,176,WeakSetPrototypeDelete
code-creation,Builtin,3,7957,0x557edb74ffc0,672,WeakCollectionDelete
code-creation,Builtin,3,7967,0x557edb750280,1164,WeakCollectionSet
code-creation,Builtin,3,7972,0x557edb750740,12,SharedSpaceJSObjectHasInstance
code-creation,Builtin,3,7982,0x557edb750780,12,SharedStructTypeConstructor
code-creation,Builtin,3,7987,0x557edb7507c0,12,SharedStructTypeIsSharedStruct
code-creation,Builtin,3,7997,0x557edb750800,12,SharedStructConstructor
code-creation,Builtin,3,8002,0x557edb750840,12,SharedArrayConstructor
code-creation,Builtin,3,8013,0x557edb750880,12,SharedArrayIsSharedArray
code-creation,Builtin,3,8027,0x557edb7508c0,12,AtomicsMutexConstructor
code-creation,Builtin,3,8031,0x557edb750900,12,AtomicsMutexIsMutex
code-creation,Builtin,3,8040,0x557edb750940,12,AtomicsMutexLock
code-creation,Builtin,3,8046,0x557edb750980,12,AtomicsMutexLockWithTimeout
code-creation,Builtin,3,8056,0x557edb7509c0,12,AtomicsMutexTryLock
code-creation,Builtin,3,8061,0x557edb750a00,12,AtomicsConditionConstructor
code-creation,Builtin,3,8071,0x557edb750a40,12,AtomicsConditionIsCondition
code-creation,Builtin,3,8076,0x557edb750a80,12,AtomicsConditionWait
code-creation,Builtin,3,8087,0x557edb750ac0,12,AtomicsConditionNotify
code-creation,Builtin,3,8091,0x557edb750b00,316,AsyncGeneratorResolve
code-creation,Builtin,3,8102,0x557edb750c40,104,AsyncGeneratorReject
code-creation,Builtin,3,8106,0x557edb750cc0,1752,AsyncGeneratorYieldWithAwait
code-creation,Builtin,3,8117,0x557edb7513c0,1924,AsyncGeneratorReturn
code-creation,Builtin,3,8122,0x557edb751b80,276,AsyncGeneratorResumeNext
code-creation,Builtin,3,8133,0x557edb751cc0,12,AsyncGeneratorFunctionConstructor
code-creation,Builtin,3,8137,0x557edb751d00,840,AsyncGeneratorPrototypeNext
code-creation,Builtin,3,8140,0x557edb752080,840,AsyncGeneratorPrototypeReturn
code-creation,Builtin,3,8142,0x557edb752400,840,AsyncGeneratorPrototypeThrow
code-creation,Builtin,3,8152,0x557edb752780,1544,AsyncGeneratorAwait
code-creation,Builtin,3,8157,0x557edb752dc0,120,AsyncGeneratorAwaitResolveClosure
code-creation,Builtin,3,8169,0x557edb752e40,120,AsyncGeneratorAwaitRejectClosure
code-creation,Builtin,3,8183,0x557edb752ec0,116,AsyncGeneratorYieldWithAwaitResolveClosure
code-creation,Builtin,3,8187,0x557edb752f40,116,AsyncGeneratorReturnClosedResolveClosure
code-creation,Builtin,3,8198,0x557edb752fc0,112,AsyncGeneratorReturnClosedRejectClosure
code-creation,Builtin,3,8204,0x557edb753040,120,AsyncGeneratorReturnResolveClosure
code-creation,Builtin,3,8214,0x557edb7530c0,1452,AsyncFromSyncIteratorPrototypeNext
code-creation,Builtin,3,8219,0x557edb753680,1736,AsyncFromSyncIteratorPrototypeThrow
code-creation,Builtin,3,8229,0x557edb753d80,1176,AsyncFromSyncIteratorPrototypeReturn
code-creation,Builtin,3,8234,0x557edb754240,228,AsyncFromSyncIteratorCloseSyncAndRethrow
code-creation,Builtin,3,8245,0x557edb754340,92,AsyncIteratorValueUnwrap
code-creation,Builtin,3,8250,0x557edb7543c0,168,CEntry_Return1_ArgvInRegister_NoBuiltinExit
code-creation,Builtin,3,8261,0x557edb754480,180,CEntry_Return1_ArgvOnStack_BuiltinExit
code-creation,Builtin,3,8276,0x557edb754540,180,CEntry_Return1_ArgvOnStack_NoBuiltinExit
code-creation,Builtin,3,8280,0x557edb754600,168,CEntry_Return2_ArgvInRegister_NoBuiltinExit
code-creation,Builtin,3,8292,0x557edb7546c0,180,CEntry_Return2_ArgvOnStack_NoBuiltinExit
code-creation,Builtin,3,8296,0x557edb754780,316,WasmCEntry
code-creation,Builtin,3,8299,0x557edb7548c0,4,DirectCEntry
code-creation,Builtin,3,8309,0x557edb754900,1824,StringAdd_NoMapCheck
code-creation,Builtin,3,8313,0x557edb755040,1824,WasmStringAdd_NoMapCheck
code-creation,Builtin,3,8316,0x557edb755780,3896,SubString
code-creation,Builtin,3,8325,0x557edb7566c0,84,DoubleToI
code-creation,Builtin,3,8330,0x557edb756740,3232,GetProperty
code-creation,Builtin,3,8340,0x557edb757400,3528,GetPropertyWithReceiver
code-creation,Builtin,3,8345,0x557edb758200,23296,SetProperty
code-creation,Builtin,3,8355,0x557edb75dd40,19512,CreateDataProperty
code-creation,Builtin,3,8359,0x557edb762980,52,GetOwnPropertyDescriptor
code-creation,Builtin,3,8362,0x557edb7629c0,220,FindNonDefaultConstructorOrConstruct
code-creation,Builtin,3,8373,0x557edb762ac0,3156,OrdinaryGetOwnPropertyDescriptor
code-creation,Builtin,3,8377,0x557edb763740,4232,CheckMaglevType
code-creation,Builtin,3,8379,0x557edb764800,12,IsTraceCategoryEnabled
code-creation,Builtin,3,8382,0x557edb764840,12,Trace
code-creation,Builtin,3,8383,0x557edb764880,12,FinalizationRegistryUnregister
code-creation,Builtin,3,8385,0x557edb7648c0,356,AsyncModuleEvaluate
code-creation,Builtin,3,8387,0x557edb764a40,12,CallAsyncModuleFulfilled
code-creation,Builtin,3,8388,0x557edb764a80,12,CallAsyncModuleRejected
code-creation,Builtin,3,8390,0x557edb764ac0,276,AggregateErrorConstructor
code-creation,Builtin,3,8392,0x557edb764c00,836,ArrayPrototypeAt
code-creation,Builtin,3,8394,0x557edb764f80,596,ArrayPrototypeConcat
code-creation,Builtin,3,8395,0x557edb765200,8200,ArrayPrototypeCopyWithin
code-creation,Builtin,3,8397,0x557edb767240,232,ArrayEveryLoopEagerDeoptContinuation
code-creation,Builtin,3,8399,0x557edb767340,560,ArrayEveryLoopLazyDeoptContinuation
code-creation,Builtin,3,8401,0x557edb767580,4248,ArrayEveryLoopContinuation
code-creation,Builtin,3,8403,0x557edb768640,1604,ArrayEvery
code-creation,Builtin,3,8405,0x557edb768cc0,296,ArrayFilterLoopEagerDeoptContinuation
code-creation,Builtin,3,8407,0x557edb768e00,928,ArrayFilterLoopLazyDeoptContinuation
code-creation,Builtin,3,8409,0x557edb7691c0,4568,ArrayFilterLoopContinuation
code-creation,Builtin,3,8411,0x557edb76a3c0,4856,ArrayFilter
code-creation,Builtin,3,8412,0x557edb76b6c0,220,ArrayFindLoopEagerDeoptContinuation
code-creation,Builtin,3,8414,0x557edb76b7c0,32,ArrayFindLoopLazyDeoptContinuation
code-creation,Builtin,3,8416,0x557edb76b800,408,ArrayFindLoopAfterCallbackLazyDeoptContinuation
code-creation,Builtin,3,8419,0x557edb76b9c0,580,ArrayFindLoopContinuation
code-creation,Builtin,3,8421,0x557edb76bc40,1608,ArrayPrototypeFind
code-creation,Builtin,3,8423,0x557edb76c2c0,220,ArrayFindIndexLoopEagerDeoptContinuation
code-creation,Builtin,3,8433,0x557edb76c3c0,32,ArrayFindIndexLoopLazyDeoptContinuation
code-creation,Builtin,3,8438,0x557edb76c400,408,ArrayFindIndexLoopAfterCallbackLazyDeoptContinuation
code-creation,Builtin,3,8453,0x557edb76c5c0,584,ArrayFindIndexLoopContinuation
code-creation,Builtin,3,8457,0x557edb76c840,1608,ArrayPrototypeFindIndex
code-creation,Builtin,3,8459,0x557edb76cec0,500,ArrayFindLastLoopContinuation
code-creation,Builtin,3,8462,0x557edb76d0c0,1704,ArrayPrototypeFindLast
code-creation,Builtin,3,8463,0x557edb76d780,504,ArrayFindLastIndexLoopContinuation
code-creation,Builtin,3,8466,0x557edb76d980,1784,ArrayPrototypeFindLastIndex
code-creation,Builtin,3,8468,0x557edb76e080,2932,FlattenIntoArrayWithoutMapFn
code-creation,Builtin,3,8469,0x557edb76ec00,2964,FlattenIntoArrayWithMapFn
code-creation,Builtin,3,8471,0x557edb76f7c0,11792,ArrayPrototypeFlat
code-creation,Builtin,3,8473,0x557edb772600,732,ArrayPrototypeFlatMap
code-creation,Builtin,3,8475,0x557edb772900,232,ArrayForEachLoopEagerDeoptContinuation
code-creation,Builtin,3,8477,0x557edb772a00,232,ArrayForEachLoopLazyDeoptContinuation
code-creation,Builtin,3,8479,0x557edb772b00,4152,ArrayForEachLoopContinuation
code-creation,Builtin,3,8481,0x557edb773b40,1476,ArrayForEach
code-creation,Builtin,3,8483,0x557edb774140,7076,ArrayFromAsyncIterableOnFulfilled
code-creation,Builtin,3,8495,0x557edb775d00,7140,ArrayFromAsyncIterableOnRejected
code-creation,Builtin,3,8499,0x557edb777900,3576,ArrayFromAsyncArrayLikeOnFulfilled
code-creation,Builtin,3,8512,0x557edb778700,3576,ArrayFromAsyncArrayLikeOnRejected
code-creation,Builtin,3,8516,0x557edb779500,15188,ArrayFromAsync
code-creation,Builtin,3,8526,0x557edb77d080,5612,ArrayFrom
code-creation,Builtin,3,8532,0x557edb77e680,152,ArrayIsArray
code-creation,Builtin,3,8542,0x557edb77e740,472,LoadJoinElement_DictionaryElements_0
code-creation,Builtin,3,8547,0x557edb77e940,36,LoadJoinElement_FastSmiOrObjectElements_0
code-creation,Builtin,3,8557,0x557edb77e980,152,LoadJoinElement_FastDoubleElements_0
code-creation,Builtin,3,8562,0x557edb77ea40,184,ConvertToLocaleString
code-creation,Builtin,3,8572,0x557edb77eb00,744,JoinStackPush
code-creation,Builtin,3,8577,0x557edb77ee00,292,JoinStackPop
code-creation,Builtin,3,8587,0x557edb77ef40,848,ArrayPrototypeJoin
code-creation,Builtin,3,8591,0x557edb77f2c0,35976,ArrayPrototypeJoinImpl
code-creation,Builtin,3,8602,0x557edb787f80,6136,ArrayPrototypeToLocaleString
code-creation,Builtin,3,8607,0x557edb789780,256,ArrayPrototypeToString
code-creation,Builtin,3,8617,0x557edb7898c0,9824,TypedArrayPrototypeJoin
code-creation,Builtin,3,8622,0x557edb78bf40,5944,TypedArrayPrototypeToLocaleString
code-creation,Builtin,3,8632,0x557edb78d680,3824,ArrayPrototypeLastIndexOf
code-creation,Builtin,3,8637,0x557edb78e580,240,ArrayMapPreLoopLazyDeoptContinuation
code-creation,Builtin,3,8648,0x557edb78e680,264,ArrayMapLoopEagerDeoptContinuation
code-creation,Builtin,3,8653,0x557edb78e7c0,520,ArrayMapLoopLazyDeoptContinuation
code-creation,Builtin,3,8663,0x557edb78ea00,4168,ArrayMapLoopContinuation
code-creation,Builtin,3,8668,0x557edb78fa80,4184,ArrayMap
code-creation,Builtin,3,8678,0x557edb790b00,1800,ArrayOf
code-creation,Builtin,3,8682,0x557edb791240,412,ArrayReduceRightPreLoopEagerDeoptContinuation
code-creation,Builtin,3,8693,0x557edb791400,220,ArrayReduceRightLoopEagerDeoptContinuation
code-creation,Builtin,3,8699,0x557edb791500,220,ArrayReduceRightLoopLazyDeoptContinuation
code-creation,Builtin,3,8709,0x557edb791600,4104,ArrayReduceRightLoopContinuation
code-creation,Builtin,3,8714,0x557edb792640,1948,ArrayReduceRight
code-creation,Builtin,3,8724,0x557edb792e00,204,ArrayReducePreLoopEagerDeoptContinuation
code-creation,Builtin,3,8729,0x557edb792f00,220,ArrayReduceLoopEagerDeoptContinuation
code-creation,Builtin,3,8740,0x557edb793000,220,ArrayReduceLoopLazyDeoptContinuation
code-creation,Builtin,3,8744,0x557edb793100,4208,ArrayReduceLoopContinuation
code-creation,Builtin,3,8755,0x557edb794180,1588,ArrayReduce
code-creation,Builtin,3,8760,0x557edb7947c0,3696,ArrayPrototypeReverse
code-creation,Builtin,3,8770,0x557edb795640,3948,ArrayPrototypeShift
code-creation,Builtin,3,8775,0x557edb7965c0,5728,ArrayPrototypeSlice
code-creation,Builtin,3,8788,0x557edb797c40,232,ArraySomeLoopEagerDeoptContinuation
code-creation,Builtin,3,8793,0x557edb797d40,576,ArraySomeLoopLazyDeoptContinuation
code-creation,Builtin,3,8803,0x557edb797fc0,4280,ArraySomeLoopContinuation
code-creation,Builtin,3,8808,0x557edb799080,1608,ArraySome
code-creation,Builtin,3,8817,0x557edb799700,14884,ArrayPrototypeSplice
code-creation,Builtin,3,8823,0x557edb79d140,2148,GenericArrayToReversed
code-creation,Builtin,3,8834,0x557edb79d9c0,3016,ArrayPrototypeToReversed
code-creation,Builtin,3,8839,0x557edb79e5c0,8732,ArrayPowerSortIntoCopy
code-creation,Builtin,3,8849,0x557edb7a0800,1748,ArrayPrototypeToSorted
code-creation,Builtin,3,8854,0x557edb7a0f00,9080,ArrayPrototypeToSpliced
code-creation,Builtin,3,8864,0x557edb7a3280,2936,ArrayPrototypeUnshift
code-creation,Builtin,3,8868,0x557edb7a3e00,1476,GenericArrayWith
code-creation,Builtin,3,8879,0x557edb7a4400,1164,ArrayPrototypeWith
code-creation,Builtin,3,8883,0x557edb7a48c0,4792,ArraySortContinueFromSnapshotEagerDeoptContinuation
code-creation,Builtin,3,8894,0x557edb7a5b80,4792,ArraySortContinueFromSnapshotLazyDeoptContinuation
code-creation,Builtin,3,8899,0x557edb7a6e40,316,ArrayBufferPrototypeGetByteLength
code-creation,Builtin,3,8911,0x557edb7a6f80,792,ArrayBufferPrototypeGetMaxByteLength
code-creation,Builtin,3,8927,0x557edb7a72c0,208,ArrayBufferPrototypeGetResizable
code-creation,Builtin,3,8932,0x557edb7a73c0,208,ArrayBufferPrototypeGetDetached
code-creation,Builtin,3,8942,0x557edb7a74c0,208,ArrayBufferPrototypeGetImmutable
code-creation,Builtin,3,8947,0x557edb7a75c0,632,SharedArrayBufferPrototypeGetMaxByteLength
code-creation,Builtin,3,8958,0x557edb7a7840,208,SharedArrayBufferPrototypeGetGrowable
code-creation,Builtin,3,8963,0x557edb7a7940,104,ArrayBufferIsView
code-creation,Builtin,3,8973,0x557edb7a79c0,432,ToInteger
code-creation,Builtin,3,8977,0x557edb7a7b80,4408,FastCreateDataProperty
code-creation,Builtin,3,8988,0x557edb7a8cc0,1256,BooleanConstructor
code-creation,Builtin,3,8992,0x557edb7a91c0,220,BooleanPrototypeToString
code-creation,Builtin,3,9002,0x557edb7a92c0,212,BooleanPrototypeValueOf
code-creation,Builtin,3,9007,0x557edb7a93c0,1088,BigIntAddNoThrow
code-creation,Builtin,3,9017,0x557edb7a9840,1132,BigIntAdd
code-creation,Builtin,3,9022,0x557edb7a9cc0,1072,BigIntSubtractNoThrow
code-creation,Builtin,3,9032,0x557edb7aa100,1132,BigIntSubtract
code-creation,Builtin,3,9037,0x557edb7aa580,424,BigIntMultiplyNoThrow
code-creation,Builtin,3,9047,0x557edb7aa740,580,BigIntMultiply
code-creation,Builtin,3,9052,0x557edb7aa9c0,520,BigIntDivideNoThrow
code-creation,Builtin,3,9063,0x557edb7aac00,700,BigIntDivide
code-creation,Builtin,3,9067,0x557edb7aaec0,464,BigIntModulusNoThrow
code-creation,Builtin,3,9077,0x557edb7ab0c0,640,BigIntModulus
code-creation,Builtin,3,9082,0x557edb7ab380,948,BigIntBitwiseAndNoThrow
code-creation,Builtin,3,9092,0x557edb7ab740,1080,BigIntBitwiseAnd
code-creation,Builtin,3,9097,0x557edb7abb80,940,BigIntBitwiseOrNoThrow
code-creation,Builtin,3,9107,0x557edb7abf40,1048,BigIntBitwiseOr
code-creation,Builtin,3,9113,0x557edb7ac380,968,BigIntBitwiseXorNoThrow
code-creation,Builtin,3,9123,0x557edb7ac780,1096,BigIntBitwiseXor
code-creation,Builtin,3,9128,0x557edb7acc00,1244,BigIntShiftLeftNoThrow
code-creation,Builtin,3,9138,0x557edb7ad100,1312,BigIntShiftLeft
code-creation,Builtin,3,9144,0x557edb7ad640,1248,BigIntShiftRightNoThrow
code-creation,Builtin,3,9154,0x557edb7adb40,1316,BigIntShiftRight
code-creation,Builtin,3,9158,0x557edb7ae080,100,BigIntEqual
code-creation,Builtin,3,9168,0x557edb7ae100,204,BigIntLessThan
code-creation,Builtin,3,9173,0x557edb7ae200,204,BigIntGreaterThan
code-creation,Builtin,3,9183,0x557edb7ae300,204,BigIntLessThanOrEqual
code-creation,Builtin,3,9187,0x557edb7ae400,204,BigIntGreaterThanOrEqual
code-creation,Builtin,3,9198,0x557edb7ae500,324,BigIntUnaryMinus
code-creation,Builtin,3,9203,0x557edb7ae680,2516,ToString
code-creation,Builtin,3,9213,0x557edb7af080,2540,ToStringConvertSymbol
code-creation,Builtin,3,9217,0x557edb7afa80,212,StringPrototypeToString
code-creation,Builtin,3,9228,0x557edb7afb80,212,StringPrototypeValueOf
code-creation,Builtin,3,9242,0x557edb7afc80,2248,StringToList
code-creation,Builtin,3,9246,0x557edb7b0580,748,StringPrototypeCharAt
code-creation,Builtin,3,9257,0x557edb7b0880,652,StringPrototypeCharCodeAt
code-creation,Builtin,3,9261,0x557edb7b0b40,1152,StringPrototypeCodePointAt
code-creation,Builtin,3,9287,0x557edb7b1000,432,StringPrototypeConcat
code-creation,Builtin,3,9291,0x557edb7b11c0,1380,StringConstructor
code-creation,Builtin,3,9302,0x557edb7b1740,936,StringCreateLazyDeoptContinuation
code-creation,Builtin,3,9306,0x557edb7b1b00,2544,StringAddConvertLeft
code-creation,Builtin,3,9309,0x557edb7b2500,2600,StringAddConvertRight
code-creation,Builtin,3,9320,0x557edb7b2f40,556,StringCharAt
code-creation,Builtin,3,9323,0x557edb7b3180,16,FastNewClosureBaseline
code-creation,Builtin,3,9334,0x557edb7b31c0,312,FastNewFunctionContextEval
code-creation,Builtin,3,9339,0x557edb7b3300,312,FastNewFunctionContextFunction
code-creation,Builtin,3,9349,0x557edb7b3440,696,FastNewFunctionContextFunctionWithCells
code-creation,Builtin,3,9354,0x557edb7b3700,284,CreateRegExpLiteral
code-creation,Builtin,3,9365,0x557edb7b3840,1444,CreateShallowArrayLiteral
code-creation,Builtin,3,9370,0x557edb7b3e00,468,CreateEmptyArrayLiteral
code-creation,Builtin,3,9381,0x557edb7b4000,2480,CreateShallowObjectLiteral
code-creation,Builtin,3,9385,0x557edb7b49c0,488,ObjectConstructor
code-creation,Builtin,3,9396,0x557edb7b4bc0,244,CreateEmptyLiteralObject
code-creation,Builtin,3,9400,0x557edb7b4cc0,560,NumberConstructor
code-creation,Builtin,3,9411,0x557edb7b4f00,64,GenericLazyDeoptContinuation
code-creation,Builtin,3,9415,0x557edb7b4f80,56,StringToNumber
code-creation,Builtin,3,9426,0x557edb7b4fc0,196,NonNumberToNumber
code-creation,Builtin,3,9431,0x557edb7b50c0,256,NonNumberToNumeric
code-creation,Builtin,3,9441,0x557edb7b5200,36,ToNumeric
code-creation,Builtin,3,9444,0x557edb7b5240,1216,NumberToString
code-creation,Builtin,3,9456,0x557edb7b5740,916,SmiToString
code-creation,Builtin,3,9460,0x557edb7b5b00,1560,Int32ToString
code-creation,Builtin,3,9462,0x557edb7b6140,124,Float64ToString
code-creation,Builtin,3,9472,0x557edb7b61c0,124,ToBoolean
code-creation,Builtin,3,9477,0x557edb7b6240,84,ToBooleanForBaselineJump
code-creation,Builtin,3,9489,0x557edb7b62c0,600,ToLength
code-creation,Builtin,3,9493,0x557edb7b6540,1312,ToName
code-creation,Builtin,3,9503,0x557edb7b6a80,1088,ToObject
code-creation,Builtin,3,9508,0x557edb7b6f00,844,NonPrimitiveToPrimitive_Default
code-creation,Builtin,3,9519,0x557edb7b7280,432,NonPrimitiveToPrimitive_Number
code-creation,Builtin,3,9523,0x557edb7b7440,1200,NonPrimitiveToPrimitive_String
code-creation,Builtin,3,9534,0x557edb7b7900,20,OrdinaryToPrimitive_Number
code-creation,Builtin,3,9539,0x557edb7b7940,324,OrdinaryToPrimitive_Number_Inline
code-creation,Builtin,3,9550,0x557edb7b7ac0,324,OrdinaryToPrimitive_String
code-creation,Builtin,3,9554,0x557edb7b7c40,316,FastConsoleAssert
code-creation,Builtin,3,9564,0x557edb7b7d80,184,DataViewPrototypeGetBuffer
code-creation,Builtin,3,9568,0x557edb7b7e40,764,DataViewPrototypeGetByteLength
code-creation,Builtin,3,9579,0x557edb7b8140,432,DataViewPrototypeGetByteOffset
code-creation,Builtin,3,9584,0x557edb7b8300,784,DataViewPrototypeGetUint8
code-creation,Builtin,3,9594,0x557edb7b8640,784,DataViewPrototypeGetInt8
code-creation,Builtin,3,9599,0x557edb7b8980,1020,DataViewPrototypeGetUint16
code-creation,Builtin,3,9602,0x557edb7b8d80,1016,DataViewPrototypeGetInt16
code-creation,Builtin,3,9604,0x557edb7b9180,1148,DataViewPrototypeGetUint32
code-creation,Builtin,3,9606,0x557edb7b9600,1144,DataViewPrototypeGetInt32
code-creation,Builtin,3,9608,0x557edb7b9a80,1256,DataViewPrototypeGetFloat16
code-creation,Builtin,3,9609,0x557edb7b9f80,1184,DataViewPrototypeGetFloat32
code-creation,Builtin,3,9613,0x557edb7ba440,1256,DataViewPrototypeGetFloat64
code-creation,Builtin,3,9623,0x557edb7ba940,1292,DataViewPrototypeGetBigUint64
code-creation,Builtin,3,9627,0x557edb7bae80,1324,DataViewPrototypeGetBigInt64
code-creation,Builtin,3,9638,0x557edb7bb3c0,1248,DataViewPrototypeSetUint8
code-creation,Builtin,3,9653,0x557edb7bb8c0,1248,DataViewPrototypeSetInt8
code-creation,Builtin,3,9657,0x557edb7bbdc0,1484,DataViewPrototypeSetUint16
code-creation,Builtin,3,9667,0x557edb7bc3c0,1484,DataViewPrototypeSetInt16
code-creation,Builtin,3,9672,0x557edb7bc9c0,1516,DataViewPrototypeSetUint32
code-creation,Builtin,3,9682,0x557edb7bcfc0,1516,DataViewPrototypeSetInt32
code-creation,Builtin,3,9687,0x557edb7bd5c0,1584,DataViewPrototypeSetFloat16
code-creation,Builtin,3,9697,0x557edb7bdc00,1480,DataViewPrototypeSetFloat32
code-creation,Builtin,3,9702,0x557edb7be200,1544,DataViewPrototypeSetFloat64
code-creation,Builtin,3,9713,0x557edb7be840,1372,DataViewPrototypeSetBigUint64
code-creation,Builtin,3,9718,0x557edb7bedc0,1372,DataViewPrototypeSetBigInt64
code-creation,Builtin,3,9728,0x557edb7bf340,1248,FinalizationRegistryConstructor
code-creation,Builtin,3,9732,0x557edb7bf840,908,FinalizationRegistryRegister
code-creation,Builtin,3,9743,0x557edb7bfc00,376,FunctionPrototypeHasInstance
code-creation,Builtin,3,9748,0x557edb7bfd80,1040,FastFunctionPrototypeBind
code-creation,Builtin,3,9758,0x557edb7c01c0,420,GeneratorPrototypeNextLazyDeoptContinuation
code-creation,Builtin,3,9762,0x557edb7c0380,152,IncBlockCounter
code-creation,Builtin,3,9773,0x557edb7c0440,232,GetTemplateObject
code-creation,Builtin,3,9777,0x557edb7c0540,96,ForInNext
code-creation,Builtin,3,9787,0x557edb7c05c0,136,GetImportMetaObjectBaseline
code-creation,Builtin,3,9792,0x557edb7c0680,128,GetIteratorWithFeedback
code-creation,Builtin,3,9802,0x557edb7c0740,92,GetIteratorBaseline
code-creation,Builtin,3,9807,0x557edb7c07c0,320,CreateAsyncFromSyncIteratorBaseline
code-creation,Builtin,3,9817,0x557edb7c0940,3064,ForOfNext
code-creation,Builtin,3,9822,0x557edb7c1540,3064,ForOfNextBaseline
code-creation,Builtin,3,9832,0x557edb7c2140,1248,CallIteratorWithFeedback
code-creation,Builtin,3,9837,0x557edb7c2640,144,IteratorClose
code-creation,Builtin,3,9847,0x557edb7c2700,1072,IteratorConstructor
code-creation,Builtin,3,9852,0x557edb7c2b40,72,IteratorPrototypeGetToStringTag
code-creation,Builtin,3,9862,0x557edb7c2bc0,340,IteratorPrototypeSetToStringTag
code-creation,Builtin,3,9867,0x557edb7c2d40,100,IteratorPrototypeGetConstructor
code-creation,Builtin,3,9877,0x557edb7c2dc0,340,IteratorPrototypeSetConstructor
code-creation,Builtin,3,9882,0x557edb7c2f40,188,IteratorPrototypeDispose
code-creation,Builtin,3,9892,0x557edb7c3000,64,AsyncIteratorPrototypeAsyncDisposeResolveClosure
code-creation,Builtin,3,9897,0x557edb7c3080,2000,AsyncIteratorPrototypeAsyncDispose
code-creation,Builtin,3,9908,0x557edb7c3880,1684,ArrayDestructure
code-creation,Builtin,3,9912,0x557edb7c3f40,1432,ArrayDestructureLazyDeoptContinuation
code-creation,Builtin,3,9928,0x557edb7c4500,912,IteratorFrom
code-creation,Builtin,3,9933,0x557edb7c48c0,164,WrapForValidIteratorPrototypeNext
code-creation,Builtin,3,9943,0x557edb7c4980,380,WrapForValidIteratorPrototypeReturn
code-creation,Builtin,3,9948,0x557edb7c4b00,448,IteratorHelperPrototypeNext
code-creation,Builtin,3,9959,0x557edb7c4d00,2640,IteratorHelperPrototypeReturn
code-creation,Builtin,3,9963,0x557edb7c5780,480,IteratorPrototypeMap
code-creation,Builtin,3,9975,0x557edb7c5980,1376,IteratorMapHelperNext
code-creation,Builtin,3,9979,0x557edb7c5f00,480,IteratorPrototypeFilter
code-creation,Builtin,3,9989,0x557edb7c6100,1524,IteratorFilterHelperNext
code-creation,Builtin,3,9994,0x557edb7c6700,916,IteratorPrototypeTake
code-creation,Builtin,3,10005,0x557edb7c6ac0,1564,IteratorTakeHelperNext
code-creation,Builtin,3,10010,0x557edb7c7100,916,IteratorPrototypeDrop
code-creation,Builtin,3,10021,0x557edb7c74c0,1776,IteratorDropHelperNext
code-creation,Builtin,3,10025,0x557edb7c7bc0,504,IteratorPrototypeFlatMap
code-creation,Builtin,3,10036,0x557edb7c7dc0,2644,IteratorFlatMapHelperNext
code-creation,Builtin,3,10040,0x557edb7c8840,1996,IteratorPrototypeReduce
code-creation,Builtin,3,10051,0x557edb7c9040,1696,IteratorPrototypeToArray
code-creation,Builtin,3,10056,0x557edb7c9700,1268,IteratorPrototypeForEach
code-creation,Builtin,3,10066,0x557edb7c9c00,1524,IteratorPrototypeSome
code-creation,Builtin,3,10081,0x557edb7ca200,1512,IteratorPrototypeEvery
code-creation,Builtin,3,10086,0x557edb7ca800,1532,IteratorPrototypeFind
code-creation,Builtin,3,10096,0x557edb7cae00,1068,IteratorConcat
code-creation,Builtin,3,10100,0x557edb7cb240,1676,IteratorConcatHelperNext
code-creation,Builtin,3,10111,0x557edb7cb900,1380,IteratorPrototypeJoin
code-creation,Builtin,3,10116,0x557edb7cbe80,7868,IteratorZip
code-creation,Builtin,3,10126,0x557edb7cdd40,4508,IteratorZipHelperNext
code-creation,Builtin,3,10131,0x557edb7cef00,6552,IteratorZipKeyed
code-creation,Builtin,3,10142,0x557edb7d08c0,5528,IteratorZipKeyedHelperNext
code-creation,Builtin,3,10147,0x557edb7d1e80,3328,IteratorPrototypeIncludes
code-creation,Builtin,3,10157,0x557edb7d2bc0,8244,MapGroupBy
code-creation,Builtin,3,10161,0x557edb7d4c00,304,MathAbs
code-creation,Builtin,3,10171,0x557edb7d4d40,452,MathCeil
code-creation,Builtin,3,10175,0x557edb7d4f40,456,MathFloor
code-creation,Builtin,3,10187,0x557edb7d5140,504,MathRound
code-creation,Builtin,3,10191,0x557edb7d5340,452,MathTrunc
code-creation,Builtin,3,10202,0x557edb7d5540,408,MathPow
code-creation,Builtin,3,10207,0x557edb7d5700,468,MathMax
code-creation,Builtin,3,10217,0x557edb7d5900,468,MathMin
code-creation,Builtin,3,10221,0x557edb7d5b00,312,MathAcos
code-creation,Builtin,3,10231,0x557edb7d5c40,312,MathAcosh
code-creation,Builtin,3,10236,0x557edb7d5d80,312,MathAsin
code-creation,Builtin,3,10247,0x557edb7d5ec0,312,MathAsinh
code-creation,Builtin,3,10251,0x557edb7d6000,312,MathAtan
code-creation,Builtin,3,10261,0x557edb7d6140,396,MathAtan2
code-creation,Builtin,3,10278,0x557edb7d6300,312,MathAtanh
code-creation,Builtin,3,10289,0x557edb7d6440,312,MathCbrt
code-creation,Builtin,3,10292,0x557edb7d6580,248,MathClz32
code-creation,Builtin,3,10294,0x557edb7d6680,312,MathCos
code-creation,Builtin,3,10297,0x557edb7d67c0,312,MathCosh
code-creation,Builtin,3,10306,0x557edb7d6900,312,MathExp
code-creation,Builtin,3,10311,0x557edb7d6a40,312,MathExpm1
code-creation,Builtin,3,10321,0x557edb7d6b80,260,MathFround
code-creation,Builtin,3,10325,0x557edb7d6cc0,552,MathF16round
code-creation,Builtin,3,10328,0x557edb7d6f00,372,MathImul
code-creation,Builtin,3,10339,0x557edb7d7080,312,MathLog
code-creation,Builtin,3,10342,0x557edb7d71c0,312,MathLog1p
code-creation,Builtin,3,10346,0x557edb7d7300,312,MathLog10
code-creation,Builtin,3,10357,0x557edb7d7440,312,MathLog2
code-creation,Builtin,3,10360,0x557edb7d7580,312,MathSin
code-creation,Builtin,3,10363,0x557edb7d76c0,152,MathSign
code-creation,Builtin,3,10366,0x557edb7d7780,312,MathSinh
code-creation,Builtin,3,10375,0x557edb7d78c0,256,MathSqrt
code-creation,Builtin,3,10378,0x557edb7d7a00,312,MathTan
code-creation,Builtin,3,10382,0x557edb7d7b40,312,MathTanh
code-creation,Builtin,3,10391,0x557edb7d7c80,2440,MathHypot
code-creation,Builtin,3,10395,0x557edb7d8640,380,MathRandom
code-creation,Builtin,3,10398,0x557edb7d87c0,2328,NumberPrototypeToString
code-creation,Builtin,3,10408,0x557edb7d9100,116,NumberIsFinite
code-creation,Builtin,3,10412,0x557edb7d9180,308,NumberIsInteger
code-creation,Builtin,3,10415,0x557edb7d92c0,112,NumberIsNaN
code-creation,Builtin,3,10425,0x557edb7d9340,352,NumberIsSafeInteger
code-creation,Builtin,3,10428,0x557edb7d94c0,220,NumberPrototypeValueOf
code-creation,Builtin,3,10432,0x557edb7d95c0,232,NumberParseFloat
code-creation,Builtin,3,10443,0x557edb7d96c0,320,ParseInt
code-creation,Builtin,3,10447,0x557edb7d9840,96,NumberParseInt
code-creation,Builtin,3,10450,0x557edb7d98c0,1056,Add
code-creation,Builtin,3,10460,0x557edb7d9d00,564,Subtract
code-creation,Builtin,3,10464,0x557edb7d9f40,848,Multiply
code-creation,Builtin,3,10466,0x557edb7da2c0,620,Divide
code-creation,Builtin,3,10477,0x557edb7da540,916,Modulus
code-creation,Builtin,3,10480,0x557edb7da900,556,Exponentiate
code-creation,Builtin,3,10491,0x557edb7dab40,464,Negate
code-creation,Builtin,3,10494,0x557edb7dad40,264,BitwiseNot
code-creation,Builtin,3,10497,0x557edb7dae80,148,Decrement
code-creation,Builtin,3,10499,0x557edb7daf40,148,Increment
code-creation,Builtin,3,10512,0x557edb7db000,676,ShiftLeft
code-creation,Builtin,3,10515,0x557edb7db2c0,676,ShiftRight
code-creation,Builtin,3,10526,0x557edb7db580,612,ShiftRightLogical
code-creation,Builtin,3,10530,0x557edb7db800,428,BitwiseAnd
code-creation,Builtin,3,10541,0x557edb7db9c0,428,BitwiseOr
code-creation,Builtin,3,10545,0x557edb7dbb80,428,BitwiseXor
code-creation,Builtin,3,10555,0x557edb7dbd40,888,LessThan
code-creation,Builtin,3,10559,0x557edb7dc0c0,888,LessThanOrEqual
code-creation,Builtin,3,10570,0x557edb7dc440,888,GreaterThan
code-creation,Builtin,3,10573,0x557edb7dc7c0,888,GreaterThanOrEqual
code-creation,Builtin,3,10577,0x557edb7dcb40,1036,Equal
code-creation,Builtin,3,10579,0x557edb7dcf80,472,StrictEqual
code-creation,Builtin,3,10589,0x557edb7dd180,3656,ObjectFromEntries
code-creation,Builtin,3,10593,0x557edb7de000,4164,GroupByGeneric
code-creation,Builtin,3,10596,0x557edb7df080,8760,ObjectGroupBy
code-creation,Builtin,3,10607,0x557edb7e12c0,964,CreateObjectWithoutProperties
code-creation,Builtin,3,10611,0x557edb7e16c0,140,ObjectIsExtensible
code-creation,Builtin,3,10638,0x557edb7e1780,144,ObjectPreventExtensions
code-creation,Builtin,3,10643,0x557edb7e1840,152,ObjectGetPrototypeOf
code-creation,Builtin,3,10645,0x557edb7e1900,276,ObjectSetPrototypeOf
code-creation,Builtin,3,10647,0x557edb7e1a40,88,ObjectPrototypeToString
code-creation,Builtin,3,10649,0x557edb7e1ac0,100,ObjectPrototypeValueOf
code-creation,Builtin,3,10650,0x557edb7e1b40,176,ObjectPrototypeToLocaleString
code-creation,Builtin,3,10653,0x557edb7e1c00,1448,FulfillPromise
code-creation,Builtin,3,10664,0x557edb7e21c0,1752,RejectPromise
code-creation,Builtin,3,10669,0x557edb7e28c0,1320,NewPromiseCapability
code-creation,Builtin,3,10680,0x557edb7e2e00,124,PromiseCapabilityDefaultReject
code-creation,Builtin,3,10685,0x557edb7e2e80,108,PromiseCapabilityDefaultResolve
code-creation,Builtin,3,10696,0x557edb7e2f00,1500,PerformPromiseThenFunction
code-creation,Builtin,3,10701,0x557edb7e3500,1324,PerformPromiseThen
code-creation,Builtin,3,10711,0x557edb7e3a40,484,PromiseReject
code-creation,Builtin,3,10715,0x557edb7e3c40,280,PromiseGetCapabilitiesExecutor
code-creation,Builtin,3,10725,0x557edb7e3d80,124,PromiseConstructorLazyDeoptContinuation
code-creation,Builtin,3,10730,0x557edb7e3e00,4128,PromiseAll
code-creation,Builtin,3,10740,0x557edb7e4e40,4180,PromiseAllSettled
code-creation,Builtin,3,10744,0x557edb7e5ec0,980,PromiseAllResolveElementClosure
code-creation,Builtin,3,10755,0x557edb7e62c0,1404,PromiseAllSettledResolveElementClosure
code-creation,Builtin,3,10759,0x557edb7e6840,1404,PromiseAllSettledRejectElementClosure
code-creation,Builtin,3,10770,0x557edb7e6dc0,1076,PromiseAnyRejectElementClosure
code-creation,Builtin,3,10775,0x557edb7e7200,2472,PromiseAny
code-creation,Builtin,3,10778,0x557edb7e7bc0,2104,PromiseConstructor
code-creation,Builtin,3,10787,0x557edb7e8400,268,PromisePrototypeCatch
code-creation,Builtin,3,10792,0x557edb7e8540,84,PromiseValueThunkFinally
code-creation,Builtin,3,10802,0x557edb7e85c0,76,PromiseThrowerFinally
code-creation,Builtin,3,10807,0x557edb7e8640,604,PromiseCatchFinally
code-creation,Builtin,3,10817,0x557edb7e88c0,604,PromiseThenFinally
code-creation,Builtin,3,10822,0x557edb7e8b40,1000,PromisePrototypeFinally
code-creation,Builtin,3,10833,0x557edb7e8f40,660,PromiseResolveThenableJob
code-creation,Builtin,3,10837,0x557edb7e9200,160,GetContinuationPreservedEmbedderData
code-creation,Builtin,3,10848,0x557edb7e92c0,88,SetContinuationPreservedEmbedderData
code-creation,Builtin,3,10853,0x557edb7e9340,184,AsyncAwaitNonThenableFastPath
code-creation,Builtin,3,10864,0x557edb7e9400,1676,PromiseRace
code-creation,Builtin,3,10868,0x557edb7e9ac0,440,PromiseFulfillReactionJob
code-creation,Builtin,3,10879,0x557edb7e9c80,536,PromiseRejectReactionJob
code-creation,Builtin,3,10883,0x557edb7e9ec0,148,PromiseResolveTrampoline
code-creation,Builtin,3,10894,0x557edb7e9f80,568,PromiseResolve
code-creation,Builtin,3,10898,0x557edb7ea1c0,776,ResolvePromise
code-creation,Builtin,3,10908,0x557edb7ea500,1972,PromisePrototypeThen
code-creation,Builtin,3,10912,0x557edb7eacc0,1876,PromiseTry
code-creation,Builtin,3,10929,0x557edb7eb440,348,PromiseWithResolvers
code-creation,Builtin,3,10934,0x557edb7eb5c0,616,ProxyConstructor
code-creation,Builtin,3,10943,0x557edb7eb840,2852,ProxyDeleteProperty
code-creation,Builtin,3,10948,0x557edb7ec380,2948,ProxyGetProperty
code-creation,Builtin,3,10958,0x557edb7ecf40,1068,ProxyGetPrototypeOf
code-creation,Builtin,3,10963,0x557edb7ed380,2672,ProxyHasProperty
code-creation,Builtin,3,10973,0x557edb7ede00,768,ProxyIsExtensible
code-creation,Builtin,3,10977,0x557edb7ee140,808,ProxyPreventExtensions
code-creation,Builtin,3,10988,0x557edb7ee480,656,ProxyRevocable
code-creation,Builtin,3,10992,0x557edb7ee740,120,ProxyRevoke
code-creation,Builtin,3,11003,0x557edb7ee7c0,3512,ProxySetProperty
code-creation,Builtin,3,11007,0x557edb7ef580,1320,ProxySetPrototypeOf
code-creation,Builtin,3,11017,0x557edb7efac0,176,ReflectIsExtensible
code-creation,Builtin,3,11022,0x557edb7efb80,180,ReflectPreventExtensions
code-creation,Builtin,3,11032,0x557edb7efc40,176,ReflectGetPrototypeOf
code-creation,Builtin,3,11037,0x557edb7efd00,264,ReflectSetPrototypeOf
code-creation,Builtin,3,11047,0x557edb7efe40,344,ReflectGet
code-creation,Builtin,3,11051,0x557edb7effc0,152,ReflectDeleteProperty
code-creation,Builtin,3,11061,0x557edb7f0080,148,ReflectHas
code-creation,Builtin,3,11066,0x557edb7f0140,4680,ReflectGetOwnPropertyDescriptor
code-creation,Builtin,3,11077,0x557edb7f13c0,8292,RegExpPrototypeExecSlow
code-creation,Builtin,3,11082,0x557edb7f3440,8516,RegExpPrototypeExec
code-creation,Builtin,3,11092,0x557edb7f55c0,2884,RegExpPrototypeMatchAll
code-creation,Builtin,3,11097,0x557edb7f6140,12908,RegExpStringIteratorPrototypeNext
code-creation,Builtin,3,11109,0x557edb7f93c0,16072,RegExpMatchFast
code-creation,Builtin,3,11124,0x557edb7fd2c0,3292,RegExpPrototypeMatch
code-creation,Builtin,3,11128,0x557edb7fdfc0,10804,RegExpReplace
code-creation,Builtin,3,11139,0x557edb800a00,532,RegExpPrototypeReplace
code-creation,Builtin,3,11144,0x557edb800c40,4532,RegExpSearchFast
code-creation,Builtin,3,11154,0x557edb801e00,1528,RegExpPrototypeSearch
code-creation,Builtin,3,11159,0x557edb802400,264,RegExpPrototypeSourceGetter
code-creation,Builtin,3,11170,0x557edb802540,10624,RegExpSplit
code-creation,Builtin,3,11175,0x557edb804f00,648,RegExpPrototypeSplit
code-creation,Builtin,3,11185,0x557edb8051c0,5352,RegExpPrototypeTest
code-creation,Builtin,3,11190,0x557edb8066c0,4484,RegExpPrototypeTestFast
code-creation,Builtin,3,11200,0x557edb807880,220,RegExpPrototypeGlobalGetter
code-creation,Builtin,3,11205,0x557edb807980,220,RegExpPrototypeIgnoreCaseGetter
code-creation,Builtin,3,11216,0x557edb807a80,224,RegExpPrototypeMultilineGetter
code-creation,Builtin,3,11221,0x557edb807b80,224,RegExpPrototypeHasIndicesGetter
code-creation,Builtin,3,11232,0x557edb807c80,224,RegExpPrototypeLinearGetter
code-creation,Builtin,3,11236,0x557edb807d80,224,RegExpPrototypeDotAllGetter
code-creation,Builtin,3,11238,0x557edb807e80,244,RegExpPrototypeStickyGetter
code-creation,Builtin,3,11240,0x557edb807f80,244,RegExpPrototypeUnicodeGetter
code-creation,Builtin,3,11250,0x557edb808080,224,RegExpPrototypeUnicodeSetsGetter
code-creation,Builtin,3,11255,0x557edb808180,2572,RegExpPrototypeFlagsGetter
code-creation,Builtin,3,11278,0x557edb808bc0,12532,SetPrototypeDifference
code-creation,Builtin,3,11282,0x557edb80bcc0,13568,SetPrototypeIntersection
code-creation,Builtin,3,11284,0x557edb80f200,3112,SetPrototypeIsDisjointFrom
code-creation,Builtin,3,11286,0x557edb80fe40,1860,SetPrototypeIsSubsetOf
code-creation,Builtin,3,11288,0x557edb8105c0,2320,SetPrototypeIsSupersetOf
code-creation,Builtin,3,11291,0x557edb810f00,12216,SetPrototypeSymmetricDifference
code-creation,Builtin,3,11301,0x557edb813ec0,9160,SetPrototypeUnion
code-creation,Builtin,3,11305,0x557edb8162c0,1260,StringPrototypeAt
code-creation,Builtin,3,11315,0x557edb8167c0,3804,StringPrototypeEndsWith
code-creation,Builtin,3,11320,0x557edb8176c0,484,CreateHTML
code-creation,Builtin,3,11330,0x557edb8178c0,296,StringPrototypeAnchor
code-creation,Builtin,3,11334,0x557edb817a00,156,StringPrototypeBig
code-creation,Builtin,3,11347,0x557edb817ac0,156,StringPrototypeBlink
code-creation,Builtin,3,11352,0x557edb817b80,156,StringPrototypeBold
code-creation,Builtin,3,11362,0x557edb817c40,296,StringPrototypeFontcolor
code-creation,Builtin,3,11367,0x557edb817d80,296,StringPrototypeFontsize
code-creation,Builtin,3,11377,0x557edb817ec0,156,StringPrototypeFixed
code-creation,Builtin,3,11382,0x557edb817f80,156,StringPrototypeItalics
code-creation,Builtin,3,11392,0x557edb818040,296,StringPrototypeLink
code-creation,Builtin,3,11397,0x557edb818180,156,StringPrototypeSmall
code-creation,Builtin,3,11407,0x557edb818240,156,StringPrototypeStrike
code-creation,Builtin,3,11411,0x557edb818300,156,StringPrototypeSub
code-creation,Builtin,3,11423,0x557edb8183c0,156,StringPrototypeSup
code-creation,Builtin,3,11428,0x557edb818480,972,StringPrototypeIncludes
code-creation,Builtin,3,11438,0x557edb818880,644,StringPrototypeIndexOf
code-creation,Builtin,3,11443,0x557edb818b40,668,StringPrototypeIsWellFormed
code-creation,Builtin,3,11453,0x557edb818e00,324,StringPrototypeIterator
code-creation,Builtin,3,11458,0x557edb818f80,1668,StringIteratorPrototypeNext
code-creation,Builtin,3,11468,0x557edb819640,1676,StringPrototypeMatch
code-creation,Builtin,3,11473,0x557edb819d00,1676,StringPrototypeSearch
code-creation,Builtin,3,11483,0x557edb81a3c0,796,StringPrototypePadStart
code-creation,Builtin,3,11487,0x557edb81a700,796,StringPrototypePadEnd
code-creation,Builtin,3,11497,0x557edb81aa40,156,StringRepeat
code-creation,Builtin,3,11502,0x557edb81ab00,392,StringPrototypeRepeat
code-creation,Builtin,3,11513,0x557edb81acc0,14864,StringPrototypeReplaceAll
code-creation,Builtin,3,11517,0x557edb81e700,4632,StringPrototypeSlice
code-creation,Builtin,3,11527,0x557edb81f940,3804,StringPrototypeStartsWith
code-creation,Builtin,3,11532,0x557edb820840,4492,StringPrototypeSubstr
code-creation,Builtin,3,11543,0x557edb821a00,4448,StringPrototypeSubstring
code-creation,Builtin,3,11548,0x557edb822b80,1028,StringPrototypeToWellFormed
code-creation,Builtin,3,11559,0x557edb822fc0,9028,StringPrototypeTrim
code-creation,Builtin,3,11563,0x557edb825340,8640,StringPrototypeTrimStart
code-creation,Builtin,3,11574,0x557edb827540,8008,StringPrototypeTrimEnd
code-creation,Builtin,3,11578,0x557edb8294c0,300,SuppressedErrorConstructor
code-creation,Builtin,3,11588,0x557edb829600,220,SymbolPrototypeDescriptionGetter
code-creation,Builtin,3,11593,0x557edb829700,212,SymbolPrototypeToPrimitive
code-creation,Builtin,3,11596,0x557edb829800,232,SymbolPrototypeToString
code-creation,Builtin,3,11598,0x557edb829900,212,SymbolPrototypeValueOf
code-creation,Builtin,3,11599,0x557edb829a00,1104,TypedArrayPrototypeAt
code-creation,Builtin,3,11601,0x557edb829e80,12808,CreateTypedArray
code-creation,Builtin,3,11605,0x557edb82d0c0,1676,TypedArrayPrototypeEvery
code-creation,Builtin,3,11615,0x557edb82d780,412,TypedArrayPrototypeEntries
code-creation,Builtin,3,11619,0x557edb82d940,4232,TypedArrayPrototypeFilter
code-creation,Builtin,3,11630,0x557edb82ea00,1676,TypedArrayPrototypeFind
code-creation,Builtin,3,11635,0x557edb82f0c0,1684,TypedArrayPrototypeFindIndex
code-creation,Builtin,3,11645,0x557edb82f780,1696,TypedArrayPrototypeFindLast
code-creation,Builtin,3,11649,0x557edb82fe40,1704,TypedArrayPrototypeFindLastIndex
code-creation,Builtin,3,11660,0x557edb830500,1552,TypedArrayPrototypeForEach
code-creation,Builtin,3,11665,0x557edb830b40,5076,TypedArrayFrom
code-creation,Builtin,3,11675,0x557edb831f40,412,TypedArrayPrototypeKeys
code-creation,Builtin,3,11680,0x557edb832100,1452,TypedArrayOf
code-creation,Builtin,3,11690,0x557edb8326c0,1704,TypedArrayPrototypeReduce
code-creation,Builtin,3,11696,0x557edb832d80,1656,TypedArrayPrototypeReduceRight
code-creation,Builtin,3,11706,0x557edb833400,3816,TypedArrayPrototypeSet
code-creation,Builtin,3,11710,0x557edb834300,3816,TypedArrayPrototypeSlice
code-creation,Builtin,3,11721,0x557edb835200,1676,TypedArrayPrototypeSome
code-creation,Builtin,3,11726,0x557edb8358c0,880,TypedArrayMergeSort
code-creation,Builtin,3,11736,0x557edb835c40,2204,TypedArrayPrototypeSort
code-creation,Builtin,3,11750,0x557edb836500,2792,TypedArrayPrototypeSubArray
code-creation,Builtin,3,11755,0x557edb837000,1560,TypedArrayPrototypeToReversed
code-creation,Builtin,3,11767,0x557edb837640,2984,TypedArrayPrototypeToSorted
code-creation,Builtin,3,11771,0x557edb838200,412,TypedArrayPrototypeValues
code-creation,Builtin,3,11782,0x557edb8383c0,3528,TypedArrayPrototypeWith
code-creation,Builtin,3,11787,0x557edb8391c0,1548,WeakRefConstructor
code-creation,Builtin,3,11789,0x557edb839800,184,WeakRefDeref
code-creation,Builtin,3,11798,0x557edb8398c0,716,NewSloppyArgumentsElements
code-creation,Builtin,3,11803,0x557edb839bc0,288,NewStrictArgumentsElements
code-creation,Builtin,3,11814,0x557edb839d00,372,NewRestArgumentsElements
code-creation,Builtin,3,11818,0x557edb839e80,1396,FastNewSloppyArguments
code-creation,Builtin,3,11829,0x557edb83a400,504,FastNewStrictArguments
code-creation,Builtin,3,11833,0x557edb83a600,556,FastNewRestArguments
code-creation,Builtin,3,11844,0x557edb83a840,256,LoadFromContextCell
code-creation,Builtin,3,11848,0x557edb83a980,2372,StoreCurrentContextElementBaseline
code-creation,Builtin,3,11859,0x557edb83b300,2448,StoreContextElementBaseline
code-creation,Builtin,3,11864,0x557edb83bcc0,316,DetachContextCell
code-creation,Builtin,3,11874,0x557edb83be00,736,StringSlowFlatten
code-creation,Builtin,3,11878,0x557edb83c100,2744,StringIndexOf
code-creation,Builtin,3,11891,0x557edb83cbc0,1896,TestTurbofanType
code-creation,Builtin,3,11902,0x557edb83d340,156,CheckTurbofanType
code-creation,Builtin,3,11907,0x557edb83d400,540,CheckTurboshaftWord32Type
code-creation,Builtin,3,11920,0x557edb83d640,928,CheckTurboshaftWord64Type
code-creation,Builtin,3,11925,0x557edb83da00,1012,CheckTurboshaftFloat32Type
code-creation,Builtin,3,11935,0x557edb83de00,1012,CheckTurboshaftFloat64Type
code-creation,Builtin,3,11940,0x557edb83e200,124,DebugPrintWord32
code-creation,Builtin,3,11951,0x557edb83e280,180,DebugPrintWord64
code-creation,Builtin,3,11955,0x557edb83e340,132,DebugPrintFloat32
code-creation,Builtin,3,11966,0x557edb83e400,176,DebugPrintFloat64
code-creation,Builtin,3,11971,0x557edb83e4c0,140,DebugPrintObject
code-creation,Builtin,3,11980,0x557edb83e580,4,GenericBuiltinTest_JSAny_0
code-creation,Builtin,3,11986,0x557edb83e5c0,8,TestHelperPlus1
code-creation,Builtin,3,11996,0x557edb83e600,8,TestHelperPlus2
code-creation,Builtin,3,12000,0x557edb83e640,16,ReturnTwoValues
code-creation,Builtin,3,12010,0x557edb83e680,28,ThrowAsBuiltin
code-creation,Builtin,3,12015,0x557edb83e6c0,84,TestCallNever
code-creation,Builtin,3,12025,0x557edb83e740,36,TestIncrementArraySpeciesModified
code-creation,Builtin,3,12031,0x557edb83e780,36,Load_FastSmiElements_0
code-creation,Builtin,3,12041,0x557edb83e7c0,36,Load_FastObjectElements_0
code-creation,Builtin,3,12046,0x557edb83e800,164,Load_FastDoubleElements_0
code-creation,Builtin,3,12056,0x557edb83e8c0,32,Store_FastSmiElements_0
code-creation,Builtin,3,12061,0x557edb83e900,96,Store_FastObjectElements_0
code-creation,Builtin,3,12072,0x557edb83e980,88,Store_FastDoubleElements_0
code-creation,Builtin,3,12077,0x557edb83ea00,40,Delete_FastSmiElements_0
code-creation,Builtin,3,12087,0x557edb83ea40,40,Delete_FastObjectElements_0
code-creation,Builtin,3,12092,0x557edb83ea80,44,Delete_FastDoubleElements_0
code-creation,Builtin,3,12103,0x557edb83eac0,196,SortCompareDefault
code-creation,Builtin,3,12108,0x557edb83ebc0,88,SortCompareUserFn
code-creation,Builtin,3,12118,0x557edb83ec40,8,CanUseSameAccessor_GenericElementsAccessor_0
code-creation,Builtin,3,12123,0x557edb83ec80,380,Copy
code-creation,Builtin,3,12133,0x557edb83ee00,6108,MergeAt
code-creation,Builtin,3,12137,0x557edb840600,904,GallopLeft
code-creation,Builtin,3,12147,0x557edb8409c0,972,GallopRight
code-creation,Builtin,3,12152,0x557edb840dc0,7140,ArrayPowerSort
code-creation,Builtin,3,12162,0x557edb8429c0,1764,ArrayPrototypeSort
code-creation,Builtin,3,12167,0x557edb8430c0,4768,StringFastLocaleCompare
code-creation,Builtin,3,12177,0x557edb844380,3384,JSToWasmWrapper
code-creation,Builtin,3,12182,0x557edb8450c0,3392,WasmPromising
code-creation,Builtin,3,12195,0x557edb845e40,3392,WasmStressSwitch
code-creation,Builtin,3,12199,0x557edb846bc0,2952,JSToWasmHandleReturns
code-creation,Builtin,3,12210,0x557edb847780,88,WasmInt32ToHeapNumber
code-creation,Builtin,3,12214,0x557edb847800,68,WasmInt32ToSharedHeapNumber
code-creation,Builtin,3,12225,0x557edb847880,116,WasmFuncRefToJS
code-creation,Builtin,3,12229,0x557edb847900,328,WasmTaggedNonSmiToInt32
code-creation,Builtin,3,12239,0x557edb847a80,308,WasmTaggedToFloat64
code-creation,Builtin,3,12244,0x557edb847bc0,100,WasmTaggedToFloat32
code-creation,Builtin,3,12254,0x557edb847c40,68,WasmMemoryGrow
code-creation,Builtin,3,12259,0x557edb847cc0,88,WasmTableInit
code-creation,Builtin,3,12282,0x557edb847d40,92,WasmTableCopy
code-creation,Builtin,3,12294,0x557edb847dc0,76,WasmTableFill
code-creation,Builtin,3,12299,0x557edb847e40,64,WasmTableGrow
code-creation,Builtin,3,12309,0x557edb847ec0,72,WasmTableGet
code-creation,Builtin,3,12314,0x557edb847f40,136,WasmTableSet
code-creation,Builtin,3,12325,0x557edb848000,148,WasmTableGetFuncRef
code-creation,Builtin,3,12330,0x557edb8480c0,48,WasmFunctionTableGet
code-creation,Builtin,3,12340,0x557edb848100,92,WasmTableSetFuncRef
code-creation,Builtin,3,12345,0x557edb848180,68,WasmRefFunc
code-creation,Builtin,3,12355,0x557edb848200,32,WasmInternalFunctionCreateExternal
code-creation,Builtin,3,12360,0x557edb848240,224,WasmAllocateZeroedFixedArray
code-creation,Builtin,3,12370,0x557edb848340,148,WasmAllocateFixedArray
code-creation,Builtin,3,12375,0x557edb848400,36,WasmLiftoffDeoptFinish
code-creation,Builtin,3,12386,0x557edb848440,44,WasmThrow
code-creation,Builtin,3,12390,0x557edb848480,40,WasmRethrow
code-creation,Builtin,3,12401,0x557edb8484c0,52,WasmThrowRef
code-creation,Builtin,3,12406,0x557edb848500,40,WasmRethrowExplicitContext
code-creation,Builtin,3,12416,0x557edb848540,40,WasmTriggerTierUp
code-creation,Builtin,3,12420,0x557edb848580,20,WasmGrowableStackGuard
code-creation,Builtin,3,12431,0x557edb8485c0,44,WasmStackGuard
code-creation,Builtin,3,12435,0x557edb848600,28,WasmStackGuardLoop
code-creation,Builtin,3,12446,0x557edb848640,28,WasmStackOverflow
code-creation,Builtin,3,12451,0x557edb848680,28,WasmTraceGlobal
code-creation,Builtin,3,12461,0x557edb8486c0,28,WasmTraceMemory
code-creation,Builtin,3,12466,0x557edb848700,28,WasmTraceEnter
code-creation,Builtin,3,12476,0x557edb848740,40,WasmTraceExit
code-creation,Builtin,3,12480,0x557edb848780,44,WasmConfigureAllPrototypesOpt
code-creation,Builtin,3,12484,0x557edb8487c0,712,WasmAllocateJSArray
code-creation,Builtin,3,12494,0x557edb848ac0,92,WasmAllocateStructWithRtt
code-creation,Builtin,3,12499,0x557edb848b40,52,WasmAllocateDescriptorStruct
code-creation,Builtin,3,12510,0x557edb848b80,132,WasmAllocateSharedStructWithRtt
code-creation,Builtin,3,12516,0x557edb848c40,120,WasmAllocateArray_Uninitialized
code-creation,Builtin,3,12526,0x557edb848cc0,164,WasmAllocateSharedArray_Uninitialized
code-creation,Builtin,3,12530,0x557edb848d80,96,WasmArrayNewSegment
code-creation,Builtin,3,12541,0x557edb848e00,180,WasmArrayInitSegment
code-creation,Builtin,3,12546,0x557edb848ec0,136,WasmArrayCopy
code-creation,Builtin,3,12556,0x557edb848f80,100,WasmUint32ToNumber
code-creation,Builtin,3,12561,0x557edb849000,132,UintPtr53ToNumber
code-creation,Builtin,3,12571,0x557edb8490c0,380,WasmI32AtomicWait
code-creation,Builtin,3,12576,0x557edb849240,288,WasmI64AtomicWait
code-creation,Builtin,3,12586,0x557edb849380,192,WasmManagedObjectWait32
code-creation,Builtin,3,12591,0x557edb849480,56,WasmManagedObjectWait64
code-creation,Builtin,3,12601,0x557edb8494c0,56,WasmManagedObjectWaitRef
code-creation,Builtin,3,12606,0x557edb849500,28,WasmWaitqueueNew
code-creation,Builtin,3,12616,0x557edb849540,1156,CallRefIC
code-creation,Builtin,3,12621,0x557edb849a00,1020,CallIndirectIC
code-creation,Builtin,3,12631,0x557edb849e00,92,WasmTrap
code-creation,Builtin,3,12636,0x557edb849e80,12,ThrowWasmTrapUnreachable
code-creation,Builtin,3,12646,0x557edb849ec0,80,WasmTrapHandlerThrowTrap
code-creation,Builtin,3,12651,0x557edb849f40,20,WasmPropagateException
code-creation,Builtin,3,12665,0x557edb849f80,12,ThrowWasmTrapMemOutOfBounds
code-creation,Builtin,3,12670,0x557edb849fc0,12,ThrowWasmTrapUnalignedAccess
code-creation,Builtin,3,12681,0x557edb84a000,12,ThrowWasmTrapDivByZero
code-creation,Builtin,3,12686,0x557edb84a040,12,ThrowWasmTrapDivUnrepresentable
code-creation,Builtin,3,12696,0x557edb84a080,12,ThrowWasmTrapRemByZero
code-creation,Builtin,3,12701,0x557edb84a0c0,12,ThrowWasmTrapFloatUnrepresentable
code-creation,Builtin,3,12711,0x557edb84a100,12,ThrowWasmTrapFuncSigMismatch
code-creation,Builtin,3,12716,0x557edb84a140,12,ThrowWasmTrapNullFunc
code-creation,Builtin,3,12727,0x557edb84a180,12,ThrowWasmTrapDataSegmentOutOfBounds
code-creation,Builtin,3,12732,0x557edb84a1c0,12,ThrowWasmTrapElementSegmentOutOfBounds
code-creation,Builtin,3,12743,0x557edb84a200,12,ThrowWasmTrapTableOutOfBounds
code-creation,Builtin,3,12747,0x557edb84a240,12,ThrowWasmTrapRethrowNull
code-creation,Builtin,3,12758,0x557edb84a280,12,ThrowWasmTrapNullDereference
code-creation,Builtin,3,12763,0x557edb84a2c0,12,ThrowWasmTrapIllegalCast
code-creation,Builtin,3,12773,0x557edb84a300,12,ThrowWasmTrapArrayOutOfBounds
code-creation,Builtin,3,12778,0x557edb84a340,12,ThrowWasmTrapArrayTooLarge
code-creation,Builtin,3,12790,0x557edb84a380,12,ThrowWasmTrapStringOffsetOutOfBounds
code-creation,Builtin,3,12803,0x557edb84a3c0,24,WasmTypeAssertionFailed
code-creation,Builtin,3,12807,0x557edb84a400,12,ThrowWasmTrapResume
code-creation,Builtin,3,12809,0x557edb84a440,12,ThrowWasmTrapSuspend
code-creation,Builtin,3,12819,0x557edb84a480,12,ThrowWasmTrapSwitch
code-creation,Builtin,3,12824,0x557edb84a4c0,476,WasmStringNewWtf8
code-creation,Builtin,3,12834,0x557edb84a6c0,160,WasmStringNewWtf8Array
code-creation,Builtin,3,12839,0x557edb84a780,476,WasmStringNewWtf16
code-creation,Builtin,3,12849,0x557edb84a980,1292,WasmStringNewWtf16Array
code-creation,Builtin,3,12853,0x557edb84aec0,144,WasmStringFromDataSegment
code-creation,Builtin,3,12864,0x557edb84af80,240,WasmStringAsWtf16
code-creation,Builtin,3,12869,0x557edb84b080,44,WasmStringConst
code-creation,Builtin,3,12879,0x557edb84b0c0,96,WasmStringMeasureUtf8
code-creation,Builtin,3,12902,0x557edb84b140,96,WasmStringMeasureWtf8
code-creation,Builtin,3,12917,0x557edb84b1c0,276,WasmStringEncodeWtf8
code-creation,Builtin,3,12921,0x557edb84b300,324,WasmStringEncodeWtf8Array
code-creation,Builtin,3,12924,0x557edb84b480,48,WasmStringToUtf8Array
code-creation,Builtin,3,12934,0x557edb84b4c0,228,WasmStringEncodeWtf16
code-creation,Builtin,3,12939,0x557edb84b5c0,1228,WasmStringEncodeWtf16Array
code-creation,Builtin,3,12950,0x557edb84bac0,60,ThrowToLowerCaseCalledOnNull
code-creation,Builtin,3,12955,0x557edb84bb00,60,ThrowIndexOfCalledOnNull
code-creation,Builtin,3,12965,0x557edb84bb40,48,ThrowDataViewTypeError
code-creation,Builtin,3,12970,0x557edb84bb80,44,ThrowDataViewDetachedError
code-creation,Builtin,3,12980,0x557edb84bbc0,44,ThrowDataViewOutOfBounds
code-creation,Builtin,3,12985,0x557edb84bc00,20,WasmStringConcat
code-creation,Builtin,3,12995,0x557edb84bc40,44,WasmStringAdd_NoMapCheck_Shared
code-creation,Builtin,3,13000,0x557edb84bc80,264,WasmStringEqual
code-creation,Builtin,3,13011,0x557edb84bdc0,120,WasmStringIsUSVSequence
code-creation,Builtin,3,13015,0x557edb84be40,40,WasmStringAsWtf8
code-creation,Builtin,3,13025,0x557edb84be80,212,WasmStringViewWtf8Advance
code-creation,Builtin,3,13031,0x557edb84bf80,708,WasmStringViewWtf8Encode
code-creation,Builtin,3,13041,0x557edb84c280,524,WasmStringViewWtf8Slice
code-creation,Builtin,3,13046,0x557edb84c4c0,480,WasmStringViewWtf16GetCodeUnit
code-creation,Builtin,3,13056,0x557edb84c6c0,264,WasmStringViewWtf16Encode
code-creation,Builtin,3,13060,0x557edb84c800,6072,WasmStringViewWtf16Slice
code-creation,Builtin,3,13064,0x557edb84dfc0,76,WasmStringSliceShared
code-creation,Builtin,3,13074,0x557edb84e040,88,WasmStringAsIter
code-creation,Builtin,3,13078,0x557edb84e0c0,1032,WasmStringCodePointAt
code-creation,Builtin,3,13081,0x557edb84e500,1048,WasmStringViewIterNext
code-creation,Builtin,3,13092,0x557edb84e940,1084,WasmStringViewIterAdvance
code-creation,Builtin,3,13107,0x557edb84ed80,1144,WasmStringViewIterRewind
code-creation,Builtin,3,13112,0x557edb84f200,4716,WasmStringViewIterSlice
code-creation,Builtin,3,13123,0x557edb850480,2076,WasmIntToString
code-creation,Builtin,3,13127,0x557edb850cc0,504,WasmStringToDouble
code-creation,Builtin,3,13131,0x557edb850ec0,280,WasmStringFromCodePoint
code-creation,Builtin,3,13134,0x557edb851000,36,WasmStringHash
code-creation,Builtin,3,13144,0x557edb851040,56,WasmAnyConvertExtern
code-creation,Builtin,3,13148,0x557edb851080,56,WasmAnyConvertExternShared
code-creation,Builtin,3,13152,0x557edb8510c0,456,WasmFastApiCallTypeCheckAndUpdateIC
code-creation,Builtin,3,13163,0x557edb8512c0,3712,WasmStringIndexOf
code-creation,Builtin,3,13167,0x557edb852180,84,WasmLiftoffIsEqRefUnshared
code-creation,Builtin,3,13170,0x557edb852200,68,WasmLiftoffIsArrayRefUnshared
code-creation,Builtin,3,13180,0x557edb852280,68,WasmLiftoffIsStructRefUnshared
code-creation,Builtin,3,13184,0x557edb852300,84,WasmLiftoffCastEqRefUnshared
code-creation,Builtin,3,13195,0x557edb852380,60,WasmLiftoffCastArrayRefUnshared
code-creation,Builtin,3,13201,0x557edb8523c0,60,WasmLiftoffCastStructRefUnshared
code-creation,Builtin,3,13211,0x557edb852400,116,WebAssemblyStringCast
code-creation,Builtin,3,13216,0x557edb852480,88,WebAssemblyStringTest
code-creation,Builtin,3,13234,0x557edb852500,364,WebAssemblyStringFromWtf16Array
code-creation,Builtin,3,13239,0x557edb852680,372,WebAssemblyStringFromWtf16ArrayShared
code-creation,Builtin,3,13250,0x557edb852800,376,WebAssemblyStringFromUtf8Array
code-creation,Builtin,3,13254,0x557edb852980,376,WebAssemblyStringFromUtf8ArrayShared
code-creation,Builtin,3,13276,0x557edb852b00,424,WebAssemblyStringIntoUtf8Array
code-creation,Builtin,3,13280,0x557edb852cc0,424,WebAssemblyStringIntoUtf8ArrayShared
code-creation,Builtin,3,13282,0x557edb852e80,136,WebAssemblyStringToUtf8Array
code-creation,Builtin,3,13284,0x557edb852f40,136,WebAssemblyStringToUtf8ArrayShared
code-creation,Builtin,3,13286,0x557edb853000,300,WebAssemblyStringToWtf16Array
code-creation,Builtin,3,13288,0x557edb853140,300,WebAssemblyStringToWtf16ArrayShared
code-creation,Builtin,3,13290,0x557edb853280,260,WebAssemblyStringFromCharCode
code-creation,Builtin,3,13292,0x557edb8533c0,176,WebAssemblyStringFromCharCodeShared
code-creation,Builtin,3,13294,0x557edb853480,320,WebAssemblyStringFromCodePoint
code-creation,Builtin,3,13298,0x557edb853600,144,WebAssemblyStringFromCodePointShared
code-creation,Builtin,3,13309,0x557edb8536c0,1160,WebAssemblyStringCodePointAt
code-creation,Builtin,3,13313,0x557edb853b80,648,WebAssemblyStringCharCodeAt
code-creation,Builtin,3,13324,0x557edb853e40,120,WebAssemblyStringLength
code-creation,Builtin,3,13329,0x557edb853ec0,132,WebAssemblyStringMeasureUtf8
code-creation,Builtin,3,13339,0x557edb853f80,144,WebAssemblyStringConcat
code-creation,Builtin,3,13344,0x557edb854040,376,WebAssemblyStringSubstring
code-creation,Builtin,3,13355,0x557edb8541c0,264,WebAssemblyStringEquals
code-creation,Builtin,3,13359,0x557edb854300,144,WebAssemblyStringCompare
code-creation,Builtin,3,13369,0x557edb8543c0,128,WebAssemblyConfigureAllPrototypes
code-creation,Builtin,3,13375,0x557edb854480,160,LoadJoinElement_GenericElementsAccessor_0
code-creation,Builtin,3,13386,0x557edb854540,120,LoadJoinTypedElement_Int32Elements_0
code-creation,Builtin,3,13391,0x557edb8545c0,308,LoadJoinTypedElement_Float16Elements_0
code-creation,Builtin,3,13401,0x557edb854700,112,LoadJoinTypedElement_Float32Elements_0
code-creation,Builtin,3,13406,0x557edb854780,108,LoadJoinTypedElement_Float64Elements_0
code-creation,Builtin,3,13417,0x557edb854800,28,LoadJoinTypedElement_Uint8ClampedElements_0
code-creation,Builtin,3,13422,0x557edb854840,188,LoadJoinTypedElement_BigUint64Elements_0
code-creation,Builtin,3,13433,0x557edb854900,232,LoadJoinTypedElement_BigInt64Elements_0
code-creation,Builtin,3,13438,0x557edb854a00,28,LoadJoinTypedElement_Uint8Elements_0
code-creation,Builtin,3,13449,0x557edb854a40,28,LoadJoinTypedElement_Int8Elements_0
code-creation,Builtin,3,13471,0x557edb854a80,28,LoadJoinTypedElement_Uint16Elements_0
code-creation,Builtin,3,13476,0x557edb854ac0,28,LoadJoinTypedElement_Int16Elements_0
code-creation,Builtin,3,13486,0x557edb854b00,124,LoadJoinTypedElement_Uint32Elements_0
code-creation,Builtin,3,13491,0x557edb854b80,8,GenericBuiltinTest_Smi_0
code-creation,Builtin,3,13501,0x557edb854bc0,28,CanUseSameAccessor_FastDoubleElements_0
code-creation,Builtin,3,13506,0x557edb854c00,28,CanUseSameAccessor_FastSmiElements_0
code-creation,Builtin,3,13517,0x557edb854c40,28,CanUseSameAccessor_FastObjectElements_0
code-creation,Builtin,3,13522,0x557edb854c80,24,LoadNoHasPropertyCheck_GenericElementsAccessor_0
code-creation,Builtin,3,13533,0x557edb854cc0,3704,Load_GenericElementsAccessor_0
code-creation,Builtin,3,13538,0x557edb855b40,28,Store_GenericElementsAccessor_0
code-creation,Builtin,3,13548,0x557edb855b80,32,Delete_GenericElementsAccessor_0
code-creation,Builtin,3,13554,0x557edb855bc0,120,LoadTypedElement_Int32Elements_0
code-creation,Builtin,3,13565,0x557edb855c40,204,StoreTypedElementNumeric_Int32Elements_0
code-creation,Builtin,3,13569,0x557edb855d40,536,StoreTypedElementJSAny_Int32Elements_0
code-creation,Builtin,3,13580,0x557edb855f80,308,LoadTypedElement_Float16Elements_0
code-creation,Builtin,3,13584,0x557edb8560c0,240,StoreTypedElementNumeric_Float16Elements_0
code-creation,Builtin,3,13596,0x557edb8561c0,840,StoreTypedElementJSAny_Float16Elements_0
code-creation,Builtin,3,13601,0x557edb856540,112,LoadTypedElement_Float32Elements_0
code-creation,Builtin,3,13604,0x557edb8565c0,36,StoreTypedElementNumeric_Float32Elements_0
code-creation,Builtin,3,13607,0x557edb856600,508,StoreTypedElementJSAny_Float32Elements_0
code-creation,Builtin,3,13609,0x557edb856800,108,LoadTypedElement_Float64Elements_0
code-creation,Builtin,3,13611,0x557edb856880,32,StoreTypedElementNumeric_Float64Elements_0
code-creation,Builtin,3,13622,0x557edb8568c0,508,StoreTypedElementJSAny_Float64Elements_0
code-creation,Builtin,3,13626,0x557edb856ac0,28,LoadTypedElement_Uint8ClampedElements_0
code-creation,Builtin,3,13637,0x557edb856b00,28,StoreTypedElementNumeric_Uint8ClampedElements_0
code-creation,Builtin,3,13651,0x557edb856b40,956,StoreTypedElementJSAny_Uint8ClampedElements_0
code-creation,Builtin,3,13665,0x557edb856f00,188,LoadTypedElement_BigUint64Elements_0
code-creation,Builtin,3,13670,0x557edb856fc0,76,StoreTypedElementNumeric_BigUint64Elements_0
code-creation,Builtin,3,13680,0x557edb857040,528,StoreTypedElementJSAny_BigUint64Elements_0
code-creation,Builtin,3,13685,0x557edb857280,232,LoadTypedElement_BigInt64Elements_0
code-creation,Builtin,3,13696,0x557edb857380,76,StoreTypedElementNumeric_BigInt64Elements_0
code-creation,Builtin,3,13701,0x557edb857400,528,StoreTypedElementJSAny_BigInt64Elements_0
code-creation,Builtin,3,13711,0x557edb857640,28,LoadTypedElement_Uint8Elements_0
code-creation,Builtin,3,13716,0x557edb857680,28,StoreTypedElementNumeric_Uint8Elements_0
code-creation,Builtin,3,13727,0x557edb8576c0,536,StoreTypedElementJSAny_Uint8Elements_0
code-creation,Builtin,3,13731,0x557edb857900,28,LoadTypedElement_Int8Elements_0
code-creation,Builtin,3,13742,0x557edb857940,28,StoreTypedElementNumeric_Int8Elements_0
code-creation,Builtin,3,13748,0x557edb857980,536,StoreTypedElementJSAny_Int8Elements_0
code-creation,Builtin,3,13758,0x557edb857bc0,28,LoadTypedElement_Uint16Elements_0
code-creation,Builtin,3,13763,0x557edb857c00,28,StoreTypedElementNumeric_Uint16Elements_0
code-creation,Builtin,3,13773,0x557edb857c40,536,StoreTypedElementJSAny_Uint16Elements_0
code-creation,Builtin,3,13778,0x557edb857e80,28,LoadTypedElement_Int16Elements_0
code-creation,Builtin,3,13789,0x557edb857ec0,28,StoreTypedElementNumeric_Int16Elements_0
code-creation,Builtin,3,13794,0x557edb857f00,536,StoreTypedElementJSAny_Int16Elements_0
code-creation,Builtin,3,13804,0x557edb858140,124,LoadTypedElement_Uint32Elements_0
code-creation,Builtin,3,13809,0x557edb8581c0,204,StoreTypedElementNumeric_Uint32Elements_0
code-creation,Builtin,3,13820,0x557edb8582c0,536,StoreTypedElementJSAny_Uint32Elements_0
code-creation,Builtin,3,13834,0x557edb858500,12,CollatorConstructor
code-creation,Builtin,3,13839,0x557edb858540,12,CollatorInternalCompare
code-creation,Builtin,3,13848,0x557edb858580,12,CollatorPrototypeCompare
code-creation,Builtin,3,13853,0x557edb8585c0,12,CollatorSupportedLocalesOf
code-creation,Builtin,3,13864,0x557edb858600,12,CollatorPrototypeResolvedOptions
code-creation,Builtin,3,13869,0x557edb858640,12,DatePrototypeToLocaleDateString
code-creation,Builtin,3,13879,0x557edb858680,12,DatePrototypeToLocaleString
code-creation,Builtin,3,13885,0x557edb8586c0,12,DatePrototypeToLocaleTimeString
code-creation,Builtin,3,13898,0x557edb858700,12,DateTimeFormatConstructor
code-creation,Builtin,3,13909,0x557edb858740,12,DateTimeFormatInternalFormat
code-creation,Builtin,3,13918,0x557edb858780,12,DateTimeFormatPrototypeFormat
code-creation,Builtin,3,13931,0x557edb8587c0,12,DateTimeFormatPrototypeFormatRange
code-creation,Builtin,3,13936,0x557edb858800,12,DateTimeFormatPrototypeFormatRangeToParts
code-creation,Builtin,3,13948,0x557edb858840,12,DateTimeFormatPrototypeFormatToParts
code-creation,Builtin,3,13952,0x557edb858880,12,DateTimeFormatPrototypeResolvedOptions
code-creation,Builtin,3,13963,0x557edb8588c0,12,DateTimeFormatSupportedLocalesOf
code-creation,Builtin,3,13968,0x557edb858900,12,DisplayNamesConstructor
code-creation,Builtin,3,13979,0x557edb858940,12,DisplayNamesPrototypeOf
code-creation,Builtin,3,13984,0x557edb858980,12,DisplayNamesPrototypeResolvedOptions
code-creation,Builtin,3,13995,0x557edb8589c0,12,DisplayNamesSupportedLocalesOf
code-creation,Builtin,3,14000,0x557edb858a00,12,DurationFormatConstructor
code-creation,Builtin,3,14012,0x557edb858a40,12,DurationFormatPrototypeFormat
code-creation,Builtin,3,14016,0x557edb858a80,12,DurationFormatPrototypeFormatToParts
code-creation,Builtin,3,14027,0x557edb858ac0,12,DurationFormatPrototypeResolvedOptions
code-creation,Builtin,3,14032,0x557edb858b00,12,DurationFormatSupportedLocalesOf
code-creation,Builtin,3,14043,0x557edb858b40,12,IntlGetCanonicalLocales
code-creation,Builtin,3,14047,0x557edb858b80,12,IntlSupportedValuesOf
code-creation,Builtin,3,14057,0x557edb858bc0,12,ListFormatConstructor
code-creation,Builtin,3,14062,0x557edb858c00,212,ListFormatPrototypeFormat
code-creation,Builtin,3,14073,0x557edb858d00,212,ListFormatPrototypeFormatToParts
code-creation,Builtin,3,14077,0x557edb858e00,12,ListFormatPrototypeResolvedOptions
code-creation,Builtin,3,14088,0x557edb858e40,12,ListFormatSupportedLocalesOf
code-creation,Builtin,3,14092,0x557edb858e80,12,LocaleConstructor
code-creation,Builtin,3,14102,0x557edb858ec0,12,LocalePrototypeBaseName
code-creation,Builtin,3,14107,0x557edb858f00,12,LocalePrototypeCalendar
code-creation,Builtin,3,14118,0x557edb858f40,12,LocalePrototypeCaseFirst
code-creation,Builtin,3,14122,0x557edb858f80,12,LocalePrototypeCollation
code-creation,Builtin,3,14133,0x557edb858fc0,12,LocalePrototypeFirstDayOfWeek
code-creation,Builtin,3,14138,0x557edb859000,12,LocalePrototypeGetCalendars
code-creation,Builtin,3,14149,0x557edb859040,12,LocalePrototypeGetCollations
code-creation,Builtin,3,14153,0x557edb859080,12,LocalePrototypeGetHourCycles
code-creation,Builtin,3,14164,0x557edb8590c0,12,LocalePrototypeGetNumberingSystems
code-creation,Builtin,3,14169,0x557edb859100,12,LocalePrototypeGetTimeZones
code-creation,Builtin,3,14180,0x557edb859140,12,LocalePrototypeGetTextInfo
code-creation,Builtin,3,14184,0x557edb859180,12,LocalePrototypeGetWeekInfo
code-creation,Builtin,3,14195,0x557edb8591c0,12,LocalePrototypeHourCycle
code-creation,Builtin,3,14199,0x557edb859200,12,LocalePrototypeLanguage
code-creation,Builtin,3,14210,0x557edb859240,12,LocalePrototypeMaximize
code-creation,Builtin,3,14215,0x557edb859280,12,LocalePrototypeMinimize
code-creation,Builtin,3,14225,0x557edb8592c0,12,LocalePrototypeNumeric
code-creation,Builtin,3,14229,0x557edb859300,12,LocalePrototypeNumberingSystem
code-creation,Builtin,3,14240,0x557edb859340,12,LocalePrototypeRegion
code-creation,Builtin,3,14245,0x557edb859380,12,LocalePrototypeScript
code-creation,Builtin,3,14255,0x557edb8593c0,12,LocalePrototypeToString
code-creation,Builtin,3,14283,0x557edb859400,12,LocalePrototypeVariants
code-creation,Builtin,3,14295,0x557edb859440,12,NumberFormatConstructor
code-creation,Builtin,3,14299,0x557edb859480,12,NumberFormatInternalFormatNumber
code-creation,Builtin,3,14301,0x557edb8594c0,12,NumberFormatPrototypeFormatNumber
code-creation,Builtin,3,14311,0x557edb859500,12,NumberFormatPrototypeFormatRange
code-creation,Builtin,3,14316,0x557edb859540,12,NumberFormatPrototypeFormatRangeToParts
code-creation,Builtin,3,14327,0x557edb859580,12,NumberFormatPrototypeFormatToParts
code-creation,Builtin,3,14331,0x557edb8595c0,12,NumberFormatPrototypeResolvedOptions
code-creation,Builtin,3,14334,0x557edb859600,12,NumberFormatSupportedLocalesOf
code-creation,Builtin,3,14344,0x557edb859640,12,PluralRulesConstructor
code-creation,Builtin,3,14349,0x557edb859680,12,PluralRulesPrototypeResolvedOptions
code-creation,Builtin,3,14360,0x557edb8596c0,12,PluralRulesPrototypeSelect
code-creation,Builtin,3,14364,0x557edb859700,12,PluralRulesPrototypeSelectRange
code-creation,Builtin,3,14367,0x557edb859740,12,PluralRulesSupportedLocalesOf
code-creation,Builtin,3,14377,0x557edb859780,12,RelativeTimeFormatConstructor
code-creation,Builtin,3,14381,0x557edb8597c0,12,RelativeTimeFormatPrototypeFormat
code-creation,Builtin,3,14393,0x557edb859800,12,RelativeTimeFormatPrototypeFormatToParts
code-creation,Builtin,3,14406,0x557edb859840,12,RelativeTimeFormatPrototypeResolvedOptions
code-creation,Builtin,3,14410,0x557edb859880,12,RelativeTimeFormatSupportedLocalesOf
code-creation,Builtin,3,14413,0x557edb8598c0,12,SegmenterConstructor
code-creation,Builtin,3,14424,0x557edb859900,12,SegmenterPrototypeResolvedOptions
code-creation,Builtin,3,14429,0x557edb859940,12,SegmenterPrototypeSegment
code-creation,Builtin,3,14440,0x557edb859980,12,SegmenterSupportedLocalesOf
code-creation,Builtin,3,14444,0x557edb8599c0,12,SegmentIteratorPrototypeNext
code-creation,Builtin,3,14455,0x557edb859a00,12,SegmentsPrototypeContaining
code-creation,Builtin,3,14459,0x557edb859a40,12,SegmentsPrototypeIterator
code-creation,Builtin,3,14470,0x557edb859a80,12,StringPrototypeLocaleCompareIntl
code-creation,Builtin,3,14474,0x557edb859ac0,12,StringPrototypeNormalizeIntl
code-creation,Builtin,3,14486,0x557edb859b00,1956,StringPrototypeToLocaleLowerCase
code-creation,Builtin,3,14490,0x557edb85a2c0,12,StringPrototypeToLocaleUpperCase
code-creation,Builtin,3,14501,0x557edb85a300,196,StringPrototypeToLowerCaseIntl
code-creation,Builtin,3,14505,0x557edb85a400,12,StringPrototypeToUpperCaseIntl
code-creation,Builtin,3,14516,0x557edb85a440,872,StringToLowerCaseIntl
code-creation,Builtin,3,14520,0x557edb85a7c0,872,WasmStringToLowerCaseIntl
code-creation,Builtin,3,14522,0x557edb85ab40,12,V8BreakIteratorConstructor
code-creation,Builtin,3,14532,0x557edb85ab80,12,V8BreakIteratorInternalAdoptText
code-creation,Builtin,3,14537,0x557edb85abc0,12,V8BreakIteratorInternalBreakType
code-creation,Builtin,3,14548,0x557edb85ac00,12,V8BreakIteratorInternalCurrent
code-creation,Builtin,3,14552,0x557edb85ac40,12,V8BreakIteratorInternalFirst
code-creation,Builtin,3,14563,0x557edb85ac80,12,V8BreakIteratorInternalNext
code-creation,Builtin,3,14567,0x557edb85acc0,12,V8BreakIteratorPrototypeAdoptText
code-creation,Builtin,3,14578,0x557edb85ad00,12,V8BreakIteratorPrototypeBreakType
code-creation,Builtin,3,14582,0x557edb85ad40,12,V8BreakIteratorPrototypeCurrent
code-creation,Builtin,3,14585,0x557edb85ad80,12,V8BreakIteratorPrototypeFirst
code-creation,Builtin,3,14595,0x557edb85adc0,12,V8BreakIteratorPrototypeNext
code-creation,Builtin,3,14599,0x557edb85ae00,12,V8BreakIteratorPrototypeResolvedOptions
code-creation,Builtin,3,14610,0x557edb85ae40,12,V8BreakIteratorSupportedLocalesOf
code-creation,Builtin,3,14644,0x557edb85ae80,12,TemporalNowInstant
code-creation,Builtin,3,14649,0x557edb85aec0,12,TemporalNowTimeZoneId
code-creation,Builtin,3,14658,0x557edb85af00,12,TemporalNowPlainDateTimeISO
code-creation,Builtin,3,14664,0x557edb85af40,12,TemporalNowZonedDateTimeISO
code-creation,Builtin,3,14675,0x557edb85af80,12,TemporalNowPlainDateISO
code-creation,Builtin,3,14690,0x557edb85afc0,12,TemporalNowPlainTimeISO
code-creation,Builtin,3,14695,0x557edb85b000,12,TemporalPlainDateConstructor
code-creation,Builtin,3,14705,0x557edb85b040,12,TemporalPlainDateFrom
code-creation,Builtin,3,14710,0x557edb85b080,12,TemporalPlainDateCompare
code-creation,Builtin,3,14721,0x557edb85b0c0,12,TemporalPlainDatePrototypeCalendarId
code-creation,Builtin,3,14725,0x557edb85b100,12,TemporalPlainDatePrototypeEra
code-creation,Builtin,3,14735,0x557edb85b140,12,TemporalPlainDatePrototypeEraYear
code-creation,Builtin,3,14741,0x557edb85b180,12,TemporalPlainDatePrototypeYear
code-creation,Builtin,3,14752,0x557edb85b1c0,12,TemporalPlainDatePrototypeMonth
code-creation,Builtin,3,14756,0x557edb85b200,12,TemporalPlainDatePrototypeMonthCode
code-creation,Builtin,3,14767,0x557edb85b240,12,TemporalPlainDatePrototypeDay
code-creation,Builtin,3,14772,0x557edb85b280,12,TemporalPlainDatePrototypeDayOfWeek
code-creation,Builtin,3,14783,0x557edb85b2c0,12,TemporalPlainDatePrototypeDayOfYear
code-creation,Builtin,3,14788,0x557edb85b300,12,TemporalPlainDatePrototypeWeekOfYear
code-creation,Builtin,3,14800,0x557edb85b340,12,TemporalPlainDatePrototypeYearOfWeek
code-creation,Builtin,3,14804,0x557edb85b380,12,TemporalPlainDatePrototypeDaysInWeek
code-creation,Builtin,3,14815,0x557edb85b3c0,12,TemporalPlainDatePrototypeDaysInMonth
code-creation,Builtin,3,14820,0x557edb85b400,12,TemporalPlainDatePrototypeDaysInYear
code-creation,Builtin,3,14830,0x557edb85b440,12,TemporalPlainDatePrototypeMonthsInYear
code-creation,Builtin,3,14835,0x557edb85b480,12,TemporalPlainDatePrototypeInLeapYear
code-creation,Builtin,3,14845,0x557edb85b4c0,12,TemporalPlainDatePrototypeToPlainYearMonth
code-creation,Builtin,3,14850,0x557edb85b500,12,TemporalPlainDatePrototypeToPlainMonthDay
code-creation,Builtin,3,14861,0x557edb85b540,12,TemporalPlainDatePrototypeAdd
code-creation,Builtin,3,14866,0x557edb85b580,12,TemporalPlainDatePrototypeSubtract
code-creation,Builtin,3,14877,0x557edb85b5c0,12,TemporalPlainDatePrototypeWith
code-creation,Builtin,3,14881,0x557edb85b600,12,TemporalPlainDatePrototypeWithCalendar
code-creation,Builtin,3,14892,0x557edb85b640,12,TemporalPlainDatePrototypeUntil
code-creation,Builtin,3,14897,0x557edb85b680,12,TemporalPlainDatePrototypeSince
code-creation,Builtin,3,14908,0x557edb85b6c0,12,TemporalPlainDatePrototypeEquals
code-creation,Builtin,3,14917,0x557edb85b700,12,TemporalPlainDatePrototypeToPlainDateTime
code-creation,Builtin,3,14929,0x557edb85b740,12,TemporalPlainDatePrototypeToZonedDateTime
code-creation,Builtin,3,14933,0x557edb85b780,12,TemporalPlainDatePrototypeToString
code-creation,Builtin,3,14944,0x557edb85b7c0,12,TemporalPlainDatePrototypeToLocaleString
code-creation,Builtin,3,14949,0x557edb85b800,12,TemporalPlainDatePrototypeToJSON
code-creation,Builtin,3,14960,0x557edb85b840,12,TemporalPlainDatePrototypeValueOf
code-creation,Builtin,3,14965,0x557edb85b880,12,TemporalPlainTimeConstructor
code-creation,Builtin,3,14975,0x557edb85b8c0,12,TemporalPlainTimeFrom
code-creation,Builtin,3,14981,0x557edb85b900,12,TemporalPlainTimeCompare
code-creation,Builtin,3,14992,0x557edb85b940,12,TemporalPlainTimePrototypeHour
code-creation,Builtin,3,14997,0x557edb85b980,12,TemporalPlainTimePrototypeMinute
code-creation,Builtin,3,15007,0x557edb85b9c0,12,TemporalPlainTimePrototypeSecond
code-creation,Builtin,3,15012,0x557edb85ba00,12,TemporalPlainTimePrototypeMillisecond
code-creation,Builtin,3,15023,0x557edb85ba40,12,TemporalPlainTimePrototypeMicrosecond
code-creation,Builtin,3,15027,0x557edb85ba80,12,TemporalPlainTimePrototypeNanosecond
code-creation,Builtin,3,15038,0x557edb85bac0,12,TemporalPlainTimePrototypeAdd
code-creation,Builtin,3,15043,0x557edb85bb00,12,TemporalPlainTimePrototypeSubtract
code-creation,Builtin,3,15053,0x557edb85bb40,12,TemporalPlainTimePrototypeWith
code-creation,Builtin,3,15058,0x557edb85bb80,12,TemporalPlainTimePrototypeUntil
code-creation,Builtin,3,15069,0x557edb85bbc0,12,TemporalPlainTimePrototypeSince
code-creation,Builtin,3,15074,0x557edb85bc00,12,TemporalPlainTimePrototypeRound
code-creation,Builtin,3,15089,0x557edb85bc40,12,TemporalPlainTimePrototypeEquals
code-creation,Builtin,3,15093,0x557edb85bc80,12,TemporalPlainTimePrototypeToString
code-creation,Builtin,3,15104,0x557edb85bcc0,12,TemporalPlainTimePrototypeToLocaleString
code-creation,Builtin,3,15109,0x557edb85bd00,12,TemporalPlainTimePrototypeToJSON
code-creation,Builtin,3,15120,0x557edb85bd40,12,TemporalPlainTimePrototypeValueOf
code-creation,Builtin,3,15124,0x557edb85bd80,12,TemporalPlainDateTimeConstructor
code-creation,Builtin,3,15135,0x557edb85bdc0,12,TemporalPlainDateTimeFrom
code-creation,Builtin,3,15139,0x557edb85be00,12,TemporalPlainDateTimeCompare
code-creation,Builtin,3,15150,0x557edb85be40,12,TemporalPlainDateTimePrototypeCalendarId
code-creation,Builtin,3,15155,0x557edb85be80,12,TemporalPlainDateTimePrototypeEra
code-creation,Builtin,3,15165,0x557edb85bec0,12,TemporalPlainDateTimePrototypeEraYear
code-creation,Builtin,3,15170,0x557edb85bf00,12,TemporalPlainDateTimePrototypeYear
code-creation,Builtin,3,15180,0x557edb85bf40,12,TemporalPlainDateTimePrototypeMonth
code-creation,Builtin,3,15186,0x557edb85bf80,12,TemporalPlainDateTimePrototypeMonthCode
code-creation,Builtin,3,15197,0x557edb85bfc0,12,TemporalPlainDateTimePrototypeDay
code-creation,Builtin,3,15202,0x557edb85c000,12,TemporalPlainDateTimePrototypeHour
code-creation,Builtin,3,15212,0x557edb85c040,12,TemporalPlainDateTimePrototypeMinute
code-creation,Builtin,3,15217,0x557edb85c080,12,TemporalPlainDateTimePrototypeSecond
code-creation,Builtin,3,15227,0x557edb85c0c0,12,TemporalPlainDateTimePrototypeMillisecond
code-creation,Builtin,3,15232,0x557edb85c100,12,TemporalPlainDateTimePrototypeMicrosecond
code-creation,Builtin,3,15243,0x557edb85c140,12,TemporalPlainDateTimePrototypeNanosecond
code-creation,Builtin,3,15247,0x557edb85c180,12,TemporalPlainDateTimePrototypeDayOfWeek
code-creation,Builtin,3,15258,0x557edb85c1c0,12,TemporalPlainDateTimePrototypeDayOfYear
code-creation,Builtin,3,15274,0x557edb85c200,12,TemporalPlainDateTimePrototypeWeekOfYear
code-creation,Builtin,3,15287,0x557edb85c240,12,TemporalPlainDateTimePrototypeYearOfWeek
code-creation,Builtin,3,15291,0x557edb85c280,12,TemporalPlainDateTimePrototypeDaysInWeek
code-creation,Builtin,3,15302,0x557edb85c2c0,12,TemporalPlainDateTimePrototypeDaysInMonth
code-creation,Builtin,3,15307,0x557edb85c300,12,TemporalPlainDateTimePrototypeDaysInYear
code-creation,Builtin,3,15318,0x557edb85c340,12,TemporalPlainDateTimePrototypeMonthsInYear
code-creation,Builtin,3,15323,0x557edb85c380,12,TemporalPlainDateTimePrototypeInLeapYear
code-creation,Builtin,3,15334,0x557edb85c3c0,12,TemporalPlainDateTimePrototypeWith
code-creation,Builtin,3,15338,0x557edb85c400,12,TemporalPlainDateTimePrototypeWithPlainTime
code-creation,Builtin,3,15349,0x557edb85c440,12,TemporalPlainDateTimePrototypeWithCalendar
code-creation,Builtin,3,15354,0x557edb85c480,12,TemporalPlainDateTimePrototypeAdd
code-creation,Builtin,3,15364,0x557edb85c4c0,12,TemporalPlainDateTimePrototypeSubtract
code-creation,Builtin,3,15369,0x557edb85c500,12,TemporalPlainDateTimePrototypeUntil
code-creation,Builtin,3,15380,0x557edb85c540,12,TemporalPlainDateTimePrototypeSince
code-creation,Builtin,3,15385,0x557edb85c580,12,TemporalPlainDateTimePrototypeRound
code-creation,Builtin,3,15395,0x557edb85c5c0,12,TemporalPlainDateTimePrototypeEquals
code-creation,Builtin,3,15400,0x557edb85c600,12,TemporalPlainDateTimePrototypeToString
code-creation,Builtin,3,15412,0x557edb85c640,12,TemporalPlainDateTimePrototypeToJSON
code-creation,Builtin,3,15416,0x557edb85c680,12,TemporalPlainDateTimePrototypeToLocaleString
code-creation,Builtin,3,15427,0x557edb85c6c0,12,TemporalPlainDateTimePrototypeValueOf
code-creation,Builtin,3,15432,0x557edb85c700,12,TemporalPlainDateTimePrototypeToZonedDateTime
code-creation,Builtin,3,15443,0x557edb85c740,12,TemporalPlainDateTimePrototypeToPlainDate
code-creation,Builtin,3,15447,0x557edb85c780,12,TemporalPlainDateTimePrototypeToPlainTime
code-creation,Builtin,3,15458,0x557edb85c7c0,12,TemporalZonedDateTimeConstructor
code-creation,Builtin,3,15463,0x557edb85c800,12,TemporalZonedDateTimeFrom
code-creation,Builtin,3,15476,0x557edb85c840,12,TemporalZonedDateTimeCompare
code-creation,Builtin,3,15481,0x557edb85c880,12,TemporalZonedDateTimePrototypeTimeZoneId
code-creation,Builtin,3,15492,0x557edb85c8c0,12,TemporalZonedDateTimePrototypeCalendarId
code-creation,Builtin,3,15497,0x557edb85c900,12,TemporalZonedDateTimePrototypeEra
code-creation,Builtin,3,15508,0x557edb85c940,12,TemporalZonedDateTimePrototypeEraYear
code-creation,Builtin,3,15512,0x557edb85c980,12,TemporalZonedDateTimePrototypeYear
code-creation,Builtin,3,15522,0x557edb85c9c0,12,TemporalZonedDateTimePrototypeMonth
code-creation,Builtin,3,15528,0x557edb85ca00,12,TemporalZonedDateTimePrototypeMonthCode
code-creation,Builtin,3,15539,0x557edb85ca40,12,TemporalZonedDateTimePrototypeDay
code-creation,Builtin,3,15544,0x557edb85ca80,12,TemporalZonedDateTimePrototypeHour
code-creation,Builtin,3,15555,0x557edb85cac0,12,TemporalZonedDateTimePrototypeMinute
code-creation,Builtin,3,15560,0x557edb85cb00,12,TemporalZonedDateTimePrototypeSecond
code-creation,Builtin,3,15570,0x557edb85cb40,12,TemporalZonedDateTimePrototypeMillisecond
code-creation,Builtin,3,15576,0x557edb85cb80,12,TemporalZonedDateTimePrototypeMicrosecond
code-creation,Builtin,3,15587,0x557edb85cbc0,12,TemporalZonedDateTimePrototypeNanosecond
code-creation,Builtin,3,15591,0x557edb85cc00,12,TemporalZonedDateTimePrototypeEpochMilliseconds
code-creation,Builtin,3,15594,0x557edb85cc40,12,TemporalZonedDateTimePrototypeEpochNanoseconds
code-creation,Builtin,3,15597,0x557edb85cc80,12,TemporalZonedDateTimePrototypeDayOfWeek
code-creation,Builtin,3,15599,0x557edb85ccc0,12,TemporalZonedDateTimePrototypeDayOfYear
code-creation,Builtin,3,15601,0x557edb85cd00,12,TemporalZonedDateTimePrototypeWeekOfYear
code-creation,Builtin,3,15611,0x557edb85cd40,12,TemporalZonedDateTimePrototypeYearOfWeek
code-creation,Builtin,3,15616,0x557edb85cd80,12,TemporalZonedDateTimePrototypeHoursInDay
code-creation,Builtin,3,15628,0x557edb85cdc0,12,TemporalZonedDateTimePrototypeDaysInWeek
code-creation,Builtin,3,15633,0x557edb85ce00,12,TemporalZonedDateTimePrototypeDaysInMonth
code-creation,Builtin,3,15643,0x557edb85ce40,12,TemporalZonedDateTimePrototypeDaysInYear
code-creation,Builtin,3,15648,0x557edb85ce80,12,TemporalZonedDateTimePrototypeMonthsInYear
code-creation,Builtin,3,15661,0x557edb85cec0,12,TemporalZonedDateTimePrototypeInLeapYear
code-creation,Builtin,3,15666,0x557edb85cf00,12,TemporalZonedDateTimePrototypeOffsetNanoseconds
code-creation,Builtin,3,15668,0x557edb85cf40,12,TemporalZonedDateTimePrototypeOffset
code-creation,Builtin,3,15679,0x557edb85cf80,12,TemporalZonedDateTimePrototypeWith
code-creation,Builtin,3,15683,0x557edb85cfc0,12,TemporalZonedDateTimePrototypeWithPlainTime
code-creation,Builtin,3,15695,0x557edb85d000,12,TemporalZonedDateTimePrototypeWithTimeZone
code-creation,Builtin,3,15700,0x557edb85d040,12,TemporalZonedDateTimePrototypeWithCalendar
code-creation,Builtin,3,15711,0x557edb85d080,12,TemporalZonedDateTimePrototypeAdd
code-creation,Builtin,3,15715,0x557edb85d0c0,12,TemporalZonedDateTimePrototypeSubtract
code-creation,Builtin,3,15727,0x557edb85d100,12,TemporalZonedDateTimePrototypeUntil
code-creation,Builtin,3,15740,0x557edb85d140,12,TemporalZonedDateTimePrototypeSince
code-creation,Builtin,3,15745,0x557edb85d180,12,TemporalZonedDateTimePrototypeRound
code-creation,Builtin,3,15754,0x557edb85d1c0,12,TemporalZonedDateTimePrototypeEquals
code-creation,Builtin,3,15759,0x557edb85d200,12,TemporalZonedDateTimePrototypeToString
code-creation,Builtin,3,15769,0x557edb85d240,12,TemporalZonedDateTimePrototypeToJSON
code-creation,Builtin,3,15775,0x557edb85d280,12,TemporalZonedDateTimePrototypeToLocaleString
code-creation,Builtin,3,15786,0x557edb85d2c0,12,TemporalZonedDateTimePrototypeValueOf
code-creation,Builtin,3,15791,0x557edb85d300,12,TemporalZonedDateTimePrototypeStartOfDay
code-creation,Builtin,3,15802,0x557edb85d340,12,TemporalZonedDateTimePrototypeGetTimeZoneTransition
code-creation,Builtin,3,15807,0x557edb85d380,12,TemporalZonedDateTimePrototypeToInstant
code-creation,Builtin,3,15818,0x557edb85d3c0,12,TemporalZonedDateTimePrototypeToPlainDate
code-creation,Builtin,3,15832,0x557edb85d400,12,TemporalZonedDateTimePrototypeToPlainTime
code-creation,Builtin,3,15838,0x557edb85d440,12,TemporalZonedDateTimePrototypeToPlainDateTime
code-creation,Builtin,3,15848,0x557edb85d480,12,TemporalDurationConstructor
code-creation,Builtin,3,15853,0x557edb85d4c0,12,TemporalDurationFrom
code-creation,Builtin,3,15863,0x557edb85d500,12,TemporalDurationCompare
code-creation,Builtin,3,15868,0x557edb85d540,12,TemporalDurationPrototypeYears
code-creation,Builtin,3,15878,0x557edb85d580,12,TemporalDurationPrototypeMonths
code-creation,Builtin,3,15883,0x557edb85d5c0,12,TemporalDurationPrototypeWeeks
code-creation,Builtin,3,15895,0x557edb85d600,12,TemporalDurationPrototypeDays
code-creation,Builtin,3,15899,0x557edb85d640,12,TemporalDurationPrototypeHours
code-creation,Builtin,3,15911,0x557edb85d680,12,TemporalDurationPrototypeMinutes
code-creation,Builtin,3,15919,0x557edb85d6c0,12,TemporalDurationPrototypeSeconds
code-creation,Builtin,3,15930,0x557edb85d700,12,TemporalDurationPrototypeMilliseconds
code-creation,Builtin,3,15935,0x557edb85d740,12,TemporalDurationPrototypeMicroseconds
code-creation,Builtin,3,15945,0x557edb85d780,12,TemporalDurationPrototypeNanoseconds
code-creation,Builtin,3,15950,0x557edb85d7c0,12,TemporalDurationPrototypeSign
code-creation,Builtin,3,15961,0x557edb85d800,12,TemporalDurationPrototypeBlank
code-creation,Builtin,3,15966,0x557edb85d840,12,TemporalDurationPrototypeWith
code-creation,Builtin,3,15976,0x557edb85d880,12,TemporalDurationPrototypeNegated
code-creation,Builtin,3,15980,0x557edb85d8c0,12,TemporalDurationPrototypeAbs
code-creation,Builtin,3,15992,0x557edb85d900,12,TemporalDurationPrototypeAdd
code-creation,Builtin,3,15997,0x557edb85d940,12,TemporalDurationPrototypeSubtract
code-creation,Builtin,3,16007,0x557edb85d980,12,TemporalDurationPrototypeRound
code-creation,Builtin,3,16012,0x557edb85d9c0,12,TemporalDurationPrototypeTotal
code-creation,Builtin,3,16022,0x557edb85da00,12,TemporalDurationPrototypeToString
code-creation,Builtin,3,16027,0x557edb85da40,12,TemporalDurationPrototypeToJSON
code-creation,Builtin,3,16038,0x557edb85da80,12,TemporalDurationPrototypeToLocaleString
code-creation,Builtin,3,16042,0x557edb85dac0,12,TemporalDurationPrototypeValueOf
code-creation,Builtin,3,16053,0x557edb85db00,12,TemporalInstantConstructor
code-creation,Builtin,3,16057,0x557edb85db40,12,TemporalInstantFrom
code-creation,Builtin,3,16068,0x557edb85db80,12,TemporalInstantFromEpochMilliseconds
code-creation,Builtin,3,16072,0x557edb85dbc0,12,TemporalInstantFromEpochNanoseconds
code-creation,Builtin,3,16083,0x557edb85dc00,12,TemporalInstantCompare
code-creation,Builtin,3,16087,0x557edb85dc40,12,TemporalInstantPrototypeEpochMilliseconds
code-creation,Builtin,3,16098,0x557edb85dc80,12,TemporalInstantPrototypeEpochNanoseconds
code-creation,Builtin,3,16103,0x557edb85dcc0,12,TemporalInstantPrototypeAdd
code-creation,Builtin,3,16113,0x557edb85dd00,12,TemporalInstantPrototypeSubtract
code-creation,Builtin,3,16118,0x557edb85dd40,12,TemporalInstantPrototypeUntil
code-creation,Builtin,3,16129,0x557edb85dd80,12,TemporalInstantPrototypeSince
code-creation,Builtin,3,16133,0x557edb85ddc0,12,TemporalInstantPrototypeRound
code-creation,Builtin,3,16144,0x557edb85de00,12,TemporalInstantPrototypeEquals
code-creation,Builtin,3,16150,0x557edb85de40,12,TemporalInstantPrototypeToString
code-creation,Builtin,3,16160,0x557edb85de80,12,TemporalInstantPrototypeToJSON
code-creation,Builtin,3,16166,0x557edb85dec0,12,TemporalInstantPrototypeToLocaleString
code-creation,Builtin,3,16177,0x557edb85df00,12,TemporalInstantPrototypeValueOf
code-creation,Builtin,3,16182,0x557edb85df40,12,TemporalInstantPrototypeToZonedDateTimeISO
code-creation,Builtin,3,16193,0x557edb85df80,12,TemporalPlainYearMonthConstructor
code-creation,Builtin,3,16197,0x557edb85dfc0,12,TemporalPlainYearMonthFrom
code-creation,Builtin,3,16208,0x557edb85e000,12,TemporalPlainYearMonthCompare
code-creation,Builtin,3,16213,0x557edb85e040,12,TemporalPlainYearMonthPrototypeCalendarId
code-creation,Builtin,3,16227,0x557edb85e080,12,TemporalPlainYearMonthPrototypeEra
code-creation,Builtin,3,16231,0x557edb85e0c0,12,TemporalPlainYearMonthPrototypeEraYear
code-creation,Builtin,3,16242,0x557edb85e100,12,TemporalPlainYearMonthPrototypeYear
code-creation,Builtin,3,16247,0x557edb85e140,12,TemporalPlainYearMonthPrototypeMonth
code-creation,Builtin,3,16258,0x557edb85e180,12,TemporalPlainYearMonthPrototypeMonthCode
code-creation,Builtin,3,16275,0x557edb85e1c0,12,TemporalPlainYearMonthPrototypeDaysInYear
code-creation,Builtin,3,16288,0x557edb85e200,12,TemporalPlainYearMonthPrototypeDaysInMonth
code-creation,Builtin,3,16292,0x557edb85e240,12,TemporalPlainYearMonthPrototypeMonthsInYear
code-creation,Builtin,3,16295,0x557edb85e280,12,TemporalPlainYearMonthPrototypeInLeapYear
code-creation,Builtin,3,16306,0x557edb85e2c0,12,TemporalPlainYearMonthPrototypeWith
code-creation,Builtin,3,16311,0x557edb85e300,12,TemporalPlainYearMonthPrototypeAdd
code-creation,Builtin,3,16322,0x557edb85e340,12,TemporalPlainYearMonthPrototypeSubtract
code-creation,Builtin,3,16327,0x557edb85e380,12,TemporalPlainYearMonthPrototypeUntil
code-creation,Builtin,3,16338,0x557edb85e3c0,12,TemporalPlainYearMonthPrototypeSince
code-creation,Builtin,3,16342,0x557edb85e400,12,TemporalPlainYearMonthPrototypeEquals
code-creation,Builtin,3,16353,0x557edb85e440,12,TemporalPlainYearMonthPrototypeToString
code-creation,Builtin,3,16358,0x557edb85e480,12,TemporalPlainYearMonthPrototypeToJSON
code-creation,Builtin,3,16368,0x557edb85e4c0,12,TemporalPlainYearMonthPrototypeToLocaleString
code-creation,Builtin,3,16373,0x557edb85e500,12,TemporalPlainYearMonthPrototypeValueOf
code-creation,Builtin,3,16383,0x557edb85e540,12,TemporalPlainYearMonthPrototypeToPlainDate
code-creation,Builtin,3,16388,0x557edb85e580,12,TemporalPlainMonthDayConstructor
code-creation,Builtin,3,16398,0x557edb85e5c0,12,TemporalPlainMonthDayFrom
code-creation,Builtin,3,16404,0x557edb85e600,12,TemporalPlainMonthDayPrototypeCalendarId
code-creation,Builtin,3,16415,0x557edb85e640,12,TemporalPlainMonthDayPrototypeMonthCode
code-creation,Builtin,3,16420,0x557edb85e680,12,TemporalPlainMonthDayPrototypeDay
code-creation,Builtin,3,16430,0x557edb85e6c0,12,TemporalPlainMonthDayPrototypeWith
code-creation,Builtin,3,16435,0x557edb85e700,12,TemporalPlainMonthDayPrototypeEquals
code-creation,Builtin,3,16446,0x557edb85e740,12,TemporalPlainMonthDayPrototypeToString
code-creation,Builtin,3,16451,0x557edb85e780,12,TemporalPlainMonthDayPrototypeToJSON
code-creation,Builtin,3,16461,0x557edb85e7c0,12,TemporalPlainMonthDayPrototypeToLocaleString
code-creation,Builtin,3,16466,0x557edb85e800,12,TemporalPlainMonthDayPrototypeValueOf
code-creation,Builtin,3,16477,0x557edb85e840,12,TemporalPlainMonthDayPrototypeToPlainDate
code-creation,Builtin,3,16481,0x557edb85e880,12,DatePrototypeToTemporalInstant
code-creation,BytecodeHandler,0,16499,0x557edb85e8c0,24,Wide
code-creation,BytecodeHandler,0,16511,0x557edb85e900,24,ExtraWide
code-creation,BytecodeHandler,0,16515,0x557edb85e940,96,DebugBreakWide
code-creation,BytecodeHandler,0,16526,0x557edb85e9c0,96,DebugBreakExtraWide
code-creation,BytecodeHandler,0,16538,0x557edb85ea40,152,DebugBreak0
code-creation,BytecodeHandler,0,16543,0x557edb85eb00,96,DebugBreak1
code-creation,BytecodeHandler,0,16554,0x557edb85eb80,96,DebugBreak2
code-creation,BytecodeHandler,0,16558,0x557edb85ec00,96,DebugBreak3
code-creation,BytecodeHandler,0,16568,0x557edb85ec80,96,DebugBreak4
code-creation,BytecodeHandler,0,16573,0x557edb85ed00,96,DebugBreak5
code-creation,BytecodeHandler,0,16584,0x557edb85ed80,96,DebugBreak6
code-creation,BytecodeHandler,0,16589,0x557edb85ee00,36,Ldar
code-creation,BytecodeHandler,0,16599,0x557edb85ee40,64,LdaZero
code-creation,BytecodeHandler,0,16603,0x557edb85eec0,68,LdaSmi
code-creation,BytecodeHandler,0,16614,0x557edb85ef40,64,LdaUndefined
code-creation,BytecodeHandler,0,16619,0x557edb85efc0,64,LdaNull
code-creation,BytecodeHandler,0,16630,0x557edb85f040,72,LdaTheHole
code-creation,BytecodeHandler,0,16634,0x557edb85f0c0,72,LdaTdzHole
code-creation,BytecodeHandler,0,16644,0x557edb85f140,24,LdaTrue
code-creation,BytecodeHandler,0,16659,0x557edb85f180,24,LdaFalse
code-creation,BytecodeHandler,0,16663,0x557edb85f1c0,80,LdaConstant
code-creation,BytecodeHandler,0,16673,0x557edb85f240,160,LdaContextSlotNoCell
code-creation,BytecodeHandler,0,16677,0x557edb85f300,428,LdaContextSlot
code-creation,BytecodeHandler,0,16689,0x557edb85f4c0,160,LdaImmutableContextSlot
code-creation,BytecodeHandler,0,16693,0x557edb85f580,88,LdaCurrentContextSlotNoCell
code-creation,BytecodeHandler,0,16704,0x557edb85f600,356,LdaCurrentContextSlot
code-creation,BytecodeHandler,0,16708,0x557edb85f780,88,LdaImmutableCurrentContextSlot
code-creation,BytecodeHandler,0,16720,0x557edb85f800,36,Star
code-creation,BytecodeHandler,0,16724,0x557edb85f840,44,Mov
code-creation,BytecodeHandler,0,16736,0x557edb85f880,44,PushContext
code-creation,BytecodeHandler,0,16740,0x557edb85f8c0,40,PopContext
code-creation,BytecodeHandler,0,16751,0x557edb85f900,48,TestReferenceEqual
code-creation,BytecodeHandler,0,16756,0x557edb85f940,56,TestUndetectable
code-creation,BytecodeHandler,0,16766,0x557edb85f980,40,TestNull
code-creation,BytecodeHandler,0,16770,0x557edb85f9c0,40,TestUndefined
code-creation,BytecodeHandler,0,16782,0x557edb85fa00,312,TestTypeOf
code-creation,BytecodeHandler,0,16786,0x557edb85fb40,5012,LdaGlobal
code-creation,BytecodeHandler,0,16797,0x557edb860f00,3884,LdaGlobalInsideTypeof
code-creation,BytecodeHandler,0,16802,0x557edb861e40,132,StaGlobal
code-creation,BytecodeHandler,0,16813,0x557edb861f00,180,StaContextSlotNoCell
code-creation,BytecodeHandler,0,16818,0x557edb861fc0,112,StaCurrentContextSlotNoCell
code-creation,BytecodeHandler,0,16828,0x557edb862040,2588,StaContextSlot
code-creation,BytecodeHandler,0,16832,0x557edb862a80,2652,StaCurrentContextSlot
code-creation,BytecodeHandler,0,16843,0x557edb863500,124,LdaLookupSlot
code-creation,BytecodeHandler,0,16847,0x557edb863580,284,LdaLookupContextSlotNoCell
code-creation,BytecodeHandler,0,16857,0x557edb8636c0,592,LdaLookupContextSlot
code-creation,BytecodeHandler,0,16862,0x557edb863940,4256,LdaLookupGlobalSlot
code-creation,BytecodeHandler,0,16873,0x557edb864a00,124,LdaLookupSlotInsideTypeof
code-creation,BytecodeHandler,0,16878,0x557edb864a80,284,LdaLookupContextSlotNoCellInsideTypeof
code-creation,BytecodeHandler,0,16888,0x557edb864bc0,592,LdaLookupContextSlotInsideTypeof
code-creation,BytecodeHandler,0,16893,0x557edb864e40,4124,LdaLookupGlobalSlotInsideTypeof
code-creation,BytecodeHandler,0,16904,0x557edb865e80,208,StaLookupSlot
code-creation,BytecodeHandler,0,16909,0x557edb865f80,4216,GetNamedProperty
code-creation,BytecodeHandler,0,16912,0x557edb867000,156,GetNamedPropertyFromSuper
code-creation,BytecodeHandler,0,16920,0x557edb8670c0,152,GetKeyedProperty
code-creation,BytecodeHandler,0,16922,0x557edb867180,140,GetEnumeratedKeyedProperty
code-creation,BytecodeHandler,0,16932,0x557edb867240,212,GetPrivateField
code-creation,BytecodeHandler,0,16936,0x557edb867340,200,LdaModuleVariable
code-creation,BytecodeHandler,0,16947,0x557edb867440,312,StaModuleVariable
code-creation,BytecodeHandler,0,16951,0x557edb867580,152,SetNamedProperty
code-creation,BytecodeHandler,0,16962,0x557edb867640,152,DefineNamedOwnProperty
code-creation,BytecodeHandler,0,16967,0x557edb867700,136,SetKeyedProperty
code-creation,BytecodeHandler,0,16977,0x557edb8677c0,144,DefineKeyedOwnProperty
code-creation,BytecodeHandler,0,16982,0x557edb867880,136,StaInArrayLiteral
code-creation,BytecodeHandler,0,16992,0x557edb867940,164,DefineKeyedOwnPropertyInLiteral
code-creation,BytecodeHandler,0,16997,0x557edb867a00,180,SetPrototypeProperties
code-creation,BytecodeHandler,0,17007,0x557edb867ac0,216,SetPrivateField
code-creation,BytecodeHandler,0,17012,0x557edb867bc0,2052,Add
code-creation,BytecodeHandler,0,17023,0x557edb868400,1508,Sub
code-creation,BytecodeHandler,0,17027,0x557edb868a00,1696,Mul
code-creation,BytecodeHandler,0,17037,0x557edb8690c0,1608,Div
code-creation,BytecodeHandler,0,17041,0x557edb869740,1692,Mod
code-creation,BytecodeHandler,0,17052,0x557edb869e00,928,Exp
code-creation,BytecodeHandler,0,17056,0x557edb86a1c0,2080,BitwiseOr
code-creation,BytecodeHandler,0,17071,0x557edb86aa00,2080,BitwiseXor
code-creation,BytecodeHandler,0,17076,0x557edb86b240,2080,BitwiseAnd
code-creation,BytecodeHandler,0,17086,0x557edb86ba80,1496,ShiftLeft
code-creation,BytecodeHandler,0,17090,0x557edb86c080,1496,ShiftRight
code-creation,BytecodeHandler,0,17101,0x557edb86c680,1376,ShiftRightLogical
code-creation,BytecodeHandler,0,17105,0x557edb86cc00,3856,Add_StringConstant_Internalize
code-creation,BytecodeHandler,0,17116,0x557edb86db40,716,AddSmi
code-creation,BytecodeHandler,0,17120,0x557edb86de40,612,SubSmi
code-creation,BytecodeHandler,0,17130,0x557edb86e0c0,752,MulSmi
code-creation,BytecodeHandler,0,17134,0x557edb86e3c0,700,DivSmi
code-creation,BytecodeHandler,0,17144,0x557edb86e680,684,ModSmi
code-creation,BytecodeHandler,0,17148,0x557edb86e940,636,ExpSmi
code-creation,BytecodeHandler,0,17152,0x557edb86ebc0,660,BitwiseOrSmi
code-creation,BytecodeHandler,0,17161,0x557edb86ee80,660,BitwiseXorSmi
code-creation,BytecodeHandler,0,17165,0x557edb86f140,660,BitwiseAndSmi
code-creation,BytecodeHandler,0,17177,0x557edb86f400,804,ShiftLeftSmi
code-creation,BytecodeHandler,0,17181,0x557edb86f740,664,ShiftRightSmi
code-creation,BytecodeHandler,0,17191,0x557edb86fa00,812,ShiftRightLogicalSmi
code-creation,BytecodeHandler,0,17197,0x557edb86fd40,720,Inc
code-creation,BytecodeHandler,0,17208,0x557edb870040,724,Dec
code-creation,BytecodeHandler,0,17211,0x557edb870340,712,Negate
code-creation,BytecodeHandler,0,17214,0x557edb870640,676,BitwiseNot
code-creation,BytecodeHandler,0,17224,0x557edb870900,112,ToBooleanLogicalNot
code-creation,BytecodeHandler,0,17229,0x557edb870980,40,LogicalNot
code-creation,BytecodeHandler,0,17239,0x557edb8709c0,592,TypeOf
code-creation,BytecodeHandler,0,17244,0x557edb870c40,108,DeletePropertyStrict
code-creation,BytecodeHandler,0,17254,0x557edb870cc0,104,DeletePropertySloppy
code-creation,BytecodeHandler,0,17259,0x557edb870d40,44,GetSuperConstructor
code-creation,BytecodeHandler,0,17284,0x557edb870d80,388,FindNonDefaultConstructorOrConstruct
code-creation,BytecodeHandler,0,17298,0x557edb870f40,1104,CallAnyReceiver
code-creation,BytecodeHandler,0,17302,0x557edb8713c0,1104,CallProperty
code-creation,BytecodeHandler,0,17312,0x557edb871840,920,CallProperty0
code-creation,BytecodeHandler,0,17316,0x557edb871c00,932,CallProperty1
code-creation,BytecodeHandler,0,17326,0x557edb871fc0,940,CallProperty2
code-creation,BytecodeHandler,0,17331,0x557edb872380,972,CallUndefinedReceiver
code-creation,BytecodeHandler,0,17342,0x557edb872780,908,CallUndefinedReceiver0
code-creation,BytecodeHandler,0,17348,0x557edb872b40,932,CallUndefinedReceiver1
code-creation,BytecodeHandler,0,17358,0x557edb872f00,948,CallUndefinedReceiver2
code-creation,BytecodeHandler,0,17363,0x557edb8732c0,1104,CallWithSpread
code-creation,BytecodeHandler,0,17373,0x557edb873740,124,CallRuntime
code-creation,BytecodeHandler,0,17377,0x557edb8737c0,140,CallRuntimeForPair
code-creation,BytecodeHandler,0,17388,0x557edb873880,88,CallJSRuntime
code-creation,BytecodeHandler,0,17393,0x557edb873900,1380,InvokeIntrinsic
code-creation,BytecodeHandler,0,17404,0x557edb873e80,1164,Construct
code-creation,BytecodeHandler,0,17409,0x557edb874340,424,ConstructWithSpread
code-creation,BytecodeHandler,0,17420,0x557edb874500,988,ConstructForwardAllArgs
code-creation,BytecodeHandler,0,17425,0x557edb874900,2144,TestEqual
code-creation,BytecodeHandler,0,17436,0x557edb875180,1284,TestEqualStrict
code-creation,BytecodeHandler,0,17440,0x557edb8756c0,2008,TestLessThan
code-creation,BytecodeHandler,0,17450,0x557edb875ec0,2008,TestGreaterThan
code-creation,BytecodeHandler,0,17455,0x557edb8766c0,2008,TestLessThanOrEqual
code-creation,BytecodeHandler,0,17466,0x557edb876ec0,2008,TestGreaterThanOrEqual
code-creation,BytecodeHandler,0,17470,0x557edb8776c0,1000,TestInstanceOf
code-creation,BytecodeHandler,0,17481,0x557edb877ac0,112,TestIn
code-creation,BytecodeHandler,0,17485,0x557edb877b40,84,ToName
code-creation,BytecodeHandler,0,17495,0x557edb877bc0,160,ToNumber
code-creation,BytecodeHandler,0,17499,0x557edb877c80,184,ToNumeric
code-creation,BytecodeHandler,0,17512,0x557edb877d40,104,ToObject
code-creation,BytecodeHandler,0,17516,0x557edb877dc0,112,ToString
code-creation,BytecodeHandler,0,17527,0x557edb877e40,112,ToBoolean
code-creation,BytecodeHandler,0,17532,0x557edb877ec0,412,CreateRegExpLiteral
code-creation,BytecodeHandler,0,17542,0x557edb878080,1848,CreateArrayLiteral
code-creation,BytecodeHandler,0,17547,0x557edb8787c0,84,CreateArrayFromIterable
code-creation,BytecodeHandler,0,17557,0x557edb878840,724,CreateEmptyArrayLiteral
code-creation,BytecodeHandler,0,17561,0x557edb878b40,2880,CreateObjectLiteral
code-creation,BytecodeHandler,0,17572,0x557edb8796c0,348,CreateEmptyObjectLiteral
code-creation,BytecodeHandler,0,17577,0x557edb879840,132,CloneObject
code-creation,BytecodeHandler,0,17588,0x557edb879900,176,GetTemplateObject
code-creation,BytecodeHandler,0,17592,0x557edb8799c0,324,CreateClosure
code-creation,BytecodeHandler,0,17595,0x557edb879b40,124,CreateBlockContext
code-creation,BytecodeHandler,0,17596,0x557edb879bc0,136,CreateCatchContext
code-creation,BytecodeHandler,0,17598,0x557edb879c80,352,CreateFunctionContext
code-creation,BytecodeHandler,0,17600,0x557edb879e00,800,CreateFunctionContextWithCells
code-creation,BytecodeHandler,0,17603,0x557edb87a140,352,CreateEvalContext
code-creation,BytecodeHandler,0,17613,0x557edb87a2c0,136,CreateWithContext
code-creation,BytecodeHandler,0,17617,0x557edb87a380,1708,CreateMappedArguments
code-creation,BytecodeHandler,0,17629,0x557edb87aa40,576,CreateUnmappedArguments
code-creation,BytecodeHandler,0,17633,0x557edb87acc0,628,CreateRestParameter
code-creation,BytecodeHandler,0,17644,0x557edb87af40,1756,JumpLoop
code-creation,BytecodeHandler,0,17648,0x557edb87b640,24,Jump
code-creation,BytecodeHandler,0,17658,0x557edb87b680,44,JumpConstant
code-creation,BytecodeHandler,0,17663,0x557edb87b6c0,68,JumpIfNullConstant
code-creation,BytecodeHandler,0,17673,0x557edb87b740,68,JumpIfNotNullConstant
code-creation,BytecodeHandler,0,17678,0x557edb87b7c0,68,JumpIfUndefinedConstant
code-creation,BytecodeHandler,0,17689,0x557edb87b840,68,JumpIfNotUndefinedConstant
code-creation,BytecodeHandler,0,17693,0x557edb87b8c0,72,JumpIfUndefinedOrNullConstant
code-creation,BytecodeHandler,0,17704,0x557edb87b940,68,JumpIfTrueConstant
code-creation,BytecodeHandler,0,17708,0x557edb87b9c0,68,JumpIfFalseConstant
code-creation,BytecodeHandler,0,17711,0x557edb87ba40,84,JumpIfJSReceiverConstant
code-creation,BytecodeHandler,0,17721,0x557edb87bac0,88,JumpIfForInDoneConstant
code-creation,BytecodeHandler,0,17725,0x557edb87bb40,140,JumpIfToBooleanTrueConstant
code-creation,BytecodeHandler,0,17729,0x557edb87bc00,140,JumpIfToBooleanFalseConstant
code-creation,BytecodeHandler,0,17731,0x557edb87bcc0,120,JumpIfToBooleanTrue
code-creation,BytecodeHandler,0,17733,0x557edb87bd40,120,JumpIfToBooleanFalse
code-creation,BytecodeHandler,0,17735,0x557edb87bdc0,48,JumpIfTrue
code-creation,BytecodeHandler,0,17737,0x557edb87be00,48,JumpIfFalse
code-creation,BytecodeHandler,0,17738,0x557edb87be40,48,JumpIfNull
code-creation,BytecodeHandler,0,17740,0x557edb87be80,48,JumpIfNotNull
code-creation,BytecodeHandler,0,17741,0x557edb87bec0,48,JumpIfUndefined
code-creation,BytecodeHandler,0,17743,0x557edb87bf00,48,JumpIfNotUndefined
code-creation,BytecodeHandler,0,17744,0x557edb87bf40,52,JumpIfUndefinedOrNull
code-creation,BytecodeHandler,0,17746,0x557edb87bf80,64,JumpIfJSReceiver
code-creation,BytecodeHandler,0,17748,0x557edb87c000,64,JumpIfForInDone
code-creation,BytecodeHandler,0,17749,0x557edb87c080,104,SwitchOnSmiNoFeedback
code-creation,BytecodeHandler,0,17751,0x557edb87c100,484,ForInEnumerate
code-creation,BytecodeHandler,0,17752,0x557edb87c300,224,ForInPrepare
code-creation,BytecodeHandler,0,17754,0x557edb87c400,212,ForInNext
code-creation,BytecodeHandler,0,17756,0x557edb87c500,44,ForInStep
code-creation,BytecodeHandler,0,17758,0x557edb87c540,3104,ForOfNext
code-creation,BytecodeHandler,0,17767,0x557edb87d180,40,SetPendingMessage
code-creation,BytecodeHandler,0,17772,0x557edb87d1c0,88,Throw
code-creation,BytecodeHandler,0,17785,0x557edb87d240,88,ReThrow
code-creation,BytecodeHandler,0,17801,0x557edb87d2c0,16,Return
code-creation,BytecodeHandler,0,17804,0x557edb87d300,176,ThrowReferenceErrorIfTdzHole
code-creation,BytecodeHandler,0,17807,0x557edb87d3c0,112,ThrowSuperNotCalledIfTdzHole
code-creation,BytecodeHandler,0,17811,0x557edb87d440,112,ThrowSuperAlreadyCalledIfNotTdzHole
code-creation,BytecodeHandler,0,17822,0x557edb87d4c0,136,ThrowIfNotSuperConstructor
code-creation,BytecodeHandler,0,17827,0x557edb87d580,128,SwitchOnGeneratorState
code-creation,BytecodeHandler,0,17839,0x557edb87d640,456,SuspendGenerator
code-creation,BytecodeHandler,0,17843,0x557edb87d840,176,ResumeGenerator
code-creation,BytecodeHandler,0,17854,0x557edb87d900,128,GetIterator
code-creation,BytecodeHandler,0,17858,0x557edb87d9c0,104,ArrayDestructure
code-creation,BytecodeHandler,0,17869,0x557edb87da40,96,Debugger
code-creation,BytecodeHandler,0,17874,0x557edb87dac0,112,IncBlockCounter
code-creation,BytecodeHandler,0,17884,0x557edb87db40,48,Abort
code-creation,BytecodeHandler,0,17889,0x557edb87db80,36,Star0
code-creation,BytecodeHandler,0,17899,0x557edb87dbc0,68,Illegal
code-creation,BytecodeHandler,0,17904,0x557edb87dc40,96,DebugBreak1.Wide
code-creation,BytecodeHandler,0,17918,0x557edb87dcc0,96,DebugBreak2.Wide
code-creation,BytecodeHandler,0,17922,0x557edb87dd40,96,DebugBreak3.Wide
code-creation,BytecodeHandler,0,17933,0x557edb87ddc0,96,DebugBreak4.Wide
code-creation,BytecodeHandler,0,17938,0x557edb87de40,96,DebugBreak5.Wide
code-creation,BytecodeHandler,0,17949,0x557edb87dec0,96,DebugBreak6.Wide
code-creation,BytecodeHandler,0,17953,0x557edb87df40,36,Ldar.Wide
code-creation,BytecodeHandler,0,17965,0x557edb87df80,32,LdaSmi.Wide
code-creation,BytecodeHandler,0,17969,0x557edb87dfc0,48,LdaConstant.Wide
code-creation,BytecodeHandler,0,17981,0x557edb87e000,128,LdaContextSlotNoCell.Wide
code-creation,BytecodeHandler,0,17995,0x557edb87e0c0,428,LdaContextSlot.Wide
code-creation,BytecodeHandler,0,18008,0x557edb87e280,128,LdaImmutableContextSlot.Wide
code-creation,BytecodeHandler,0,18013,0x557edb87e340,56,LdaCurrentContextSlotNoCell.Wide
code-creation,BytecodeHandler,0,18024,0x557edb87e380,356,LdaCurrentContextSlot.Wide
code-creation,BytecodeHandler,0,18029,0x557edb87e500,56,LdaImmutableCurrentContextSlot.Wide
code-creation,BytecodeHandler,0,18042,0x557edb87e540,36,Star.Wide
code-creation,BytecodeHandler,0,18056,0x557edb87e580,44,Mov.Wide
code-creation,BytecodeHandler,0,18060,0x557edb87e5c0,44,PushContext.Wide
code-creation,BytecodeHandler,0,18070,0x557edb87e600,40,PopContext.Wide
code-creation,BytecodeHandler,0,18074,0x557edb87e640,48,TestReferenceEqual.Wide
code-creation,BytecodeHandler,0,18086,0x557edb87e680,4056,LdaGlobal.Wide
code-creation,BytecodeHandler,0,18090,0x557edb87f680,3924,LdaGlobalInsideTypeof.Wide
code-creation,BytecodeHandler,0,18101,0x557edb880600,132,StaGlobal.Wide
code-creation,BytecodeHandler,0,18106,0x557edb8806c0,180,StaContextSlotNoCell.Wide
code-creation,BytecodeHandler,0,18117,0x557edb880780,112,StaCurrentContextSlotNoCell.Wide
code-creation,BytecodeHandler,0,18121,0x557edb880800,2604,StaContextSlot.Wide
code-creation,BytecodeHandler,0,18132,0x557edb881240,2668,StaCurrentContextSlot.Wide
code-creation,BytecodeHandler,0,18136,0x557edb881cc0,128,LdaLookupSlot.Wide
code-creation,BytecodeHandler,0,18147,0x557edb881d80,288,LdaLookupContextSlotNoCell.Wide
code-creation,BytecodeHandler,0,18151,0x557edb881ec0,596,LdaLookupContextSlot.Wide
code-creation,BytecodeHandler,0,18162,0x557edb882140,4300,LdaLookupGlobalSlot.Wide
code-creation,BytecodeHandler,0,18167,0x557edb883240,128,LdaLookupSlotInsideTypeof.Wide
code-creation,BytecodeHandler,0,18178,0x557edb883300,288,LdaLookupContextSlotNoCellInsideTypeof.Wide
code-creation,BytecodeHandler,0,18183,0x557edb883440,596,LdaLookupContextSlotInsideTypeof.Wide
code-creation,BytecodeHandler,0,18194,0x557edb8836c0,4164,LdaLookupGlobalSlotInsideTypeof.Wide
code-creation,BytecodeHandler,0,18209,0x557edb884740,216,StaLookupSlot.Wide
code-creation,BytecodeHandler,0,18213,0x557edb884840,4232,GetNamedProperty.Wide
code-creation,BytecodeHandler,0,18224,0x557edb885900,152,GetNamedPropertyFromSuper.Wide
code-creation,BytecodeHandler,0,18240,0x557edb8859c0,112,GetKeyedProperty.Wide
code-creation,BytecodeHandler,0,18245,0x557edb885a40,140,GetEnumeratedKeyedProperty.Wide
code-creation,BytecodeHandler,0,18256,0x557edb885b00,216,GetPrivateField.Wide
code-creation,BytecodeHandler,0,18260,0x557edb885c00,200,LdaModuleVariable.Wide
code-creation,BytecodeHandler,0,18283,0x557edb885d00,312,StaModuleVariable.Wide
code-creation,BytecodeHandler,0,18287,0x557edb885e40,152,SetNamedProperty.Wide
code-creation,BytecodeHandler,0,18291,0x557edb885f00,152,DefineNamedOwnProperty.Wide
code-creation,BytecodeHandler,0,18302,0x557edb885fc0,132,SetKeyedProperty.Wide
code-creation,BytecodeHandler,0,18307,0x557edb886080,144,DefineKeyedOwnProperty.Wide
code-creation,BytecodeHandler,0,18319,0x557edb886140,132,StaInArrayLiteral.Wide
code-creation,BytecodeHandler,0,18323,0x557edb886200,164,DefineKeyedOwnPropertyInLiteral.Wide
code-creation,BytecodeHandler,0,18334,0x557edb8862c0,184,SetPrototypeProperties.Wide
code-creation,BytecodeHandler,0,18338,0x557edb886380,220,SetPrivateField.Wide
code-creation,BytecodeHandler,0,18349,0x557edb886480,2020,Add.Wide
code-creation,BytecodeHandler,0,18353,0x557edb886c80,1476,Sub.Wide
code-creation,BytecodeHandler,0,18355,0x557edb887280,1664,Mul.Wide
code-creation,BytecodeHandler,0,18367,0x557edb887940,1616,Div.Wide
code-creation,BytecodeHandler,0,18372,0x557edb887fc0,1700,Mod.Wide
code-creation,BytecodeHandler,0,18383,0x557edb888680,932,Exp.Wide
code-creation,BytecodeHandler,0,18386,0x557edb888a40,2088,BitwiseOr.Wide
code-creation,BytecodeHandler,0,18390,0x557edb889280,2088,BitwiseXor.Wide
code-creation,BytecodeHandler,0,18400,0x557edb889ac0,2088,BitwiseAnd.Wide
code-creation,BytecodeHandler,0,18404,0x557edb88a300,1504,ShiftLeft.Wide
code-creation,BytecodeHandler,0,18406,0x557edb88a900,1504,ShiftRight.Wide
code-creation,BytecodeHandler,0,18418,0x557edb88af00,1444,ShiftRightLogical.Wide
code-creation,BytecodeHandler,0,18424,0x557edb88b4c0,3872,Add_StringConstant_Internalize.Wide
code-creation,BytecodeHandler,0,18436,0x557edb88c400,684,AddSmi.Wide
code-creation,BytecodeHandler,0,18440,0x557edb88c6c0,584,SubSmi.Wide
code-creation,BytecodeHandler,0,18442,0x557edb88c940,752,MulSmi.Wide
code-creation,BytecodeHandler,0,18452,0x557edb88cc40,704,DivSmi.Wide
code-creation,BytecodeHandler,0,18455,0x557edb88cf40,684,ModSmi.Wide
code-creation,BytecodeHandler,0,18459,0x557edb88d200,640,ExpSmi.Wide
code-creation,BytecodeHandler,0,18470,0x557edb88d4c0,664,BitwiseOrSmi.Wide
code-creation,BytecodeHandler,0,18474,0x557edb88d780,664,BitwiseXorSmi.Wide
code-creation,BytecodeHandler,0,18484,0x557edb88da40,664,BitwiseAndSmi.Wide
code-creation,BytecodeHandler,0,18488,0x557edb88dd00,808,ShiftLeftSmi.Wide
code-creation,BytecodeHandler,0,18491,0x557edb88e040,668,ShiftRightSmi.Wide
code-creation,BytecodeHandler,0,18502,0x557edb88e300,816,ShiftRightLogicalSmi.Wide
code-creation,BytecodeHandler,0,18507,0x557edb88e640,556,TypeOf.Wide
code-creation,BytecodeHandler,0,18518,0x557edb88e880,108,DeletePropertyStrict.Wide
code-creation,BytecodeHandler,0,18524,0x557edb88e900,108,DeletePropertySloppy.Wide
code-creation,BytecodeHandler,0,18534,0x557edb88e980,44,GetSuperConstructor.Wide
code-creation,BytecodeHandler,0,18539,0x557edb88e9c0,388,FindNonDefaultConstructorOrConstruct.Wide
code-creation,BytecodeHandler,0,18550,0x557edb88eb80,1104,CallAnyReceiver.Wide
code-creation,BytecodeHandler,0,18554,0x557edb88f000,1104,CallProperty.Wide
code-creation,BytecodeHandler,0,18565,0x557edb88f480,920,CallProperty0.Wide
code-creation,BytecodeHandler,0,18569,0x557edb88f840,932,CallProperty1.Wide
code-creation,BytecodeHandler,0,18580,0x557edb88fc00,940,CallProperty2.Wide
code-creation,BytecodeHandler,0,18584,0x557edb88ffc0,972,CallUndefinedReceiver.Wide
code-creation,BytecodeHandler,0,18595,0x557edb8903c0,908,CallUndefinedReceiver0.Wide
code-creation,BytecodeHandler,0,18599,0x557edb890780,932,CallUndefinedReceiver1.Wide
code-creation,BytecodeHandler,0,18610,0x557edb890b40,948,CallUndefinedReceiver2.Wide
code-creation,BytecodeHandler,0,18644,0x557edb890f00,1104,CallWithSpread.Wide
code-creation,BytecodeHandler,0,18648,0x557edb891380,124,CallRuntime.Wide
code-creation,BytecodeHandler,0,18658,0x557edb891400,140,CallRuntimeForPair.Wide
code-creation,BytecodeHandler,0,18662,0x557edb8914c0,88,CallJSRuntime.Wide
code-creation,BytecodeHandler,0,18673,0x557edb891540,1380,InvokeIntrinsic.Wide
code-creation,BytecodeHandler,0,18678,0x557edb891ac0,1120,Construct.Wide
code-creation,BytecodeHandler,0,18689,0x557edb891f40,380,ConstructWithSpread.Wide
code-creation,BytecodeHandler,0,18694,0x557edb8920c0,988,ConstructForwardAllArgs.Wide
code-creation,BytecodeHandler,0,18705,0x557edb8924c0,2168,TestEqual.Wide
code-creation,BytecodeHandler,0,18710,0x557edb892d40,1296,TestEqualStrict.Wide
code-creation,BytecodeHandler,0,18720,0x557edb893280,2056,TestLessThan.Wide
code-creation,BytecodeHandler,0,18725,0x557edb893ac0,2056,TestGreaterThan.Wide
code-creation,BytecodeHandler,0,18736,0x557edb894300,2056,TestLessThanOrEqual.Wide
code-creation,BytecodeHandler,0,18741,0x557edb894b40,2056,TestGreaterThanOrEqual.Wide
code-creation,BytecodeHandler,0,18752,0x557edb895380,1004,TestInstanceOf.Wide
code-creation,BytecodeHandler,0,18757,0x557edb895780,112,TestIn.Wide
code-creation,BytecodeHandler,0,18768,0x557edb895800,164,ToNumber.Wide
code-creation,BytecodeHandler,0,18773,0x557edb8958c0,184,ToNumeric.Wide
code-creation,BytecodeHandler,0,18784,0x557edb895980,108,ToObject.Wide
code-creation,BytecodeHandler,0,18788,0x557edb895a00,412,CreateRegExpLiteral.Wide
code-creation,BytecodeHandler,0,18799,0x557edb895bc0,1736,CreateArrayLiteral.Wide
code-creation,BytecodeHandler,0,18804,0x557edb8962c0,724,CreateEmptyArrayLiteral.Wide
code-creation,BytecodeHandler,0,18815,0x557edb8965c0,2756,CreateObjectLiteral.Wide
code-creation,BytecodeHandler,0,18819,0x557edb8970c0,132,CloneObject.Wide
code-creation,BytecodeHandler,0,18830,0x557edb897180,140,GetTemplateObject.Wide
code-creation,BytecodeHandler,0,18835,0x557edb897240,332,CreateClosure.Wide
code-creation,BytecodeHandler,0,18845,0x557edb8973c0,128,CreateBlockContext.Wide
code-creation,BytecodeHandler,0,18850,0x557edb897480,140,CreateCatchContext.Wide
code-creation,BytecodeHandler,0,18860,0x557edb897540,352,CreateFunctionContext.Wide
code-creation,BytecodeHandler,0,18865,0x557edb8976c0,800,CreateFunctionContextWithCells.Wide
code-creation,BytecodeHandler,0,18876,0x557edb897a00,352,CreateEvalContext.Wide
code-creation,BytecodeHandler,0,18881,0x557edb897b80,140,CreateWithContext.Wide
code-creation,BytecodeHandler,0,18891,0x557edb897c40,1784,JumpLoop.Wide
code-creation,BytecodeHandler,0,18896,0x557edb898340,24,Jump.Wide
code-creation,BytecodeHandler,0,18906,0x557edb898380,44,JumpConstant.Wide
code-creation,BytecodeHandler,0,18911,0x557edb8983c0,68,JumpIfNullConstant.Wide
code-creation,BytecodeHandler,0,18925,0x557edb898440,68,JumpIfNotNullConstant.Wide
code-creation,BytecodeHandler,0,18930,0x557edb8984c0,68,JumpIfUndefinedConstant.Wide
code-creation,BytecodeHandler,0,18941,0x557edb898540,68,JumpIfNotUndefinedConstant.Wide
code-creation,BytecodeHandler,0,18946,0x557edb8985c0,72,JumpIfUndefinedOrNullConstant.Wide
code-creation,BytecodeHandler,0,18956,0x557edb898640,68,JumpIfTrueConstant.Wide
code-creation,BytecodeHandler,0,18961,0x557edb8986c0,68,JumpIfFalseConstant.Wide
code-creation,BytecodeHandler,0,18972,0x557edb898740,84,JumpIfJSReceiverConstant.Wide
code-creation,BytecodeHandler,0,18976,0x557edb8987c0,88,JumpIfForInDoneConstant.Wide
code-creation,BytecodeHandler,0,18987,0x557edb898840,140,JumpIfToBooleanTrueConstant.Wide
code-creation,BytecodeHandler,0,18991,0x557edb898900,140,JumpIfToBooleanFalseConstant.Wide
code-creation,BytecodeHandler,0,19002,0x557edb8989c0,120,JumpIfToBooleanTrue.Wide
code-creation,BytecodeHandler,0,19007,0x557edb898a40,120,JumpIfToBooleanFalse.Wide
code-creation,BytecodeHandler,0,19017,0x557edb898ac0,48,JumpIfTrue.Wide
code-creation,BytecodeHandler,0,19022,0x557edb898b00,48,JumpIfFalse.Wide
code-creation,BytecodeHandler,0,19032,0x557edb898b40,48,JumpIfNull.Wide
code-creation,BytecodeHandler,0,19037,0x557edb898b80,48,JumpIfNotNull.Wide
code-creation,BytecodeHandler,0,19053,0x557edb898bc0,48,JumpIfUndefined.Wide
code-creation,BytecodeHandler,0,19059,0x557edb898c00,48,JumpIfNotUndefined.Wide
code-creation,BytecodeHandler,0,19069,0x557edb898c40,52,JumpIfUndefinedOrNull.Wide
code-creation,BytecodeHandler,0,19073,0x557edb898c80,64,JumpIfJSReceiver.Wide
code-creation,BytecodeHandler,0,19084,0x557edb898d00,64,JumpIfForInDone.Wide
code-creation,BytecodeHandler,0,19089,0x557edb898d80,104,SwitchOnSmiNoFeedback.Wide
code-creation,BytecodeHandler,0,19099,0x557edb898e00,488,ForInEnumerate.Wide
code-creation,BytecodeHandler,0,19104,0x557edb899000,224,ForInPrepare.Wide
code-creation,BytecodeHandler,0,19114,0x557edb899100,212,ForInNext.Wide
code-creation,BytecodeHandler,0,19120,0x557edb899200,44,ForInStep.Wide
code-creation,BytecodeHandler,0,19130,0x557edb899240,3112,ForOfNext.Wide
code-creation,BytecodeHandler,0,19135,0x557edb899e80,144,ThrowReferenceErrorIfTdzHole.Wide
code-creation,BytecodeHandler,0,19147,0x557edb899f40,140,ThrowIfNotSuperConstructor.Wide
code-creation,BytecodeHandler,0,19152,0x557edb89a000,128,SwitchOnGeneratorState.Wide
code-creation,BytecodeHandler,0,19162,0x557edb89a0c0,460,SuspendGenerator.Wide
code-creation,BytecodeHandler,0,19167,0x557edb89a2c0,176,ResumeGenerator.Wide
code-creation,BytecodeHandler,0,19179,0x557edb89a380,128,GetIterator.Wide
code-creation,BytecodeHandler,0,19183,0x557edb89a440,108,ArrayDestructure.Wide
code-creation,BytecodeHandler,0,19194,0x557edb89a4c0,116,IncBlockCounter.Wide
code-creation,BytecodeHandler,0,19198,0x557edb89a540,96,DebugBreak1.ExtraWide
code-creation,BytecodeHandler,0,19209,0x557edb89a5c0,96,DebugBreak2.ExtraWide
code-creation,BytecodeHandler,0,19213,0x557edb89a640,96,DebugBreak3.ExtraWide
code-creation,BytecodeHandler,0,19223,0x557edb89a6c0,96,DebugBreak4.ExtraWide
code-creation,BytecodeHandler,0,19228,0x557edb89a740,96,DebugBreak5.ExtraWide
code-creation,BytecodeHandler,0,19239,0x557edb89a7c0,96,DebugBreak6.ExtraWide
code-creation,BytecodeHandler,0,19244,0x557edb89a840,32,Ldar.ExtraWide
code-creation,BytecodeHandler,0,19254,0x557edb89a880,28,LdaSmi.ExtraWide
code-creation,BytecodeHandler,0,19259,0x557edb89a8c0,44,LdaConstant.ExtraWide
code-creation,BytecodeHandler,0,19282,0x557edb89a900,128,LdaContextSlotNoCell.ExtraWide
code-creation,BytecodeHandler,0,19294,0x557edb89a9c0,428,LdaContextSlot.ExtraWide
code-creation,BytecodeHandler,0,19299,0x557edb89ab80,128,LdaImmutableContextSlot.ExtraWide
code-creation,BytecodeHandler,0,19310,0x557edb89ac40,56,LdaCurrentContextSlotNoCell.ExtraWide
code-creation,BytecodeHandler,0,19324,0x557edb89ac80,356,LdaCurrentContextSlot.ExtraWide
code-creation,BytecodeHandler,0,19328,0x557edb89ae00,56,LdaImmutableCurrentContextSlot.ExtraWide
code-creation,BytecodeHandler,0,19339,0x557edb89ae40,32,Star.ExtraWide
code-creation,BytecodeHandler,0,19344,0x557edb89ae80,44,Mov.ExtraWide
code-creation,BytecodeHandler,0,19354,0x557edb89aec0,40,PushContext.ExtraWide
code-creation,BytecodeHandler,0,19359,0x557edb89af00,36,PopContext.ExtraWide
code-creation,BytecodeHandler,0,19369,0x557edb89af40,48,TestReferenceEqual.ExtraWide
code-creation,BytecodeHandler,0,19374,0x557edb89af80,4036,LdaGlobal.ExtraWide
code-creation,BytecodeHandler,0,19384,0x557edb89bf80,3908,LdaGlobalInsideTypeof.ExtraWide
code-creation,BytecodeHandler,0,19389,0x557edb89cf00,128,StaGlobal.ExtraWide
code-creation,BytecodeHandler,0,19399,0x557edb89cfc0,180,StaContextSlotNoCell.ExtraWide
code-creation,BytecodeHandler,0,19404,0x557edb89d080,108,StaCurrentContextSlotNoCell.ExtraWide
code-creation,BytecodeHandler,0,19416,0x557edb89d100,2604,StaContextSlot.ExtraWide
code-creation,BytecodeHandler,0,19423,0x557edb89db40,2664,StaCurrentContextSlot.ExtraWide
code-creation,BytecodeHandler,0,19433,0x557edb89e5c0,124,LdaLookupSlot.ExtraWide
code-creation,BytecodeHandler,0,19438,0x557edb89e640,288,LdaLookupContextSlotNoCell.ExtraWide
code-creation,BytecodeHandler,0,19449,0x557edb89e780,596,LdaLookupContextSlot.ExtraWide
code-creation,BytecodeHandler,0,19453,0x557edb89ea00,4280,LdaLookupGlobalSlot.ExtraWide
code-creation,BytecodeHandler,0,19468,0x557edb89fac0,124,LdaLookupSlotInsideTypeof.ExtraWide
code-creation,BytecodeHandler,0,19473,0x557edb89fb40,288,LdaLookupContextSlotNoCellInsideTypeof.ExtraWide
code-creation,BytecodeHandler,0,19484,0x557edb89fc80,596,LdaLookupContextSlotInsideTypeof.ExtraWide
code-creation,BytecodeHandler,0,19489,0x557edb89ff00,4148,LdaLookupGlobalSlotInsideTypeof.ExtraWide
code-creation,BytecodeHandler,0,19501,0x557edb8a0f40,216,StaLookupSlot.ExtraWide
code-creation,BytecodeHandler,0,19505,0x557edb8a1040,4212,GetNamedProperty.ExtraWide
code-creation,BytecodeHandler,0,19517,0x557edb8a20c0,148,GetNamedPropertyFromSuper.ExtraWide
code-creation,BytecodeHandler,0,19522,0x557edb8a2180,112,GetKeyedProperty.ExtraWide
code-creation,BytecodeHandler,0,19533,0x557edb8a2200,136,GetEnumeratedKeyedProperty.ExtraWide
code-creation,BytecodeHandler,0,19538,0x557edb8a22c0,212,GetPrivateField.ExtraWide
code-creation,BytecodeHandler,0,19549,0x557edb8a23c0,200,LdaModuleVariable.ExtraWide
code-creation,BytecodeHandler,0,19553,0x557edb8a24c0,312,StaModuleVariable.ExtraWide
code-creation,BytecodeHandler,0,19564,0x557edb8a2600,152,SetNamedProperty.ExtraWide
code-creation,BytecodeHandler,0,19569,0x557edb8a26c0,152,DefineNamedOwnProperty.ExtraWide
code-creation,BytecodeHandler,0,19580,0x557edb8a2780,128,SetKeyedProperty.ExtraWide
code-creation,BytecodeHandler,0,19584,0x557edb8a2840,144,DefineKeyedOwnProperty.ExtraWide
code-creation,BytecodeHandler,0,19595,0x557edb8a2900,128,StaInArrayLiteral.ExtraWide
code-creation,BytecodeHandler,0,19601,0x557edb8a29c0,160,DefineKeyedOwnPropertyInLiteral.ExtraWide
code-creation,BytecodeHandler,0,19604,0x557edb8a2a80,180,SetPrototypeProperties.ExtraWide
code-creation,BytecodeHandler,0,19607,0x557edb8a2b40,220,SetPrivateField.ExtraWide
code-creation,BytecodeHandler,0,19609,0x557edb8a2c40,2020,Add.ExtraWide
code-creation,BytecodeHandler,0,19611,0x557edb8a3440,1472,Sub.ExtraWide
code-creation,BytecodeHandler,0,19612,0x557edb8a3a40,1664,Mul.ExtraWide
code-creation,BytecodeHandler,0,19614,0x557edb8a4100,1616,Div.ExtraWide
code-creation,BytecodeHandler,0,19616,0x557edb8a4780,1700,Mod.ExtraWide
code-creation,BytecodeHandler,0,19626,0x557edb8a4e40,932,Exp.ExtraWide
code-creation,BytecodeHandler,0,19631,0x557edb8a5200,2088,BitwiseOr.ExtraWide
code-creation,BytecodeHandler,0,19642,0x557edb8a5a40,2088,BitwiseXor.ExtraWide
code-creation,BytecodeHandler,0,19646,0x557edb8a6280,2088,BitwiseAnd.ExtraWide
code-creation,BytecodeHandler,0,19657,0x557edb8a6ac0,1504,ShiftLeft.ExtraWide
code-creation,BytecodeHandler,0,19661,0x557edb8a70c0,1504,ShiftRight.ExtraWide
code-creation,BytecodeHandler,0,19672,0x557edb8a76c0,1444,ShiftRightLogical.ExtraWide
code-creation,BytecodeHandler,0,19676,0x557edb8a7c80,3868,Add_StringConstant_Internalize.ExtraWide
code-creation,BytecodeHandler,0,19688,0x557edb8a8bc0,680,AddSmi.ExtraWide
code-creation,BytecodeHandler,0,19692,0x557edb8a8e80,584,SubSmi.ExtraWide
code-creation,BytecodeHandler,0,19702,0x557edb8a9100,752,MulSmi.ExtraWide
code-creation,BytecodeHandler,0,19707,0x557edb8a9400,704,DivSmi.ExtraWide
code-creation,BytecodeHandler,0,19717,0x557edb8a9700,684,ModSmi.ExtraWide
code-creation,BytecodeHandler,0,19722,0x557edb8a99c0,640,ExpSmi.ExtraWide
code-creation,BytecodeHandler,0,19732,0x557edb8a9c80,664,BitwiseOrSmi.ExtraWide
code-creation,BytecodeHandler,0,19737,0x557edb8a9f40,664,BitwiseXorSmi.ExtraWide
code-creation,BytecodeHandler,0,19749,0x557edb8aa200,664,BitwiseAndSmi.ExtraWide
code-creation,BytecodeHandler,0,19762,0x557edb8aa4c0,808,ShiftLeftSmi.ExtraWide
code-creation,BytecodeHandler,0,19766,0x557edb8aa800,668,ShiftRightSmi.ExtraWide
code-creation,BytecodeHandler,0,19777,0x557edb8aaac0,816,ShiftRightLogicalSmi.ExtraWide
code-creation,BytecodeHandler,0,19790,0x557edb8aae00,556,TypeOf.ExtraWide
code-creation,BytecodeHandler,0,19795,0x557edb8ab040,108,DeletePropertyStrict.ExtraWide
code-creation,BytecodeHandler,0,19805,0x557edb8ab0c0,104,DeletePropertySloppy.ExtraWide
code-creation,BytecodeHandler,0,19810,0x557edb8ab140,44,GetSuperConstructor.ExtraWide
code-creation,BytecodeHandler,0,19821,0x557edb8ab180,384,FindNonDefaultConstructorOrConstruct.ExtraWide
code-creation,BytecodeHandler,0,19837,0x557edb8ab340,1100,CallAnyReceiver.ExtraWide
code-creation,BytecodeHandler,0,19841,0x557edb8ab7c0,1100,CallProperty.ExtraWide
code-creation,BytecodeHandler,0,19852,0x557edb8abc40,916,CallProperty0.ExtraWide
code-creation,BytecodeHandler,0,19856,0x557edb8ac000,928,CallProperty1.ExtraWide
code-creation,BytecodeHandler,0,19867,0x557edb8ac3c0,940,CallProperty2.ExtraWide
code-creation,BytecodeHandler,0,19871,0x557edb8ac780,908,CallUndefinedReceiver.ExtraWide
code-creation,BytecodeHandler,0,19882,0x557edb8acb40,908,CallUndefinedReceiver0.ExtraWide
code-creation,BytecodeHandler,0,19887,0x557edb8acf00,932,CallUndefinedReceiver1.ExtraWide
code-creation,BytecodeHandler,0,19898,0x557edb8ad2c0,944,CallUndefinedReceiver2.ExtraWide
code-creation,BytecodeHandler,0,19902,0x557edb8ad680,1100,CallWithSpread.ExtraWide
code-creation,BytecodeHandler,0,19916,0x557edb8adb00,124,CallRuntime.ExtraWide
code-creation,BytecodeHandler,0,19921,0x557edb8adb80,136,CallRuntimeForPair.ExtraWide
code-creation,BytecodeHandler,0,19932,0x557edb8adc40,88,CallJSRuntime.ExtraWide
code-creation,BytecodeHandler,0,19937,0x557edb8adcc0,1380,InvokeIntrinsic.ExtraWide
code-creation,BytecodeHandler,0,19948,0x557edb8ae240,1120,Construct.ExtraWide
code-creation,BytecodeHandler,0,19953,0x557edb8ae6c0,376,ConstructWithSpread.ExtraWide
code-creation,BytecodeHandler,0,19964,0x557edb8ae840,988,ConstructForwardAllArgs.ExtraWide
code-creation,BytecodeHandler,0,19968,0x557edb8aec40,2168,TestEqual.ExtraWide
code-creation,BytecodeHandler,0,19979,0x557edb8af4c0,1292,TestEqualStrict.ExtraWide
code-creation,BytecodeHandler,0,19983,0x557edb8afa00,2056,TestLessThan.ExtraWide
code-creation,BytecodeHandler,0,19994,0x557edb8b0240,2056,TestGreaterThan.ExtraWide
code-creation,BytecodeHandler,0,19998,0x557edb8b0a80,2056,TestLessThanOrEqual.ExtraWide
code-creation,BytecodeHandler,0,20009,0x557edb8b12c0,2056,TestGreaterThanOrEqual.ExtraWide
code-creation,BytecodeHandler,0,20014,0x557edb8b1b00,1004,TestInstanceOf.ExtraWide
code-creation,BytecodeHandler,0,20025,0x557edb8b1f00,112,TestIn.ExtraWide
code-creation,BytecodeHandler,0,20029,0x557edb8b1f80,160,ToNumber.ExtraWide
code-creation,BytecodeHandler,0,20039,0x557edb8b2040,184,ToNumeric.ExtraWide
code-creation,BytecodeHandler,0,20044,0x557edb8b2100,104,ToObject.ExtraWide
code-creation,BytecodeHandler,0,20054,0x557edb8b2180,412,CreateRegExpLiteral.ExtraWide
code-creation,BytecodeHandler,0,20060,0x557edb8b2340,1736,CreateArrayLiteral.ExtraWide
code-creation,BytecodeHandler,0,20071,0x557edb8b2a40,724,CreateEmptyArrayLiteral.ExtraWide
code-creation,BytecodeHandler,0,20076,0x557edb8b2d40,2756,CreateObjectLiteral.ExtraWide
code-creation,BytecodeHandler,0,20079,0x557edb8b3840,132,CloneObject.ExtraWide
code-creation,BytecodeHandler,0,20081,0x557edb8b3900,140,GetTemplateObject.ExtraWide
code-creation,BytecodeHandler,0,20083,0x557edb8b39c0,332,CreateClosure.ExtraWide
code-creation,BytecodeHandler,0,20085,0x557edb8b3b40,124,CreateBlockContext.ExtraWide
code-creation,BytecodeHandler,0,20087,0x557edb8b3bc0,136,CreateCatchContext.ExtraWide
code-creation,BytecodeHandler,0,20089,0x557edb8b3c80,352,CreateFunctionContext.ExtraWide
code-creation,BytecodeHandler,0,20091,0x557edb8b3e00,800,CreateFunctionContextWithCells.ExtraWide
code-creation,BytecodeHandler,0,20094,0x557edb8b4140,352,CreateEvalContext.ExtraWide
code-creation,BytecodeHandler,0,20096,0x557edb8b42c0,136,CreateWithContext.ExtraWide
code-creation,BytecodeHandler,0,20098,0x557edb8b4380,1776,JumpLoop.ExtraWide
code-creation,BytecodeHandler,0,20100,0x557edb8b4a80,20,Jump.ExtraWide
code-creation,BytecodeHandler,0,20101,0x557edb8b4ac0,44,JumpConstant.ExtraWide
code-creation,BytecodeHandler,0,20103,0x557edb8b4b00,68,JumpIfNullConstant.ExtraWide
code-creation,BytecodeHandler,0,20105,0x557edb8b4b80,68,JumpIfNotNullConstant.ExtraWide
code-creation,BytecodeHandler,0,20107,0x557edb8b4c00,68,JumpIfUndefinedConstant.ExtraWide
code-creation,BytecodeHandler,0,20109,0x557edb8b4c80,68,JumpIfNotUndefinedConstant.ExtraWide
code-creation,BytecodeHandler,0,20114,0x557edb8b4d00,72,JumpIfUndefinedOrNullConstant.ExtraWide
code-creation,BytecodeHandler,0,20117,0x557edb8b4d80,68,JumpIfTrueConstant.ExtraWide
code-creation,BytecodeHandler,0,20119,0x557edb8b4e00,68,JumpIfFalseConstant.ExtraWide
code-creation,BytecodeHandler,0,20121,0x557edb8b4e80,84,JumpIfJSReceiverConstant.ExtraWide
code-creation,BytecodeHandler,0,20123,0x557edb8b4f00,84,JumpIfForInDoneConstant.ExtraWide
code-creation,BytecodeHandler,0,20125,0x557edb8b4f80,140,JumpIfToBooleanTrueConstant.ExtraWide
code-creation,BytecodeHandler,0,20128,0x557edb8b5040,140,JumpIfToBooleanFalseConstant.ExtraWide
code-creation,BytecodeHandler,0,20130,0x557edb8b5100,120,JumpIfToBooleanTrue.ExtraWide
code-creation,BytecodeHandler,0,20132,0x557edb8b5180,120,JumpIfToBooleanFalse.ExtraWide
code-creation,BytecodeHandler,0,20134,0x557edb8b5200,44,JumpIfTrue.ExtraWide
code-creation,BytecodeHandler,0,20136,0x557edb8b5240,44,JumpIfFalse.ExtraWide
code-creation,BytecodeHandler,0,20137,0x557edb8b5280,44,JumpIfNull.ExtraWide
code-creation,BytecodeHandler,0,20139,0x557edb8b52c0,44,JumpIfNotNull.ExtraWide
code-creation,BytecodeHandler,0,20141,0x557edb8b5300,44,JumpIfUndefined.ExtraWide
code-creation,BytecodeHandler,0,20143,0x557edb8b5340,44,JumpIfNotUndefined.ExtraWide
code-creation,BytecodeHandler,0,20145,0x557edb8b5380,52,JumpIfUndefinedOrNull.ExtraWide
code-creation,BytecodeHandler,0,20147,0x557edb8b53c0,60,JumpIfJSReceiver.ExtraWide
code-creation,BytecodeHandler,0,20149,0x557edb8b5400,64,JumpIfForInDone.ExtraWide
code-creation,BytecodeHandler,0,20151,0x557edb8b5480,100,SwitchOnSmiNoFeedback.ExtraWide
code-creation,BytecodeHandler,0,20154,0x557edb8b5500,488,ForInEnumerate.ExtraWide
code-creation,BytecodeHandler,0,20164,0x557edb8b5700,220,ForInPrepare.ExtraWide
code-creation,BytecodeHandler,0,20169,0x557edb8b5800,208,ForInNext.ExtraWide
code-creation,BytecodeHandler,0,20180,0x557edb8b5900,44,ForInStep.ExtraWide
code-creation,BytecodeHandler,0,20209,0x557edb8b5940,3112,ForOfNext.ExtraWide
code-creation,BytecodeHandler,0,20214,0x557edb8b6580,144,ThrowReferenceErrorIfTdzHole.ExtraWide
code-creation,BytecodeHandler,0,20225,0x557edb8b6640,136,ThrowIfNotSuperConstructor.ExtraWide
code-creation,BytecodeHandler,0,20230,0x557edb8b6700,124,SwitchOnGeneratorState.ExtraWide
code-creation,BytecodeHandler,0,20241,0x557edb8b6780,460,SuspendGenerator.ExtraWide
code-creation,BytecodeHandler,0,20245,0x557edb8b6980,176,ResumeGenerator.ExtraWide
code-creation,BytecodeHandler,0,20255,0x557edb8b6a40,128,GetIterator.ExtraWide
code-creation,BytecodeHandler,0,20261,0x557edb8b6b00,104,ArrayDestructure.ExtraWide
code-creation,BytecodeHandler,0,20284,0x557edb8b6b80,112,IncBlockCounter.ExtraWide
new,MemoryChunk,0x365b01040000,262144
code-creation,Script,10,21694,0x2d2f010000dc,105, ic.js:1:1,0x365b0101df6c,~
script-source,3,ic.js,var g = 0;\nfunction doOuter(o) { g = g + o.x; return g; }\nfor (let i = 0; i < 100; i++) doOuter({ x: i });\ndoOuter({ y: 1\x2C x: 2 });\nconst arr = [1\x2C 2\x2C 3]; arr.push(1.5); arr.push('s');\n
code-source-info,0x2d2f010000dc,3,0,185,C6O0C11O8C12O8C15O71C17O76C19O76C24O88C35O101C39O88C43O84C48O58C52O107C61O107C65O144C69O144C71O155C74O159C82O159C87O170C90O174C98O174C104O185,,
StoreGlobalIC,0x2d2f010000e8,21807,1,9,X,X,0x000000000000,g,,
LoadGlobalIC,0x2d2f010000f4,21833,3,31,X,X,0x365b0101d555,doOuter,,
StoreIC,0x2d2f010000ff,21864,3,44,X,X,0x000000000000,x,,
code-creation,JS,10,21907,0x2d2f010001bc,18,doOuter ic.js:2:17,0x365b0101dfd8,~
code-source-info,0x2d2f010001bc,3,27,57,C0O33C4O43C8O39C11O35C14O46C17O55,,
LoadGlobalIC,0x2d2f010001bc,21936,2,23,X,X,0x365b0101d555,g,,
StoreGlobalIC,0x2d2f010001c7,21952,2,25,X,X,0x000000000000,g,,
LoadGlobalIC,0x2d2f010001ca,21966,2,36,X,X,0x365b0101d555,g,,
LoadGlobalIC,0x2d2f010000f4,21972,3,31,X,X,0x365b0101d555,doOuter,,
StoreIC,0x2d2f010000ff,21985,3,44,X,X,0x000000000000,x,,
LoadGlobalIC,0x2d2f010001bc,21998,2,23,X,X,0x365b0101d555,g,,
StoreGlobalIC,0x2d2f010001c7,22012,2,25,X,X,0x000000000000,g,,
LoadGlobalIC,0x2d2f010001ca,22016,2,36,X,X,0x365b0101d555,g,,
LoadGlobalIC,0x2d2f010000f4,22036,3,31,X,X,0x365b0101d555,doOuter,,
StoreIC,0x2d2f010000ff,22051,3,44,X,X,0x000000000000,x,,
LoadGlobalIC,0x2d2f010001bc,22065,2,23,X,X,0x365b0101d555,g,,
StoreGlobalIC,0x2d2f010001c7,22083,2,25,X,X,0x000000000000,g,,
LoadGlobalIC,0x2d2f010001ca,22097,2,36,X,X,0x365b0101d555,g,,
LoadGlobalIC,0x2d2f010000f4,22111,3,31,X,X,0x365b0101d555,doOuter,,
StoreIC,0x2d2f010000ff,22124,3,44,X,X,0x000000000000,x,,
LoadGlobalIC,0x2d2f010001bc,22138,2,23,X,X,0x365b0101d555,g,,
StoreGlobalIC,0x2d2f010001c7,22151,2,25,X,X,0x000000000000,g,,
LoadGlobalIC,0x2d2f010001ca,22165,2,36,X,X,0x365b0101d555,g,,
LoadGlobalIC,0x2d2f010000f4,22178,3,31,X,X,0x365b0101d555,doOuter,,
StoreIC,0x2d2f010000ff,22192,3,44,X,X,0x000000000000,x,,
LoadGlobalIC,0x2d2f010001bc,22205,2,23,X,X,0x365b0101d555,g,,
StoreGlobalIC,0x2d2f010001c7,22219,2,25,X,X,0x000000000000,g,,
LoadGlobalIC,0x2d2f010001ca,22223,2,36,X,X,0x365b0101d555,g,,
LoadGlobalIC,0x2d2f010000f4,22236,3,31,X,X,0x365b0101d555,doOuter,,
StoreIC,0x2d2f010000ff,22249,3,44,X,X,0x000000000000,x,,
LoadGlobalIC,0x2d2f010001bc,22282,2,23,X,X,0x365b0101d555,g,,
StoreGlobalIC,0x2d2f010001c7,22296,2,25,X,X,0x000000000000,g,,
LoadGlobalIC,0x2d2f010001ca,22301,2,36,X,X,0x365b0101d555,g,,
LoadGlobalIC,0x2d2f010000f4,22313,3,31,X,X,0x365b0101d555,doOuter,,
StoreIC,0x2d2f010000ff,22329,3,44,X,X,0x000000000000,x,,
LoadGlobalIC,0x2d2f010001bc,22335,2,23,X,X,0x365b0101d555,g,,
StoreGlobalIC,0x2d2f010001c7,22348,2,25,X,X,0x000000000000,g,,
LoadGlobalIC,0x2d2f010001ca,22353,2,36,X,X,0x365b0101d555,g,,
LoadGlobalIC,0x2d2f010000f4,22365,3,31,X,X,0x365b0101d555,doOuter,,
StoreIC,0x2d2f010000ff,22379,3,44,X,X,0x000000000000,x,,
LoadGlobalIC,0x2d2f010001bc,22385,2,23,X,X,0x365b0101d555,g,,
StoreGlobalIC,0x2d2f010001c7,22397,2,25,X,X,0x000000000000,g,,
LoadGlobalIC,0x2d2f010001ca,22402,2,36,X,X,0x365b0101d555,g,,
LoadGlobalIC,0x2d2f010000f4,22415,3,31,X,X,0x365b0101d555,doOuter,,
StoreIC,0x2d2f010000ff,22421,3,44,X,X,0x000000000000,x,,
LoadGlobalIC,0x2d2f010001bc,22438,2,23,X,X,0x365b0101d555,g,,
StoreGlobalIC,0x2d2f010001c7,22452,2,25,X,X,0x000000000000,g,,
LoadGlobalIC,0x2d2f010001ca,22456,2,36,X,X,0x365b0101d555,g,,
LoadGlobalIC,0x2d2f010000f4,22469,3,31,X,X,0x365b0101d555,doOuter,,
StoreIC,0x2d2f010000ff,22483,3,44,X,X,0x000000000000,x,,
LoadGlobalIC,0x2d2f010001bc,22501,2,23,0,1,0x365b0101d555,g,,
LoadIC,0x2d2f010001c0,22523,2,33,0,1,0x365b0101e1a9,x,,
StoreGlobalIC,0x2d2f010001c7,22538,2,25,0,1,0x365b0101d555,g,,
LoadGlobalIC,0x2d2f010000f4,22552,3,31,X,X,0x365b0101d555,doOuter,,
StoreIC,0x2d2f010000ff,22557,3,44,X,X,0x000000000000,x,,
LoadGlobalIC,0x2d2f010000f4,22570,3,31,X,X,0x365b0101d555,doOuter,,
StoreIC,0x2d2f010000ff,22584,3,44,X,X,0x000000000000,x,,
LoadGlobalIC,0x2d2f010000f4,22599,3,31,X,X,0x365b0101d555,doOuter,,
StoreIC,0x2d2f010000ff,22613,3,44,X,X,0x000000000000,x,,
LoadGlobalIC,0x2d2f010000f4,22648,3,31,X,X,0x365b0101d555,doOuter,,
StoreIC,0x2d2f010000ff,22665,3,44,X,X,0x000000000000,x,,
LoadGlobalIC,0x2d2f010000f4,22678,3,31,X,X,0x365b0101d555,doOuter,,
StoreIC,0x2d2f010000ff,22692,3,44,X,X,0x000000000000,x,,
LoadGlobalIC,0x2d2f010000f4,22707,3,31,X,X,0x365b0101d555,doOuter,,
StoreIC,0x2d2f010000ff,22720,3,44,X,X,0x000000000000,x,,
LoadGlobalIC,0x2d2f010000f4,22735,3,31,X,X,0x365b0101d555,doOuter,,
StoreIC,0x2d2f010000ff,22748,3,44,X,X,0x000000000000,x,,
LoadGlobalIC,0x2d2f010000f4,22762,3,31,X,X,0x365b0101d555,doOuter,,
StoreIC,0x2d2f010000ff,22776,3,44,X,X,0x000000000000,x,,
LoadGlobalIC,0x2d2f010000f4,22789,3,31,X,X,0x365b0101d555,doOuter,,
StoreIC,0x2d2f010000ff,22803,3,44,X,X,0x000000000000,x,,
LoadGlobalIC,0x2d2f010000f4,22816,3,31,X,X,0x365b0101d555,doOuter,,
StoreIC,0x2d2f010000ff,22830,3,44,X,X,0x000000000000,x,,
LoadGlobalIC,0x2d2f010000f4,22844,3,31,X,X,0x365b0101d555,doOuter,,
StoreIC,0x2d2f010000ff,22857,3,44,X,X,0x000000000000,x,,
LoadGlobalIC,0x2d2f010000f4,22871,3,31,X,X,0x365b0101d555,doOuter,,
StoreIC,0x2d2f010000ff,22885,3,44,X,X,0x000000000000,x,,
LoadGlobalIC,0x2d2f010000f4,22911,3,31,X,X,0x365b0101d555,doOuter,,
StoreIC,0x2d2f010000ff,22928,3,44,X,X,0x000000000000,x,,
LoadGlobalIC,0x2d2f010000f4,22947,3,31,0,1,0x365b0101d555,doOuter,,
StoreIC,0x2d2f010000ff,22964,3,44,0,1,0x365b0101e1a9,x,,
LoadIC,0x2d2f010001c0,22992,2,33,1,P,0x365b0101e3b9,x,,
LoadIC,0x2d2f01000126,23013,5,28,0,1,0x365b0100d035,push,,
LoadIC,0x2d2f01000136,23046,5,43,^,1,0x365b0100d6f1,push,,
delete,MemoryChunk,0x15ec00ed8000
delete,MemoryChunk,0x15ec00ebd000
delete,MemoryChunk,0x15ec00eba800
